"商品","他品番","商品名1","商品名2","名カナ","基本サイズパターン","カラー","カラー備考","カラー削除区分","サイズ","サイズ備考","サイズ削除区分","JAN1コード","JAN2コード","副バーコード","SKU","仕入先","発注納期","受注納期","商品区分","名称入力区分","CS管理区分","削除区分","ロットNO管理区分","AEC連携対象フラグ","在庫管理区分","税率区分","原価洗替区分","移動平均計算区分","展開区分","原価単価取得区分","売上時原価引当区分","直送原価取得区分","手配区分","免税区分","商品分類1","商品分類2","商品分類3","商品分類4","商品分類5","商品分類6","商品分類7","商品分類8","商品分類9","商品分類10","商品分類11","商品分類12","商品分類13","商品分類14","商品分類15","商品分類16","商品分類17","商品分類18","商品分類19","商品分類20","単価採用区分","単位","入数","適用開始日","税抜販売単価","税込販売単価","税抜購買単価","税込購買単価","原価単価","税抜上代単価","税込上代単価","税抜参考上代単価","税込参考上代単価","SKU適用開始日","SKU税抜販売単価","SKU税込販売単価","SKU税抜購買単価","SKU税込購買単価","SKU原価単価","SKU税抜上代単価","SKU税込上代単価","SKU税抜参考上代単価","SKU税込参考上代単価","商品英名1","商品英名2","PO単位","数量配賦係数1","数量配賦係数2","金額配賦係数","部位1","素材1","混率1","部位2","素材2","混率2","部位3","素材3","混率3","部位4","素材4","混率4","部位5","素材5","混率5","部位6","素材6","混率6","部位7","素材7","混率7","部位8","素材8","混率8","部位9","素材9","混率9","部位10","素材10","混率10","適正在庫数","発注ロット","リードタイム","備考1","備考2","備考3","備考4","備考5","備考6","備考7","備考8","備考9","備考10","備考11","メモ","通貨コード","通貨名","関税率","ドレー代","ブランド費","ロス費","企画費","外貨単価","総平均単価"
"FA2071F","FA2071","ﾊｯﾋﾟｰﾂﾘｺﾐﾑｼﾞ","","","","11","","0","M","","0","","","","","411","","","0","1","0","0","0","0","0","1","1","0","0","2","0","2","0","0","2","001","2","","2026","000","2026","","122","","","","","","","","","","","","2","","30","20260417","232","","","","1124","290","","","","","","","","","","","","","","","","","","","","","","","","","","","","","","","","","","","","","","","","","","","","","","","","","","","","","","","","","","","","","","","","","","","0.034","42","0.00","0","","6.50",""
"FA2071F","FA2071","ﾊｯﾋﾟｰﾂﾘｺﾐﾑｼﾞ","","","","30","","0","M","","0","","","","","411","","","0","1","0","0","0","0","0","1","1","0","0","2","0","2","0","0","2","001","2","","2026","000","2026","","122","","","","","","","","","","","","2","","30","20260417","232","","","","1124","290","","","","","","","","","","","","","","","","","","","","","","","","","","","","","","","","","","","","","","","","","","","","","","","","","","","","","","","","","","","","","","","","","","","0.034","42","0.00","0","","6.50",""
"FA2071F","FA2071","ﾊｯﾋﾟｰﾂﾘｺﾐﾑｼﾞ","","","","31","","0","M","","0","","","","","411","","","0","1","0","0","0","0","0","1","1","0","0","2","0","2","0","0","2","001","2","","2026","000","2026","","122","","","","","","","","","","","","2","","30","20260417","232","","","","1124","290","","","","","","","","","","","","","","","","","","","","","","","","","","","","","","","","","","","","","","","","","","","","","","","","","","","","","","","","","","","","","","","","","","","0.034","42","0.00","0","","6.50",""
"FA2071F","FA2071","ﾊｯﾋﾟｰﾂﾘｺﾐﾑｼﾞ","","","","80","","0","M","","0","","","","","411","","","0","1","0","0","0","0","0","1","1","0","0","2","0","2","0","0","2","001","2","","2026","000","2026","","122","","","","","","","","","","","","2","","30","20260417","232","","","","1124","290","","","","","","","","","","","","","","","","","","","","","","","","","","","","","","","","","","","","","","","","","","","","","","","","","","","","","","","","","","","","","","","","","","","0.034","42","0.00","0","","6.50",""
"FA2071F","FA2071","ﾊｯﾋﾟｰﾂﾘｺﾐﾑｼﾞ","","","","90","","0","M","","0","","","","","411","","","0","1","0","0","0","0","0","1","1","0","0","2","0","2","0","0","2","001","2","","2026","000","2026","","122","","","","","","","","","","","","2","","30","20260417","232","","","","1124","290","","","","","","","","","","","","","","","","","","","","","","","","","","","","","","","","","","","","","","","","","","","","","","","","","","","","","","","","","","","","","","","","","","","0.034","42","0.00","0","","6.50",""
"FA2072F","FA2072","ﾊｯﾋﾟｰﾂﾘｺﾐﾎｿｽﾄﾗｲﾌﾟ","","","","11","","0","M","","0","","","","","411","","","0","1","0","0","0","0","0","1","1","0","0","2","0","2","0","0","2","001","2","","2026","000","2026","","122","","","","","","","","","","","","2","","30","20260417","232","","","","1124","290","","","","","","","","","","","","","","","","","","","","","","","","","","","","","","","","","","","","","","","","","","","","","","","","","","","","","","","","","","","","","","","","","","","0.034","42","0.00","0","","6.50",""
"FA2072F","FA2072","ﾊｯﾋﾟｰﾂﾘｺﾐﾎｿｽﾄﾗｲﾌﾟ","","","","73","","0","M","","0","","","","","411","","","0","1","0","0","0","0","0","1","1","0","0","2","0","2","0","0","2","001","2","","2026","000","2026","","122","","","","","","","","","","","","2","","30","20260417","232","","","","1124","290","","","","","","","","","","","","","","","","","","","","","","","","","","","","","","","","","","","","","","","","","","","","","","","","","","","","","","","","","","","","","","","","","","","0.034","42","0.00","0","","6.50",""
"FA2073F","FA2073","ﾊｯﾋﾟｰﾂﾘｺﾐﾌﾄｽﾄﾗｲﾌﾟ","","","","32","","0","M","","0","","","","","411","","","0","1","0","0","0","0","0","1","1","0","0","2","0","2","0","0","2","001","2","","2026","000","2026","","122","","","","","","","","","","","","2","","30","20260417","232","","","","1124","290","","","","","","","","","","","","","","","","","","","","","","","","","","","","","","","","","","","","","","","","","","","","","","","","","","","","","","","","","","","","","","","","","","","0.034","42","0.00","0","","6.50",""
"FA2073F","FA2073","ﾊｯﾋﾟｰﾂﾘｺﾐﾌﾄｽﾄﾗｲﾌﾟ","","","","90","","0","M","","0","","","","","411","","","0","1","0","0","0","0","0","1","1","0","0","2","0","2","0","0","2","001","2","","2026","000","2026","","122","","","","","","","","","","","","2","","30","20260417","232","","","","1124","290","","","","","","","","","","","","","","","","","","","","","","","","","","","","","","","","","","","","","","","","","","","","","","","","","","","","","","","","","","","","","","","","","","","0.034","42","0.00","0","","6.50",""
"FA2074F","FA2074","ﾊｯﾋﾟｰﾂﾘｺﾐﾎｿｽﾄﾗｲﾌﾟ","","","","80","","0","M","","0","","","","","411","","","0","1","0","0","0","0","0","1","1","0","0","2","0","2","0","0","2","001","2","","2026","000","2026","","130","","","","","","","","","","","","2","","30","20260417","232","","","","0","290","","","","","","","","","","","","","","","","","","","","","","","","","","","","","","","","","","","","","","","","","","","","","","","","","","","","","","","","","","","","","","","","","","","0.034","42","0.00","0","","0.00",""
"FA2074F","FA2074","ﾊｯﾋﾟｰﾂﾘｺﾐﾎｿｽﾄﾗｲﾌﾟ","","","","90","","0","M","","0","","","","","411","","","0","1","0","0","0","0","0","1","1","0","0","2","0","2","0","0","2","001","2","","2026","000","2026","","130","","","","","","","","","","","","2","","30","20260417","232","","","","0","290","","","","","","","","","","","","","","","","","","","","","","","","","","","","","","","","","","","","","","","","","","","","","","","","","","","","","","","","","","","","","","","","","","","0.034","42","0.00","0","","0.00",""
"FA2075F","FA2075","ﾊｯﾋﾟｰﾂﾘｺﾐチェック","","","","10","","0","M","","0","","","","","411","","","0","1","0","0","0","0","0","1","1","0","0","2","0","2","0","0","2","001","2","","2026","000","2026","","130","","","","","","","","","","","","2","","30","20260417","232","","","","0","290","","","","","","","","","","","","","","","","","","","","","","","","","","","","","","","","","","","","","","","","","","","","","","","","","","","","","","","","","","","","","","","","","","","0.034","42","0.00","0","","0.00",""
"FA2075F","FA2075","ﾊｯﾋﾟｰﾂﾘｺﾐチェック","","","","30","","0","M","","0","","","","","411","","","0","1","0","0","0","0","0","1","1","0","0","2","0","2","0","0","2","001","2","","2026","000","2026","","130","","","","","","","","","","","","2","","30","20260417","232","","","","0","290","","","","","","","","","","","","","","","","","","","","","","","","","","","","","","","","","","","","","","","","","","","","","","","","","","","","","","","","","","","","","","","","","","","0.034","42","0.00","0","","0.00",""
"FA2076F","FA2076","ﾊｯﾋﾟｰﾂﾘｺﾐﾑｼﾞ","","","","30","","0","M","","0","","","","","411","","","0","1","0","0","0","0","0","1","1","0","0","2","0","2","0","0","2","001","2","","2026","000","2026","","130","","","","","","","","","","","","2","","30","20260417","232","","","","0","290","","","","","","","","","","","","","","","","","","","","","","","","","","","","","","","","","","","","","","","","","","","","","","","","","","","","","","","","","","","","","","","","","","","0.034","42","0.00","0","","0.00",""
"FA2076F","FA2076","ﾊｯﾋﾟｰﾂﾘｺﾐﾑｼﾞ","","","","40","","0","M","","0","","","","","411","","","0","1","0","0","0","0","0","1","1","0","0","2","0","2","0","0","2","001","2","","2026","000","2026","","130","","","","","","","","","","","","2","","30","20260417","232","","","","0","290","","","","","","","","","","","","","","","","","","","","","","","","","","","","","","","","","","","","","","","","","","","","","","","","","","","","","","","","","","","","","","","","","","","0.034","42","0.00","0","","0.00",""
"FA2076F","FA2076","ﾊｯﾋﾟｰﾂﾘｺﾐﾑｼﾞ","","","","50","","0","M","","0","","","","","411","","","0","1","0","0","0","0","0","1","1","0","0","2","0","2","0","0","2","001","2","","2026","000","2026","","130","","","","","","","","","","","","2","","30","20260417","232","","","","0","290","","","","","","","","","","","","","","","","","","","","","","","","","","","","","","","","","","","","","","","","","","","","","","","","","","","","","","","","","","","","","","","","","","","0.034","42","0.00","0","","0.00",""
"FA2076F","FA2076","ﾊｯﾋﾟｰﾂﾘｺﾐﾑｼﾞ","","","","80","","0","M","","0","","","","","411","","","0","1","0","0","0","0","0","1","1","0","0","2","0","2","0","0","2","001","2","","2026","000","2026","","130","","","","","","","","","","","","2","","30","20260417","232","","","","0","290","","","","","","","","","","","","","","","","","","","","","","","","","","","","","","","","","","","","","","","","","","","","","","","","","","","","","","","","","","","","","","","","","","","0.034","42","0.00","0","","0.00",""
"FA2077V","FA2077","ﾊｯﾋﾟｰﾂﾘｺﾐﾀｰﾀﾝﾁｪｯｸ","","","","20","","0","M","","0","","","","","437","","","0","1","0","0","0","0","0","1","1","0","0","2","0","2","0","0","2","001","2","","2026","000","2026","","122","","","","","","","","","","","","2","","30","20260417","232","","","","0","290","","","","","","","","","","","","","","","","","","","","","","","","","","","","","","","","","","","","","","","","","","","","","","","","","","","","","","","","","","","","","","","","","","","0.034","42","0.00","0","","0.00",""
"FA2077V","FA2077","ﾊｯﾋﾟｰﾂﾘｺﾐﾀｰﾀﾝﾁｪｯｸ","","","","30","","0","M","","0","","","","","437","","","0","1","0","0","0","0","0","1","1","0","0","2","0","2","0","0","2","001","2","","2026","000","2026","","122","","","","","","","","","","","","2","","30","20260417","232","","","","0","290","","","","","","","","","","","","","","","","","","","","","","","","","","","","","","","","","","","","","","","","","","","","","","","","","","","","","","","","","","","","","","","","","","","0.034","42","0.00","0","","0.00",""
"FA2078V","FA2078","ﾊｯﾋﾟｰﾂﾘｺﾐｷﾞﾝｶﾞﾑﾁｪｯｸ","","","","10","","0","M","","0","","","","","437","","","0","1","0","0","0","0","0","1","1","0","0","2","0","2","0","0","2","001","2","","2026","000","2026","","122","","","","","","","","","","","","2","","30","20260417","232","","","","0","290","","","","","","","","","","","","","","","","","","","","","","","","","","","","","","","","","","","","","","","","","","","","","","","","","","","","","","","","","","","","","","","","","","","0.034","42","0.00","0","","0.00",""
"FA2078V","FA2078","ﾊｯﾋﾟｰﾂﾘｺﾐｷﾞﾝｶﾞﾑﾁｪｯｸ","","","","40","","0","M","","0","","","","","437","","","0","1","0","0","0","0","0","1","1","0","0","2","0","2","0","0","2","001","2","","2026","000","2026","","122","","","","","","","","","","","","2","","30","20260417","232","","","","0","290","","","","","","","","","","","","","","","","","","","","","","","","","","","","","","","","","","","","","","","","","","","","","","","","","","","","","","","","","","","","","","","","","","","0.034","42","0.00","0","","0.00",""
"FA2078V","FA2078","ﾊｯﾋﾟｰﾂﾘｺﾐｷﾞﾝｶﾞﾑﾁｪｯｸ","","","","62","","0","M","","0","","","","","437","","","0","1","0","0","0","0","0","1","1","0","0","2","0","2","0","0","2","001","2","","2026","000","2026","","122","","","","","","","","","","","","2","","30","20260417","232","","","","0","290","","","","","","","","","","","","","","","","","","","","","","","","","","","","","","","","","","","","","","","","","","","","","","","","","","","","","","","","","","","","","","","","","","","0.034","42","0.00","0","","0.00",""
"FA2079V","FA2079","ﾊｯﾋﾟｰﾂﾘｺﾐｷﾞﾝｶﾞﾑﾁｪｯｸ","","","","10","","0","M","","0","","","","","437","","","0","1","0","0","0","0","0","1","1","0","0","2","0","2","0","0","2","001","2","","2026","000","2026","","122","","","","","","","","","","","","2","","30","20260417","232","","","","0","290","","","","","","","","","","","","","","","","","","","","","","","","","","","","","","","","","","","","","","","","","","","","","","","","","","","","","","","","","","","","","","","","","","","0.034","42","0.00","0","","0.00",""
"FA2079V","FA2079","ﾊｯﾋﾟｰﾂﾘｺﾐｷﾞﾝｶﾞﾑﾁｪｯｸ","","","","22","","0","M","","0","","","","","437","","","0","1","0","0","0","0","0","1","1","0","0","2","0","2","0","0","2","001","2","","2026","000","2026","","122","","","","","","","","","","","","2","","30","20260417","232","","","","0","290","","","","","","","","","","","","","","","","","","","","","","","","","","","","","","","","","","","","","","","","","","","","","","","","","","","","","","","","","","","","","","","","","","","0.034","42","0.00","0","","0.00",""
"FA2079V","FA2079","ﾊｯﾋﾟｰﾂﾘｺﾐｷﾞﾝｶﾞﾑﾁｪｯｸ","","","","40","","0","M","","0","","","","","437","","","0","1","0","0","0","0","0","1","1","0","0","2","0","2","0","0","2","001","2","","2026","000","2026","","122","","","","","","","","","","","","2","","30","20260417","232","","","","0","290","","","","","","","","","","","","","","","","","","","","","","","","","","","","","","","","","","","","","","","","","","","","","","","","","","","","","","","","","","","","","","","","","","","0.034","42","0.00","0","","0.00",""
"FA2080W","FA2080","ﾊｯﾋﾟｰﾂﾘｺﾐﾑｼﾞ","","","","32","","0","M","","0","","","","","105","","","0","1","0","0","0","0","0","1","1","0","0","2","0","2","0","0","2","001","2","","2026","000","2026","","122","","","","","","","","","","","","2","","30","20260417","232","","","","0","290","","","","","","","","","","","","","","","","","","","","","","","","","","","","","","","","","","","","","","","","","","","","","","","","","","","","","","","","","","","","","","","","","","","0.034","45","0.00","0","","0.00",""
"FA2080W","FA2080","ﾊｯﾋﾟｰﾂﾘｺﾐﾑｼﾞ","","","","40","","0","M","","0","","","","","105","","","0","1","0","0","0","0","0","1","1","0","0","2","0","2","0","0","2","001","2","","2026","000","2026","","122","","","","","","","","","","","","2","","30","20260417","232","","","","0","290","","","","","","","","","","","","","","","","","","","","","","","","","","","","","","","","","","","","","","","","","","","","","","","","","","","","","","","","","","","","","","","","","","","0.034","45","0.00","0","","0.00",""
"FA2081W","FA2081","ﾊｯﾋﾟｰﾂﾘｺﾐｽﾄﾗｲﾌﾟ","","","","30","","0","M","","0","","","","","105","","","0","1","0","0","0","0","0","1","1","0","0","2","0","2","0","0","2","001","2","","2026","000","2026","","122","","","","","","","","","","","","2","","30","20260417","232","","","","0","290","","","","","","","","","","","","","","","","","","","","","","","","","","","","","","","","","","","","","","","","","","","","","","","","","","","","","","","","","","","","","","","","","","","0.034","45","0.00","0","","0.00",""
"FA2081W","FA2081","ﾊｯﾋﾟｰﾂﾘｺﾐｽﾄﾗｲﾌﾟ","","","","90","","0","M","","0","","","","","105","","","0","1","0","0","0","0","0","1","1","0","0","2","0","2","0","0","2","001","2","","2026","000","2026","","122","","","","","","","","","","","","2","","30","20260417","232","","","","0","290","","","","","","","","","","","","","","","","","","","","","","","","","","","","","","","","","","","","","","","","","","","","","","","","","","","","","","","","","","","","","","","","","","","0.034","45","0.00","0","","0.00",""
"FA2082W","FA2082","ﾊｯﾋﾟｰﾂﾘｺﾐﾁｪｯｸ","","","","80","","0","M","","0","","","","","105","","","0","1","0","0","0","0","0","1","1","0","0","2","0","2","0","0","2","001","2","","2026","000","2026","","122","","","","","","","","","","","","2","","30","20260417","232","","","","0","290","","","","","","","","","","","","","","","","","","","","","","","","","","","","","","","","","","","","","","","","","","","","","","","","","","","","","","","","","","","","","","","","","","","0.034","45","0.00","0","","0.00",""
"FA2083F","FA2083","ﾊｯﾋﾟｰﾂﾘｺﾐﾑｼﾞ","","","","10","","0","M","","0","","","","","411","","","0","1","0","0","0","0","0","1","1","0","0","2","0","2","0","0","2","001","2","","2026","000","2026","","122","","","","","","","","","","","","2","","30","20260417","232","","","","0","290","","","","","","","","","","","","","","","","","","","","","","","","","","","","","","","","","","","","","","","","","","","","","","","","","","","","","","","","","","","","","","","","","","","0.034","42","0.00","0","","0.00",""
"FA2083F","FA2083","ﾊｯﾋﾟｰﾂﾘｺﾐﾑｼﾞ","","","","20","","0","M","","0","","","","","411","","","0","1","0","0","0","0","0","1","1","0","0","2","0","2","0","0","2","001","2","","2026","000","2026","","122","","","","","","","","","","","","2","","30","20260417","232","","","","0","290","","","","","","","","","","","","","","","","","","","","","","","","","","","","","","","","","","","","","","","","","","","","","","","","","","","","","","","","","","","","","","","","","","","0.034","42","0.00","0","","0.00",""
"FA2083F","FA2083","ﾊｯﾋﾟｰﾂﾘｺﾐﾑｼﾞ","","","","30","","0","M","","0","","","","","411","","","0","1","0","0","0","0","0","1","1","0","0","2","0","2","0","0","2","001","2","","2026","000","2026","","122","","","","","","","","","","","","2","","30","20260417","232","","","","0","290","","","","","","","","","","","","","","","","","","","","","","","","","","","","","","","","","","","","","","","","","","","","","","","","","","","","","","","","","","","","","","","","","","","0.034","42","0.00","0","","0.00",""
"FA2083F","FA2083","ﾊｯﾋﾟｰﾂﾘｺﾐﾑｼﾞ","","","","31","","0","M","","0","","","","","411","","","0","1","0","0","0","0","0","1","1","0","0","2","0","2","0","0","2","001","2","","2026","000","2026","","122","","","","","","","","","","","","2","","30","20260417","232","","","","0","290","","","","","","","","","","","","","","","","","","","","","","","","","","","","","","","","","","","","","","","","","","","","","","","","","","","","","","","","","","","","","","","","","","","0.034","42","0.00","0","","0.00",""
"FA2084F","FA2084","ﾊｯﾋﾟｰﾂﾘｺﾐｽﾄﾗｲﾌﾟ","","","","20","","0","M","","0","","","","","411","","","0","1","0","0","0","0","0","1","1","0","0","2","0","2","0","0","2","001","2","","2026","000","2026","","122","","","","","","","","","","","","2","","30","20260417","232","","","","0","290","","","","","","","","","","","","","","","","","","","","","","","","","","","","","","","","","","","","","","","","","","","","","","","","","","","","","","","","","","","","","","","","","","","0.034","42","0.00","0","","0.00",""
"FA2084F","FA2084","ﾊｯﾋﾟｰﾂﾘｺﾐｽﾄﾗｲﾌﾟ","","","","31","","0","M","","0","","","","","411","","","0","1","0","0","0","0","0","1","1","0","0","2","0","2","0","0","2","001","2","","2026","000","2026","","122","","","","","","","","","","","","2","","30","20260417","232","","","","0","290","","","","","","","","","","","","","","","","","","","","","","","","","","","","","","","","","","","","","","","","","","","","","","","","","","","","","","","","","","","","","","","","","","","0.034","42","0.00","0","","0.00",""
"FA2085F","FA2085","ﾊｯﾋﾟｰﾂﾘｺﾐﾁｪｯｸ","","","","62","","0","M","","0","","","","","411","","","0","1","0","0","0","0","0","1","1","0","0","2","0","2","0","0","2","001","2","","2026","000","2026","","122","","","","","","","","","","","","2","","30","20260417","232","","","","0","290","","","","","","","","","","","","","","","","","","","","","","","","","","","","","","","","","","","","","","","","","","","","","","","","","","","","","","","","","","","","","","","","","","","0.034","42","0.00","0","","0.00",""
"FA2085F","FA2085","ﾊｯﾋﾟｰﾂﾘｺﾐﾁｪｯｸ","","","","80","","0","M","","0","","","","","411","","","0","1","0","0","0","0","0","1","1","0","0","2","0","2","0","0","2","001","2","","2026","000","2026","","122","","","","","","","","","","","","2","","30","20260417","232","","","","0","290","","","","","","","","","","","","","","","","","","","","","","","","","","","","","","","","","","","","","","","","","","","","","","","","","","","","","","","","","","","","","","","","","","","0.034","42","0.00","0","","0.00",""
"FA2520F","FA2520","DS ｽﾞｰﾄﾋﾟｱﾄｲﾚｽﾘｯﾊﾟG","","","","20","","0","L","","0","","","","","411","","","0","1","0","0","0","0","0","1","1","0","0","2","0","2","0","0","2","002","2","","2026","005","2026","","116","","","","","","","","","","","","2","","30","20260417","0","","","","3252","890","","","","","","","","","","","","","","","","","","","","","","","","","","","","","","","","","","","","","","","","","","","","","","","","","","","","","","","","","","","","","","","","","","","0.1","42","93.45","0","","17.60",""
"FA2521F","FA2521","DS ｽﾞｰﾄﾋﾟｱﾄｲﾚｽﾘｯﾊﾟB","","","","30","","0","L","","0","","","","","411","","","0","1","0","0","0","0","0","1","1","0","0","2","0","2","0","0","2","002","2","","2026","005","2026","","116","","","","","","","","","","","","2","","30","20260417","0","","","","3252","890","","","","","","","","","","","","","","","","","","","","","","","","","","","","","","","","","","","","","","","","","","","","","","","","","","","","","","","","","","","","","","","","","","","0.1","42","93.45","0","","17.60",""
"FA2522F","FA2522","SR ﾊﾛｰｷﾃｨﾄｲﾚｽﾘｯﾊﾟﾌｪｲｽ","","","","90","","0","L","","0","","","","","411","","","0","1","0","0","0","0","0","1","1","0","0","2","0","2","0","0","2","002","2","","2026","049","2026","","122","","","","","","","","","","","","2","","30","20260417","0","","","","2708","890","","","","","","","","","","","","","","","","","","","","","","","","","","","","","","","","","","","","","","","","","","","","","","","","","","","","","","","","","","","","","","","","","","","0.1","42","71.20","0","","14.65",""
"FA2523F","FA2523","SR ﾊﾛｰｷﾃｨﾄｲﾚｽﾘｯﾊﾟｾﾞﾝｼﾝ","","","","90","","0","L","","0","","","","","411","","","0","1","0","0","0","0","0","1","1","0","0","2","0","2","0","0","2","002","2","","2026","049","2026","","327","","","","","","","","","","","","2","","30","20260417","0","","","","2708","890","","","","","","","","","","","","","","","","","","","","","","","","","","","","","","","","","","","","","","","","","","","","","","","","","","","","","","","","","","","","","","","","","","","0.1","42","71.20","0","","14.65",""
"FA2524V","FA2524","ﾓｶｼﾝﾚｻﾞｰｶﾞﾝﾒﾀﾙ","","","","90","","0","00","","0","","","","","437","","","0","1","0","0","0","0","0","1","1","0","0","2","0","2","0","0","2","011","2","","2026","000","2026","","012","","","","","","","","","","","","2","","30","20260417","0","","","","0","0","","","","","","","","","","","","","","","","","","","","","","","","","","","","","","","","","","","","","","","","","","","","","","","","","","","","","","","","","","","","","","","","","","","0.08","42","0.00","0","","0.00",""
"FA2525V","FA2525","ﾓｶｼﾝﾚｻﾞｰｶﾞﾝﾒﾀﾙ","","","","90","","0","L","","0","","","","","437","","","0","1","0","0","0","0","0","1","1","0","0","2","0","2","0","0","2","011","2","","2026","000","2026","","012","","","","","","","","","","","","2","","30","20260417","1055","","","","5345","1800","","","","","","","","","","","","","","","","","","","","","","","","","","","","","","","","","","","","","","","","","","","","","","","","","","","","","","","","","","","","","","","","","","","0.08","42","0.00","0","","30.50",""
"FA2526V","FA2526","ﾓｶｼﾝﾚｻﾞｰｺﾞｰﾙﾄﾞ","","","","90","","0","L","","0","","","","","437","","","0","1","0","0","0","0","0","1","1","0","0","2","0","2","0","0","2","011","2","","2026","000","2026","","012","","","","","","","","","","","","2","","30","20260417","1055","","","","5345","1800","","","","","","","","","","","","","","","","","","","","","","","","","","","","","","","","","","","","","","","","","","","","","","","","","","","","","","","","","","","","","","","","","","","0.08","42","0.00","0","","30.50",""
"FA2527V","FA2527","ﾓｶｼﾝﾚｻﾞｰﾋｮｳ","","","","90","","0","L","","0","","","","","437","","","0","1","0","0","0","0","0","1","1","0","0","2","0","2","0","0","2","011","2","","2026","000","2026","","012","","","","","","","","","","","","2","","30","20260417","1025","","","","4980","1800","","","","","","","","","","","","","","","","","","","","","","","","","","","","","","","","","","","","","","","","","","","","","","","","","","","","","","","","","","","","","","","","","","","0.08","42","0.00","0","","28.40",""
"FA2528V","FA2528","ﾓｶｼﾝﾚｻﾞｰｾﾞﾌﾞﾗ","","","","90","","0","L","","0","","","","","437","","","0","1","0","0","0","0","0","1","1","0","0","2","0","2","0","0","2","011","2","","2026","000","2026","","012","","","","","","","","","","","","2","","30","20260417","1025","","","","4980","1800","","","","","","","","","","","","","","","","","","","","","","","","","","","","","","","","","","","","","","","","","","","","","","","","","","","","","","","","","","","","","","","","","","","0.08","42","0.00","0","","28.40",""
"FD2338L","FD2338","ﾁｮｳﾄﾞｲｲﾜ ｼﾊﾞｲﾇﾈｰﾑ","","","","80","","0","M","","0","","","","","433","","","0","1","0","0","0","0","0","1","1","0","0","2","0","2","0","0","2","016","2","","2026","000","2026","","116","","","","","","","","","","","","2","","30","20260417","594","","","","3203","990","","","","","","","","","","","","","","","","","","","","","","","","","","","","","","","","","","","","","","","","","","","","","","","","","","","","","","","","","","","","","","","","","","","0.034","50","0.00","0","","18.94",""
"FD2339L","FD2339","ﾁｮｳﾄﾞｲｲﾜ ﾈｺｼｼｭｳ","","","","62","","0","M","","0","","","","","433","","","0","1","0","0","0","0","0","1","1","0","0","2","0","2","0","0","2","016","2","","2026","000","2026","","116","","","","","","","","","","","","2","","30","20260417","594","","","","3203","990","","","","","","","","","","","","","","","","","","","","","","","","","","","","","","","","","","","","","","","","","","","","","","","","","","","","","","","","","","","","","","","","","","","0.034","50","0.00","0","","18.94",""
"FD2340W","FD2340","ﾜｯﾌﾙﾑｼﾞ","","","","62","","0","M","","0","","","","","105","","","0","1","0","0","0","0","0","1","1","0","0","2","0","2","0","0","2","016","2","","2026","000","2026","","128","","","","","","","","","","","","2","","30","20260417","0","","","","1793","0","","","","","","","","","","","","","","","","","","","","","","","","","","","","","","","","","","","","","","","","","","","","","","","","","","","","","","","","","","","","","","","","","","","0.034","45","0.00","0","","10.50",""
"FD2340W","FD2340","ﾜｯﾌﾙﾑｼﾞ","","","","80","","0","M","","0","","","","","105","","","0","1","0","0","0","0","0","1","1","0","0","2","0","2","0","0","2","016","2","","2026","000","2026","","128","","","","","","","","","","","","2","","30","20260417","0","","","","1793","0","","","","","","","","","","","","","","","","","","","","","","","","","","","","","","","","","","","","","","","","","","","","","","","","","","","","","","","","","","","","","","","","","","","0.034","45","0.00","0","","10.50",""
"FD2341W","FD2341","ﾚｲｶﾝﾑｼﾞ","","","","11","","0","M","","0","","","","","105","","","0","1","0","0","0","0","0","1","1","0","0","2","0","2","0","0","2","016","2","","2026","000","2026","","128","","","","","","","","","","","","2","","30","20260417","0","","","","1910","0","","","","","","","","","","","","","","","","","","","","","","","","","","","","","","","","","","","","","","","","","","","","","","","","","","","","","","","","","","","","","","","","","","","0.034","45","0.00","0","","11.20",""
"FD2341W","FD2341","ﾚｲｶﾝﾑｼﾞ","","","","30","","0","M","","0","","","","","105","","","0","1","0","0","0","0","0","1","1","0","0","2","0","2","0","0","2","016","2","","2026","000","2026","","128","","","","","","","","","","","","2","","30","20260417","0","","","","1910","0","","","","","","","","","","","","","","","","","","","","","","","","","","","","","","","","","","","","","","","","","","","","","","","","","","","","","","","","","","","","","","","","","","","0.034","45","0.00","0","","11.20",""
"FD2341W","FD2341","ﾚｲｶﾝﾑｼﾞ","","","","62","","0","M","","0","","","","","105","","","0","1","0","0","0","0","0","1","1","0","0","2","0","2","0","0","2","016","2","","2026","000","2026","","128","","","","","","","","","","","","2","","30","20260417","0","","","","1910","0","","","","","","","","","","","","","","","","","","","","","","","","","","","","","","","","","","","","","","","","","","","","","","","","","","","","","","","","","","","","","","","","","","","0.034","45","0.00","0","","11.20",""
"FD2342W","FD2342","ｸﾏ　ﾒｯｼｭ","","","","11","","0","M","","0","","","","","105","","","0","1","0","0","0","0","0","1","1","0","0","2","0","2","0","0","2","016","2","","2026","000","2026","","128","","","","","","","","","","","","2","","30","20260417","0","","","","1593","0","","","","","","","","","","","","","","","","","","","","","","","","","","","","","","","","","","","","","","","","","","","","","","","","","","","","","","","","","","","","","","","","","","","0.034","45","0.00","0","","9.30",""
"FD2342W","FD2342","ｸﾏ　ﾒｯｼｭ","","","","70","","0","M","","0","","","","","105","","","0","1","0","0","0","0","0","1","1","0","0","2","0","2","0","0","2","016","2","","2026","000","2026","","128","","","","","","","","","","","","2","","30","20260417","0","","","","1593","0","","","","","","","","","","","","","","","","","","","","","","","","","","","","","","","","","","","","","","","","","","","","","","","","","","","","","","","","","","","","","","","","","","","0.034","45","0.00","0","","9.30",""
"FD2343W","FD2343","ｼﾊﾞｲﾇﾈｰﾑ　ﾒｯｼｭ","","","","30","","0","M","","0","","","","","105","","","0","1","0","0","0","0","0","1","1","0","0","2","0","2","0","0","2","016","2","","2026","000","2026","","128","","","","","","","","","","","","2","","30","20260417","0","","","","1593","0","","","","","","","","","","","","","","","","","","","","","","","","","","","","","","","","","","","","","","","","","","","","","","","","","","","","","","","","","","","","","","","","","","","0.034","45","0.00","0","","9.30",""
"FD2343W","FD2343","ｼﾊﾞｲﾇﾈｰﾑ　ﾒｯｼｭ","","","","60","","0","M","","0","","","","","105","","","0","1","0","0","0","0","0","1","1","0","0","2","0","2","0","0","2","016","2","","2026","000","2026","","128","","","","","","","","","","","","2","","30","20260417","0","","","","1593","0","","","","","","","","","","","","","","","","","","","","","","","","","","","","","","","","","","","","","","","","","","","","","","","","","","","","","","","","","","","","","","","","","","","0.034","45","0.00","0","","9.30",""
"FD2344W","FD2344","ﾈｺｼｼｭｳ　ﾒｯｼｭ","","","","11","","0","M","","0","","","","","105","","","0","1","0","0","0","0","0","1","1","0","0","2","0","2","0","0","2","016","2","","2026","000","2026","","128","","","","","","","","","","","","2","","30","20260417","0","","","","1593","0","","","","","","","","","","","","","","","","","","","","","","","","","","","","","","","","","","","","","","","","","","","","","","","","","","","","","","","","","","","","","","","","","","","0.034","45","0.00","0","","9.30",""
"FD2344W","FD2344","ﾈｺｼｼｭｳ　ﾒｯｼｭ","","","","80","","0","M","","0","","","","","105","","","0","1","0","0","0","0","0","1","1","0","0","2","0","2","0","0","2","016","2","","2026","000","2026","","128","","","","","","","","","","","","2","","30","20260417","0","","","","1593","0","","","","","","","","","","","","","","","","","","","","","","","","","","","","","","","","","","","","","","","","","","","","","","","","","","","","","","","","","","","","","","","","","","","0.034","45","0.00","0","","9.30",""
"FD2345V","FD2345","ﾑｼﾞ　ｱｻｺﾝﾊﾟｲﾙ","","","","11","","0","M","","0","","","","","437","","","0","1","0","0","0","0","0","1","1","0","0","2","0","2","0","0","2","016","2","","2026","000","2026","","128","","","","","","","","","","","","2","","30","20260417","0","","","","2065","0","","","","","","","","","","","","","","","","","","","","","","","","","","","","","","","","","","","","","","","","","","","","","","","","","","","","","","","","","","","","","","","","","","","0.034","42","0.00","0","","12.15",""
"FD2345V","FD2345","ﾑｼﾞ　ｱｻｺﾝﾊﾟｲﾙ","","","","62","","0","M","","0","","","","","437","","","0","1","0","0","0","0","0","1","1","0","0","2","0","2","0","0","2","016","2","","2026","000","2026","","128","","","","","","","","","","","","2","","30","20260417","0","","","","2065","0","","","","","","","","","","","","","","","","","","","","","","","","","","","","","","","","","","","","","","","","","","","","","","","","","","","","","","","","","","","","","","","","","","","0.034","42","0.00","0","","12.15",""
"FD2345W","FD2345","ﾑｼﾞ　ｱｻｺﾝﾊﾟｲﾙ","","","","11","","0","M","","0","","","","","105","","","0","1","0","0","0","0","0","1","1","0","0","2","0","2","0","0","2","016","2","","2026","000","2026","","128","","","","","","","","","","","","2","","30","20260417","0","","","","0","0","","","","","","","","","","","","","","","","","","","","","","","","","","","","","","","","","","","","","","","","","","","","","","","","","","","","","","","","","","","","","","","","","","","0.034","45","0.00","0","","0.00",""
"FD2345W","FD2345","ﾑｼﾞ　ｱｻｺﾝﾊﾟｲﾙ","","","","62","","0","M","","0","","","","","105","","","0","1","0","0","0","0","0","1","1","0","0","2","0","2","0","0","2","016","2","","2026","000","2026","","128","","","","","","","","","","","","2","","30","20260417","0","","","","0","0","","","","","","","","","","","","","","","","","","","","","","","","","","","","","","","","","","","","","","","","","","","","","","","","","","","","","","","","","","","","","","","","","","","0.034","45","0.00","0","","0.00",""
"FD2346V","FD2346","4KDﾑｼﾞｷｼﾞPU B","","","","30","","0","M","","0","","","","","437","","","0","1","0","0","0","0","0","1","1","0","0","2","0","2","0","0","2","016","2","","2026","000","2026","","012","","","","","","","","","","","","2","","30","20260417","0","","","","1773","490","","","","","","","","","","","","","","","","","","","","","","","","","","","","","","","","","","","","","","","","","","","","","","","","","","","","","","","","","","","","","","","","","","","0.034","42","0.00","0","","10.40",""
"FD2346V","FD2346","4KDﾑｼﾞｷｼﾞPU B","","","","30","","0","L","","0","","","","","437","","","0","1","0","0","0","0","0","1","1","0","0","2","0","2","0","0","2","016","2","","2026","000","2026","","012","","","","","","","","","","","","2","","30","20260417","0","","","","1773","490","","","","","","","","","","","","","","","","","","","","","","","","","","","","","","","","","","","","","","","","","","","","","","","","","","","","","","","","","","","","","","","","","","","0.034","42","0.00","0","","10.40",""
"FD2346V","FD2346","4KDﾑｼﾞｷｼﾞPU B","","","","50","","0","M","","0","","","","","437","","","0","1","0","0","0","0","0","1","1","0","0","2","0","2","0","0","2","016","2","","2026","000","2026","","012","","","","","","","","","","","","2","","30","20260417","0","","","","1773","490","","","","","","","","","","","","","","","","","","","","","","","","","","","","","","","","","","","","","","","","","","","","","","","","","","","","","","","","","","","","","","","","","","","0.034","42","0.00","0","","10.40",""
"FD2346V","FD2346","4KDﾑｼﾞｷｼﾞPU B","","","","50","","0","L","","0","","","","","437","","","0","1","0","0","0","0","0","1","1","0","0","2","0","2","0","0","2","016","2","","2026","000","2026","","012","","","","","","","","","","","","2","","30","20260417","0","","","","1773","490","","","","","","","","","","","","","","","","","","","","","","","","","","","","","","","","","","","","","","","","","","","","","","","","","","","","","","","","","","","","","","","","","","","0.034","42","0.00","0","","10.40",""
"FD2347V","FD2347","4KDﾑｼﾞｷｼﾞBE GR","","","","62","","0","M","","0","","","","","437","","","0","1","0","0","0","0","0","1","1","0","0","2","0","2","0","0","2","016","2","","2026","000","2026","","012","","","","","","","","","","","","2","","30","20260417","0","","","","1773","490","","","","","","","","","","","","","","","","","","","","","","","","","","","","","","","","","","","","","","","","","","","","","","","","","","","","","","","","","","","","","","","","","","","0.034","42","0.00","0","","10.40",""
"FD2347V","FD2347","4KDﾑｼﾞｷｼﾞBE GR","","","","62","","0","L","","0","","","","","437","","","0","1","0","0","0","0","0","1","1","0","0","2","0","2","0","0","2","016","2","","2026","000","2026","","012","","","","","","","","","","","","2","","30","20260417","0","","","","1773","490","","","","","","","","","","","","","","","","","","","","","","","","","","","","","","","","","","","","","","","","","","","","","","","","","","","","","","","","","","","","","","","","","","","0.034","42","0.00","0","","10.40",""
"FD2347V","FD2347","4KDﾑｼﾞｷｼﾞBE GR","","","","80","","0","M","","0","","","","","437","","","0","1","0","0","0","0","0","1","1","0","0","2","0","2","0","0","2","016","2","","2026","000","2026","","012","","","","","","","","","","","","2","","30","20260417","0","","","","1773","490","","","","","","","","","","","","","","","","","","","","","","","","","","","","","","","","","","","","","","","","","","","","","","","","","","","","","","","","","","","","","","","","","","","0.034","42","0.00","0","","10.40",""
"FD2347V","FD2347","4KDﾑｼﾞｷｼﾞBE GR","","","","80","","0","L","","0","","","","","437","","","0","1","0","0","0","0","0","1","1","0","0","2","0","2","0","0","2","016","2","","2026","000","2026","","012","","","","","","","","","","","","2","","30","20260417","0","","","","1773","490","","","","","","","","","","","","","","","","","","","","","","","","","","","","","","","","","","","","","","","","","","","","","","","","","","","","","","","","","","","","","","","","","","","0.034","42","0.00","0","","10.40",""
"FD2348V","FD2348","4KDﾈｺﾈｰﾑOR BK","","","","73","","0","M","","0","","","","","437","","","0","1","0","0","0","0","0","1","1","0","0","2","0","2","0","0","2","016","2","","2026","000","2026","","012","","","","","","","","","","","","2","","30","20260417","0","","","","1773","490","","","","","","","","","","","","","","","","","","","","","","","","","","","","","","","","","","","","","","","","","","","","","","","","","","","","","","","","","","","","","","","","","","","0.034","42","0.00","0","","10.40",""
"FD2348V","FD2348","4KDﾈｺﾈｰﾑOR BK","","","","73","","0","L","","0","","","","","437","","","0","1","0","0","0","0","0","1","1","0","0","2","0","2","0","0","2","016","2","","2026","000","2026","","012","","","","","","","","","","","","2","","30","20260417","0","","","","1773","490","","","","","","","","","","","","","","","","","","","","","","","","","","","","","","","","","","","","","","","","","","","","","","","","","","","","","","","","","","","","","","","","","","","0.034","42","0.00","0","","10.40",""
"FD2348V","FD2348","4KDﾈｺﾈｰﾑOR BK","","","","90","","0","M","","0","","","","","437","","","0","1","0","0","0","0","0","1","1","0","0","2","0","2","0","0","2","016","2","","2026","000","2026","","012","","","","","","","","","","","","2","","30","20260417","0","","","","1773","490","","","","","","","","","","","","","","","","","","","","","","","","","","","","","","","","","","","","","","","","","","","","","","","","","","","","","","","","","","","","","","","","","","","0.034","42","0.00","0","","10.40",""
"FD2348V","FD2348","4KDﾈｺﾈｰﾑOR BK","","","","90","","0","L","","0","","","","","437","","","0","1","0","0","0","0","0","1","1","0","0","2","0","2","0","0","2","016","2","","2026","000","2026","","012","","","","","","","","","","","","2","","30","20260417","0","","","","1773","490","","","","","","","","","","","","","","","","","","","","","","","","","","","","","","","","","","","","","","","","","","","","","","","","","","","","","","","","","","","","","","","","","","","0.034","42","0.00","0","","10.40",""
"FD2349H","FD2349","4KDﾈｺｼｼｭｳ","","","","62","","0","M","","0","","","","","181","","","0","1","0","0","0","0","0","1","1","0","0","2","0","2","0","0","2","016","2","","2026","000","2026","","012","","","","","","","","","","","","2","","30","20260417","0","","","","1773","490","","","","","","","","","","","","","","","","","","","","","","","","","","","","","","","","","","","","","","","","","","","","","","","","","","","","","","","","","","","","","","","","","","","0.034","42","0.00","0","","10.40",""
"FD2350H","FD2350","4KDｸﾏｼｼｭｳ","","","","20","","0","L","","0","","","","","181","","","0","1","0","0","0","0","0","1","1","0","0","2","0","2","0","0","2","016","2","","2026","000","2026","","012","","","","","","","","","","","","2","","30","20260417","0","","","","0","0","","","","","","","","","","","","","","","","","","","","","","","","","","","","","","","","","","","","","","","","","","","","","","","","","","","","","","","","","","","","","","","","","","","0.034","42","0.00","0","","0.00",""
"FD2351H","FD2351","4KD　ｼﾊﾞｵﾘﾈｰﾑ","","","","20","","0","M","","0","","","","","181","","","0","1","0","0","0","0","0","1","1","0","0","2","0","2","0","0","2","016","2","","2026","000","2026","","122","","","","","","","","","","","","2","","30","20260417","0","","","","1773","490","","","","","","","","","","","","","","","","","","","","","","","","","","","","","","","","","","","","","","","","","","","","","","","","","","","","","","","","","","","","","","","","","","","0.034","42","0.00","0","","10.40",""
"FD2351H","FD2351","4KD　ｼﾊﾞｵﾘﾈｰﾑ","","","","20","","0","L","","0","","","","","181","","","0","1","0","0","0","0","0","1","1","0","0","2","0","2","0","0","2","016","2","","2026","000","2026","","122","","","","","","","","","","","","2","","30","20260417","0","","","","1773","490","","","","","","","","","","","","","","","","","","","","","","","","","","","","","","","","","","","","","","","","","","","","","","","","","","","","","","","","","","","","","","","","","","","0.034","42","0.00","0","","10.40",""
"FD2351H","FD2351","4KD　ｼﾊﾞｵﾘﾈｰﾑ","","","","32","","0","M","","0","","","","","181","","","0","1","0","0","0","0","0","1","1","0","0","2","0","2","0","0","2","016","2","","2026","000","2026","","122","","","","","","","","","","","","2","","30","20260417","0","","","","1773","490","","","","","","","","","","","","","","","","","","","","","","","","","","","","","","","","","","","","","","","","","","","","","","","","","","","","","","","","","","","","","","","","","","","0.034","42","0.00","0","","10.40",""
"FD2351H","FD2351","4KD　ｼﾊﾞｵﾘﾈｰﾑ","","","","32","","0","L","","0","","","","","181","","","0","1","0","0","0","0","0","1","1","0","0","2","0","2","0","0","2","016","2","","2026","000","2026","","122","","","","","","","","","","","","2","","30","20260417","0","","","","1773","490","","","","","","","","","","","","","","","","","","","","","","","","","","","","","","","","","","","","","","","","","","","","","","","","","","","","","","","","","","","","","","","","","","","0.034","42","0.00","0","","10.40",""
"FD2352H","FD2352","4KD　ｷﾗｷﾗﾑｼﾞ","","","","80","","0","M","","0","","","","","181","","","0","1","0","0","0","0","0","1","1","0","0","2","0","2","0","0","2","016","2","","2026","000","2026","","122","","","","","","","","","","","","2","","30","20260417","0","","","","1773","490","","","","","","","","","","","","","","","","","","","","","","","","","","","","","","","","","","","","","","","","","","","","","","","","","","","","","","","","","","","","","","","","","","","0.034","42","0.00","0","","10.40",""
"FD2352H","FD2352","4KD　ｷﾗｷﾗﾑｼﾞ","","","","80","","0","L","","0","","","","","181","","","0","1","0","0","0","0","0","1","1","0","0","2","0","2","0","0","2","016","2","","2026","000","2026","","122","","","","","","","","","","","","2","","30","20260417","0","","","","1773","490","","","","","","","","","","","","","","","","","","","","","","","","","","","","","","","","","","","","","","","","","","","","","","","","","","","","","","","","","","","","","","","","","","","0.034","42","0.00","0","","10.40",""
"FD2352H","FD2352","4KD　ｷﾗｷﾗﾑｼﾞ","","","","90","","0","M","","0","","","","","181","","","0","1","0","0","0","0","0","1","1","0","0","2","0","2","0","0","2","016","2","","2026","000","2026","","122","","","","","","","","","","","","2","","30","20260417","0","","","","1773","490","","","","","","","","","","","","","","","","","","","","","","","","","","","","","","","","","","","","","","","","","","","","","","","","","","","","","","","","","","","","","","","","","","","0.034","42","0.00","0","","10.40",""
"FD2352H","FD2352","4KD　ｷﾗｷﾗﾑｼﾞ","","","","90","","0","L","","0","","","","","181","","","0","1","0","0","0","0","0","1","1","0","0","2","0","2","0","0","2","016","2","","2026","000","2026","","122","","","","","","","","","","","","2","","30","20260417","0","","","","1773","490","","","","","","","","","","","","","","","","","","","","","","","","","","","","","","","","","","","","","","","","","","","","","","","","","","","","","","","","","","","","","","","","","","","0.034","42","0.00","0","","10.40",""
"FD2353H","FD2353","4KD　ﾈｺﾂﾒﾄｷﾞｼｼｭｳ","","","","80","","0","M","","0","","","","","181","","","0","1","0","0","0","0","0","1","1","0","0","2","0","2","0","0","2","016","2","","2026","000","2026","","122","","","","","","","","","","","","2","","30","20260417","0","","","","1773","490","","","","","","","","","","","","","","","","","","","","","","","","","","","","","","","","","","","","","","","","","","","","","","","","","","","","","","","","","","","","","","","","","","","0.034","42","0.00","0","","10.40",""
"FD2354H","FD2354","4KD　ｲﾝｺｵﾚﾝｼﾞｼｼｭｳ","","","","11","","0","M","","0","","","","","181","","","0","1","0","0","0","0","0","1","1","0","0","2","0","2","0","0","2","016","2","","2026","000","2026","","122","","","","","","","","","","","","2","","30","20260417","0","","","","1773","490","","","","","","","","","","","","","","","","","","","","","","","","","","","","","","","","","","","","","","","","","","","","","","","","","","","","","","","","","","","","","","","","","","","0.034","42","0.00","0","","10.40",""
"FD2355V","FD2355","4KDｸﾏｵﾘﾈｰﾑ BE B","","","","40","","0","M","","0","","","","","437","","","0","1","0","0","0","0","0","1","1","0","0","2","0","2","0","0","2","016","2","","2026","000","2026","","116","","","","","","","","","","","","2","","30","20260417","0","","","","1773","490","","","","","","","","","","","","","","","","","","","","","","","","","","","","","","","","","","","","","","","","","","","","","","","","","","","","","","","","","","","","","","","","","","","0.034","42","0.00","0","","10.40",""
"FD2355V","FD2355","4KDｸﾏｵﾘﾈｰﾑ BE B","","","","40","","0","L","","0","","","","","437","","","0","1","0","0","0","0","0","1","1","0","0","2","0","2","0","0","2","016","2","","2026","000","2026","","116","","","","","","","","","","","","2","","30","20260417","0","","","","1773","490","","","","","","","","","","","","","","","","","","","","","","","","","","","","","","","","","","","","","","","","","","","","","","","","","","","","","","","","","","","","","","","","","","","0.034","42","0.00","0","","10.40",""
"FD2355V","FD2355","4KDｸﾏｵﾘﾈｰﾑ BE B","","","","70","","0","M","","0","","","","","437","","","0","1","0","0","0","0","0","1","1","0","0","2","0","2","0","0","2","016","2","","2026","000","2026","","116","","","","","","","","","","","","2","","30","20260417","0","","","","1773","490","","","","","","","","","","","","","","","","","","","","","","","","","","","","","","","","","","","","","","","","","","","","","","","","","","","","","","","","","","","","","","","","","","","0.034","42","0.00","0","","10.40",""
"FD2355V","FD2355","4KDｸﾏｵﾘﾈｰﾑ BE B","","","","70","","0","L","","0","","","","","437","","","0","1","0","0","0","0","0","1","1","0","0","2","0","2","0","0","2","016","2","","2026","000","2026","","116","","","","","","","","","","","","2","","30","20260417","0","","","","1773","490","","","","","","","","","","","","","","","","","","","","","","","","","","","","","","","","","","","","","","","","","","","","","","","","","","","","","","","","","","","","","","","","","","","0.034","42","0.00","0","","10.40",""
"FD2356H","FD2356","4KDﾈｺﾂﾘ","","","","70","","0","M","","0","","","","","181","","","0","1","0","0","0","0","0","1","1","0","0","2","0","2","0","0","2","016","2","","2026","000","2026","","116","","","","","","","","","","","","2","","30","20260417","0","","","","1807","490","","","","","","","","","","","","","","","","","","","","","","","","","","","","","","","","","","","","","","","","","","","","","","","","","","","","","","","","","","","","","","","","","","","0.034","42","0.00","0","","10.60",""
"FD2357V","FD2357","4KDｿﾄﾇｲBEﾈｰﾑ","","","","20","","0","M","","0","","","","","437","","","0","1","0","0","0","0","0","1","1","0","0","2","0","2","0","0","2","016","2","","2026","000","2026","","133","","","","","","","","","","","","2","","30","20260417","0","","","","1773","490","","","","","","","","","","","","","","","","","","","","","","","","","","","","","","","","","","","","","","","","","","","","","","","","","","","","","","","","","","","","","","","","","","","0.034","42","0.00","0","","10.40",""
"FD2357V","FD2357","4KDｿﾄﾇｲBEﾈｰﾑ","","","","20","","0","L","","0","","","","","437","","","0","1","0","0","0","0","0","1","1","0","0","2","0","2","0","0","2","016","2","","2026","000","2026","","133","","","","","","","","","","","","2","","30","20260417","0","","","","1773","490","","","","","","","","","","","","","","","","","","","","","","","","","","","","","","","","","","","","","","","","","","","","","","","","","","","","","","","","","","","","","","","","","","","0.034","42","0.00","0","","10.40",""
"FD2357V","FD2357","4KDｿﾄﾇｲBEﾈｰﾑ","","","","21","","0","M","","0","","","","","437","","","0","1","0","0","0","0","0","1","1","0","0","2","0","2","0","0","2","016","2","","2026","000","2026","","133","","","","","","","","","","","","2","","30","20260417","0","","","","1773","490","","","","","","","","","","","","","","","","","","","","","","","","","","","","","","","","","","","","","","","","","","","","","","","","","","","","","","","","","","","","","","","","","","","0.034","42","0.00","0","","10.40",""
"FD2357V","FD2357","4KDｿﾄﾇｲBEﾈｰﾑ","","","","21","","0","L","","0","","","","","437","","","0","1","0","0","0","0","0","1","1","0","0","2","0","2","0","0","2","016","2","","2026","000","2026","","133","","","","","","","","","","","","2","","30","20260417","0","","","","1773","490","","","","","","","","","","","","","","","","","","","","","","","","","","","","","","","","","","","","","","","","","","","","","","","","","","","","","","","","","","","","","","","","","","","0.034","42","0.00","0","","10.40",""
"FD2357V","FD2357","4KDｿﾄﾇｲBEﾈｰﾑ","","","","90","","0","M","","0","","","","","437","","","0","1","0","0","0","0","0","1","1","0","0","2","0","2","0","0","2","016","2","","2026","000","2026","","133","","","","","","","","","","","","2","","30","20260417","0","","","","1773","490","","","","","","","","","","","","","","","","","","","","","","","","","","","","","","","","","","","","","","","","","","","","","","","","","","","","","","","","","","","","","","","","","","","0.034","42","0.00","0","","10.40",""
"FD2357V","FD2357","4KDｿﾄﾇｲBEﾈｰﾑ","","","","90","","0","L","","0","","","","","437","","","0","1","0","0","0","0","0","1","1","0","0","2","0","2","0","0","2","016","2","","2026","000","2026","","133","","","","","","","","","","","","2","","30","20260417","0","","","","1773","490","","","","","","","","","","","","","","","","","","","","","","","","","","","","","","","","","","","","","","","","","","","","","","","","","","","","","","","","","","","","","","","","","","","0.034","42","0.00","0","","10.40",""
"FD2358V","FD2358","4KDﾑｼﾞｿﾄﾇｲ P GR","","","","11","","0","M","","0","","","","","437","","","0","1","0","0","0","0","0","1","1","0","0","2","0","2","0","0","2","016","2","","2026","000","2026","","133","","","","","","","","","","","","2","","30","20260417","0","","","","1773","490","","","","","","","","","","","","","","","","","","","","","","","","","","","","","","","","","","","","","","","","","","","","","","","","","","","","","","","","","","","","","","","","","","","0.034","42","0.00","0","","10.40",""
"FD2358V","FD2358","4KDﾑｼﾞｿﾄﾇｲ P GR","","","","11","","0","L","","0","","","","","437","","","0","1","0","0","0","0","0","1","1","0","0","2","0","2","0","0","2","016","2","","2026","000","2026","","133","","","","","","","","","","","","2","","30","20260417","0","","","","1773","490","","","","","","","","","","","","","","","","","","","","","","","","","","","","","","","","","","","","","","","","","","","","","","","","","","","","","","","","","","","","","","","","","","","0.034","42","0.00","0","","10.40",""
"FD2358V","FD2358","4KDﾑｼﾞｿﾄﾇｲ P GR","","","","80","","0","M","","0","","","","","437","","","0","1","0","0","0","0","0","1","1","0","0","2","0","2","0","0","2","016","2","","2026","000","2026","","133","","","","","","","","","","","","2","","30","20260417","0","","","","1773","490","","","","","","","","","","","","","","","","","","","","","","","","","","","","","","","","","","","","","","","","","","","","","","","","","","","","","","","","","","","","","","","","","","","0.034","42","0.00","0","","10.40",""
"FD2358V","FD2358","4KDﾑｼﾞｿﾄﾇｲ P GR","","","","80","","0","L","","0","","","","","437","","","0","1","0","0","0","0","0","1","1","0","0","2","0","2","0","0","2","016","2","","2026","000","2026","","133","","","","","","","","","","","","2","","30","20260417","0","","","","1773","490","","","","","","","","","","","","","","","","","","","","","","","","","","","","","","","","","","","","","","","","","","","","","","","","","","","","","","","","","","","","","","","","","","","0.034","42","0.00","0","","10.40",""
"FD2359V","FD2359","ｼｭﾅｳｻﾞｰﾎｿﾓｯﾌﾟ","","","","80","","0","M","","0","","","","","437","","","0","1","0","0","0","0","0","1","1","0","0","2","0","2","0","0","2","016","2","","2026","000","2026","","133","","","","","","","","","","","","2","","30","20260417","0","","","","3055","1800","","","","","","","","","","","","","","","","","","","","","","","","","","","","","","","","","","","","","","","","","","","","","","","","","","","","","","","","","","","","","","","","","","","0.034","42","0.00","0","","18.10",""
"FD2360R","FD2360","ﾑｼﾞ","","","","20","","0","M","","0","","","","","801","","","0","1","0","0","0","0","0","1","1","0","0","2","0","2","0","0","2","016","2","","2026","000","2026","","128","","","","","","","","","","","","2","","30","20260417","0","","690.00","","690","1490","","","","","","","","","","","","","","","","","","","","","","","","","","","","","","","","","","","","","","","","","","","","","","","","","","","","","","","","","","","","","","","","","","","0","0","0.00","0","","",""
"FD2360R","FD2360","ﾑｼﾞ","","","","20","","0","L","","0","","","","","801","","","0","1","0","0","0","0","0","1","1","0","0","2","0","2","0","0","2","016","2","","2026","000","2026","","128","","","","","","","","","","","","2","","30","20260417","0","","690.00","","690","1490","","","","","","","","","","","","","","","","","","","","","","","","","","","","","","","","","","","","","","","","","","","","","","","","","","","","","","","","","","","","","","","","","","","0","0","0.00","0","","",""
"FD2360R","FD2360","ﾑｼﾞ","","","","32","","0","M","","0","","","","","801","","","0","1","0","0","0","0","0","1","1","0","0","2","0","2","0","0","2","016","2","","2026","000","2026","","128","","","","","","","","","","","","2","","30","20260417","0","","690.00","","690","1490","","","","","","","","","","","","","","","","","","","","","","","","","","","","","","","","","","","","","","","","","","","","","","","","","","","","","","","","","","","","","","","","","","","0","0","0.00","0","","",""
"FD2360R","FD2360","ﾑｼﾞ","","","","32","","0","L","","0","","","","","801","","","0","1","0","0","0","0","0","1","1","0","0","2","0","2","0","0","2","016","2","","2026","000","2026","","128","","","","","","","","","","","","2","","30","20260417","0","","690.00","","690","1490","","","","","","","","","","","","","","","","","","","","","","","","","","","","","","","","","","","","","","","","","","","","","","","","","","","","","","","","","","","","","","","","","","","0","0","0.00","0","","",""
"FD2360R","FD2360","ﾑｼﾞ","","","","70","","0","M","","0","","","","","801","","","0","1","0","0","0","0","0","1","1","0","0","2","0","2","0","0","2","016","2","","2026","000","2026","","128","","","","","","","","","","","","2","","30","20260417","0","","690.00","","690","1490","","","","","","","","","","","","","","","","","","","","","","","","","","","","","","","","","","","","","","","","","","","","","","","","","","","","","","","","","","","","","","","","","","","0","0","0.00","0","","",""
"FD2360R","FD2360","ﾑｼﾞ","","","","70","","0","L","","0","","","","","801","","","0","1","0","0","0","0","0","1","1","0","0","2","0","2","0","0","2","016","2","","2026","000","2026","","128","","","","","","","","","","","","2","","30","20260417","0","","690.00","","690","1490","","","","","","","","","","","","","","","","","","","","","","","","","","","","","","","","","","","","","","","","","","","","","","","","","","","","","","","","","","","","","","","","","","","0","0","0.00","0","","",""
"FD2361R","FD2361","ｻｼｺ","","","","10","","0","M","","0","","","","","801","","","0","1","0","0","0","0","0","1","1","0","0","2","0","2","0","0","2","016","2","","2026","000","2026","","128","","","","","","","","","","","","2","","30","20260417","0","","695.00","","695","1490","","","","","","","","","","","","","","","","","","","","","","","","","","","","","","","","","","","","","","","","","","","","","","","","","","","","","","","","","","","","","","","","","","","0","0","0.00","0","","",""
"FD2361R","FD2361","ｻｼｺ","","","","11","","0","M","","0","","","","","801","","","0","1","0","0","0","0","0","1","1","0","0","2","0","2","0","0","2","016","2","","2026","000","2026","","128","","","","","","","","","","","","2","","30","20260417","0","","695.00","","695","1490","","","","","","","","","","","","","","","","","","","","","","","","","","","","","","","","","","","","","","","","","","","","","","","","","","","","","","","","","","","","","","","","","","","0","0","0.00","0","","",""
"FD2361R","FD2361","ｻｼｺ","","","","32","","0","M","","0","","","","","801","","","0","1","0","0","0","0","0","1","1","0","0","2","0","2","0","0","2","016","2","","2026","000","2026","","128","","","","","","","","","","","","2","","30","20260417","0","","695.00","","695","1490","","","","","","","","","","","","","","","","","","","","","","","","","","","","","","","","","","","","","","","","","","","","","","","","","","","","","","","","","","","","","","","","","","","0","0","0.00","0","","",""
"FD2362R","FD2362","ﾁｪｯｸ","","","","40","","0","M","","0","","","","","801","","","0","1","0","0","0","0","0","1","1","0","0","2","0","2","0","0","2","016","2","","2026","000","2026","","128","","","","","","","","","","","","2","","30","20260417","0","","710.00","","710","1490","","","","","","","","","","","","","","","","","","","","","","","","","","","","","","","","","","","","","","","","","","","","","","","","","","","","","","","","","","","","","","","","","","","0","0","0.00","0","","",""
"FD2362R","FD2362","ﾁｪｯｸ","","","","40","","0","L","","0","","","","","801","","","0","1","0","0","0","0","0","1","1","0","0","2","0","2","0","0","2","016","2","","2026","000","2026","","128","","","","","","","","","","","","2","","30","20260417","0","","710.00","","710","1490","","","","","","","","","","","","","","","","","","","","","","","","","","","","","","","","","","","","","","","","","","","","","","","","","","","","","","","","","","","","","","","","","","","0","0","0.00","0","","",""
"FD2362R","FD2362","ﾁｪｯｸ","","","","62","","0","M","","0","","","","","801","","","0","1","0","0","0","0","0","1","1","0","0","2","0","2","0","0","2","016","2","","2026","000","2026","","128","","","","","","","","","","","","2","","30","20260417","0","","710.00","","710","1490","","","","","","","","","","","","","","","","","","","","","","","","","","","","","","","","","","","","","","","","","","","","","","","","","","","","","","","","","","","","","","","","","","","0","0","0.00","0","","",""
"FD2362R","FD2362","ﾁｪｯｸ","","","","62","","0","L","","0","","","","","801","","","0","1","0","0","0","0","0","1","1","0","0","2","0","2","0","0","2","016","2","","2026","000","2026","","128","","","","","","","","","","","","2","","30","20260417","0","","710.00","","710","1490","","","","","","","","","","","","","","","","","","","","","","","","","","","","","","","","","","","","","","","","","","","","","","","","","","","","","","","","","","","","","","","","","","","0","0","0.00","0","","",""
"FD2363V","FD2363","SFｽｶﾌｫﾚｵﾌﾞﾘｰｸｶﾞﾀﾁｬﾀｹｾｲｵﾝ","","","","11","","0","M","","0","","","","","437","","","0","1","0","0","0","0","0","1","1","0","0","2","0","2","0","0","2","016","2","","2026","047","2026","","122","","","","","","","","","","","","2","","30","20260417","0","","","","2390","990","","","","","","","","","","","","","","","","","","","","","","","","","","","","","","","","","","","","","","","","","","","","","","","","","","","","","","","","","","","","","","","","","","","0.034","42","59.40","0","","13.75",""
"FD2363V","FD2363","SFｽｶﾌｫﾚｵﾌﾞﾘｰｸｶﾞﾀﾁｬﾀｹｾｲｵﾝ","","","","11","","0","L","","0","","","","","437","","","0","1","0","0","0","0","0","1","1","0","0","2","0","2","0","0","2","016","2","","2026","047","2026","","122","","","","","","","","","","","","2","","30","20260417","0","","","","2390","990","","","","","","","","","","","","","","","","","","","","","","","","","","","","","","","","","","","","","","","","","","","","","","","","","","","","","","","","","","","","","","","","","","","0.034","42","59.40","0","","13.75",""
"FD2363V","FD2363","SFｽｶﾌｫﾚｵﾌﾞﾘｰｸｶﾞﾀﾁｬﾀｹｾｲｵﾝ","","","","20","","0","M","","0","","","","","437","","","0","1","0","0","0","0","0","1","1","0","0","2","0","2","0","0","2","016","2","","2026","047","2026","","122","","","","","","","","","","","","2","","30","20260417","0","","","","2390","990","","","","","","","","","","","","","","","","","","","","","","","","","","","","","","","","","","","","","","","","","","","","","","","","","","","","","","","","","","","","","","","","","","","0.034","42","59.40","0","","13.75",""
"FD2363V","FD2363","SFｽｶﾌｫﾚｵﾌﾞﾘｰｸｶﾞﾀﾁｬﾀｹｾｲｵﾝ","","","","20","","0","L","","0","","","","","437","","","0","1","0","0","0","0","0","1","1","0","0","2","0","2","0","0","2","016","2","","2026","047","2026","","122","","","","","","","","","","","","2","","30","20260417","0","","","","2390","990","","","","","","","","","","","","","","","","","","","","","","","","","","","","","","","","","","","","","","","","","","","","","","","","","","","","","","","","","","","","","","","","","","","0.034","42","59.40","0","","13.75",""
"FD2363V","FD2363","SFｽｶﾌｫﾚｵﾌﾞﾘｰｸｶﾞﾀﾁｬﾀｹｾｲｵﾝ","","","","32","","0","M","","0","","","","","437","","","0","1","0","0","0","0","0","1","1","0","0","2","0","2","0","0","2","016","2","","2026","047","2026","","122","","","","","","","","","","","","2","","30","20260417","0","","","","2390","990","","","","","","","","","","","","","","","","","","","","","","","","","","","","","","","","","","","","","","","","","","","","","","","","","","","","","","","","","","","","","","","","","","","0.034","42","59.40","0","","13.75",""
"FD2363V","FD2363","SFｽｶﾌｫﾚｵﾌﾞﾘｰｸｶﾞﾀﾁｬﾀｹｾｲｵﾝ","","","","32","","0","L","","0","","","","","437","","","0","1","0","0","0","0","0","1","1","0","0","2","0","2","0","0","2","016","2","","2026","047","2026","","122","","","","","","","","","","","","2","","30","20260417","0","","","","2390","990","","","","","","","","","","","","","","","","","","","","","","","","","","","","","","","","","","","","","","","","","","","","","","","","","","","","","","","","","","","","","","","","","","","0.034","42","59.40","0","","13.75",""
"FD2363V","FD2363","SFｽｶﾌｫﾚｵﾌﾞﾘｰｸｶﾞﾀﾁｬﾀｹｾｲｵﾝ","","","","62","","0","M","","0","","","","","437","","","0","1","0","0","0","0","0","1","1","0","0","2","0","2","0","0","2","016","2","","2026","047","2026","","122","","","","","","","","","","","","2","","30","20260417","0","","","","2390","990","","","","","","","","","","","","","","","","","","","","","","","","","","","","","","","","","","","","","","","","","","","","","","","","","","","","","","","","","","","","","","","","","","","0.034","42","59.40","0","","13.75",""
"FD2363V","FD2363","SFｽｶﾌｫﾚｵﾌﾞﾘｰｸｶﾞﾀﾁｬﾀｹｾｲｵﾝ","","","","62","","0","L","","0","","","","","437","","","0","1","0","0","0","0","0","1","1","0","0","2","0","2","0","0","2","016","2","","2026","047","2026","","122","","","","","","","","","","","","2","","30","20260417","0","","","","2390","990","","","","","","","","","","","","","","","","","","","","","","","","","","","","","","","","","","","","","","","","","","","","","","","","","","","","","","","","","","","","","","","","","","","0.034","42","59.40","0","","13.75",""
"FD2363V","FD2363","SFｽｶﾌｫﾚｵﾌﾞﾘｰｸｶﾞﾀﾁｬﾀｹｾｲｵﾝ","","","","90","","0","M","","0","","","","","437","","","0","1","0","0","0","0","0","1","1","0","0","2","0","2","0","0","2","016","2","","2026","047","2026","","122","","","","","","","","","","","","2","","30","20260417","0","","","","2390","990","","","","","","","","","","","","","","","","","","","","","","","","","","","","","","","","","","","","","","","","","","","","","","","","","","","","","","","","","","","","","","","","","","","0.034","42","59.40","0","","13.75",""
"FD2363V","FD2363","SFｽｶﾌｫﾚｵﾌﾞﾘｰｸｶﾞﾀﾁｬﾀｹｾｲｵﾝ","","","","90","","0","L","","0","","","","","437","","","0","1","0","0","0","0","0","1","1","0","0","2","0","2","0","0","2","016","2","","2026","047","2026","","122","","","","","","","","","","","","2","","30","20260417","0","","","","2390","990","","","","","","","","","","","","","","","","","","","","","","","","","","","","","","","","","","","","","","","","","","","","","","","","","","","","","","","","","","","","","","","","","","","0.034","42","59.40","0","","13.75",""
"FD2364V","FD2364","ﾘｰﾌｼｼｭｳｾｲｵﾝｿﾄﾇｲ","","","","21","","0","M","","0","","","","","437","","","0","1","0","0","0","0","0","1","1","0","0","2","0","2","0","0","2","016","2","","2026","000","2026","","133","","","","","","","","","","","","2","","30","20260417","0","","","","2572","990","","","","","","","","","","","","","","","","","","","","","","","","","","","","","","","","","","","","","","","","","","","","","","","","","","","","","","","","","","","","","","","","","","","0.034","42","0.00","0","","15.20",""
"FD2364V","FD2364","ﾘｰﾌｼｼｭｳｾｲｵﾝｿﾄﾇｲ","","","","40","","0","M","","0","","","","","437","","","0","1","0","0","0","0","0","1","1","0","0","2","0","2","0","0","2","016","2","","2026","000","2026","","133","","","","","","","","","","","","2","","30","20260417","0","","","","2572","990","","","","","","","","","","","","","","","","","","","","","","","","","","","","","","","","","","","","","","","","","","","","","","","","","","","","","","","","","","","","","","","","","","","0.034","42","0.00","0","","15.20",""
"FD2364V","FD2364","ﾘｰﾌｼｼｭｳｾｲｵﾝｿﾄﾇｲ","","","","41","","0","M","","0","","","","","437","","","0","1","0","0","0","0","0","1","1","0","0","2","0","2","0","0","2","016","2","","2026","000","2026","","133","","","","","","","","","","","","2","","30","20260417","0","","","","2572","990","","","","","","","","","","","","","","","","","","","","","","","","","","","","","","","","","","","","","","","","","","","","","","","","","","","","","","","","","","","","","","","","","","","0.034","42","0.00","0","","15.20",""
"FD2364V","FD2364","ﾘｰﾌｼｼｭｳｾｲｵﾝｿﾄﾇｲ","","","","60","","0","M","","0","","","","","437","","","0","1","0","0","0","0","0","1","1","0","0","2","0","2","0","0","2","016","2","","2026","000","2026","","133","","","","","","","","","","","","2","","30","20260417","0","","","","2572","990","","","","","","","","","","","","","","","","","","","","","","","","","","","","","","","","","","","","","","","","","","","","","","","","","","","","","","","","","","","","","","","","","","","0.034","42","0.00","0","","15.20",""
"FD2364V","FD2364","ﾘｰﾌｼｼｭｳｾｲｵﾝｿﾄﾇｲ","","","","90","","0","M","","0","","","","","437","","","0","1","0","0","0","0","0","1","1","0","0","2","0","2","0","0","2","016","2","","2026","000","2026","","133","","","","","","","","","","","","2","","30","20260417","0","","","","2572","990","","","","","","","","","","","","","","","","","","","","","","","","","","","","","","","","","","","","","","","","","","","","","","","","","","","","","","","","","","","","","","","","","","","0.034","42","0.00","0","","15.20",""
"FD2365V","FD2365","ﾈｺｼｼｭｳｾｲｵﾝｿﾄﾇｲP","","","","11","","0","M","","0","","","","","437","","","0","1","0","0","0","0","0","1","1","0","0","2","0","2","0","0","2","016","2","","2026","000","2026","","012","","","","","","","","","","","","2","","30","20260417","0","","","","2481","990","","","","","","","","","","","","","","","","","","","","","","","","","","","","","","","","","","","","","","","","","","","","","","","","","","","","","","","","","","","","","","","","","","","0.034","42","0.00","0","","14.65",""
"FD2366V","FD2366","ﾈｺｼｼｭｳｾｲｵﾝｿﾄﾇｲBE","","","","62","","0","M","","0","","","","","437","","","0","1","0","0","0","0","0","1","1","0","0","2","0","2","0","0","2","016","2","","2026","000","2026","","012","","","","","","","","","","","","2","","30","20260417","0","","","","2473","990","","","","","","","","","","","","","","","","","","","","","","","","","","","","","","","","","","","","","","","","","","","","","","","","","","","","","","","","","","","","","","","","","","","0.034","42","0.00","0","","14.60",""
"FD2367V","FD2367","ｼﾊﾞｲﾇｼｼｭｳｾｲｵﾝｿﾄﾇｲ","","","","20","","0","M","","0","","","","","437","","","0","1","0","0","0","0","0","1","1","0","0","2","0","2","0","0","2","016","2","","2026","000","2026","","012","","","","","","","","","","","","2","","30","20260417","0","","","","2423","990","","","","","","","","","","","","","","","","","","","","","","","","","","","","","","","","","","","","","","","","","","","","","","","","","","","","","","","","","","","","","","","","","","","0.034","42","0.00","0","","14.30",""
"FD2368V","FD2368","SFｽｶﾝｼﾞﾅﾋﾞｱﾝﾌｫﾚｽﾄ ﾀﾀﾐ","","","","11","","0","M","","0","","","","","437","","","0","1","0","0","0","0","0","1","1","0","0","2","0","2","0","0","2","016","2","","2026","047","2026","","116","","","","","","","","","","","","2","","30","20260417","0","","","","2332","990","","","","","","","","","","","","","","","","","","","","","","","","","","","","","","","","","","","","","","","","","","","","","","","","","","","","","","","","","","","","","","","","","","","0.034","42","59.40","0","","13.40",""
"FD2368V","FD2368","SFｽｶﾝｼﾞﾅﾋﾞｱﾝﾌｫﾚｽﾄ ﾀﾀﾐ","","","","11","","0","L","","0","","","","","437","","","0","1","0","0","0","0","0","1","1","0","0","2","0","2","0","0","2","016","2","","2026","047","2026","","116","","","","","","","","","","","","2","","30","20260417","0","","","","2332","990","","","","","","","","","","","","","","","","","","","","","","","","","","","","","","","","","","","","","","","","","","","","","","","","","","","","","","","","","","","","","","","","","","","0.034","42","59.40","0","","13.40",""
"FD2368V","FD2368","SFｽｶﾝｼﾞﾅﾋﾞｱﾝﾌｫﾚｽﾄ ﾀﾀﾐ","","","","32","","0","M","","0","","","","","437","","","0","1","0","0","0","0","0","1","1","0","0","2","0","2","0","0","2","016","2","","2026","047","2026","","116","","","","","","","","","","","","2","","30","20260417","0","","","","2332","990","","","","","","","","","","","","","","","","","","","","","","","","","","","","","","","","","","","","","","","","","","","","","","","","","","","","","","","","","","","","","","","","","","","0.034","42","59.40","0","","13.40",""
"FD2368V","FD2368","SFｽｶﾝｼﾞﾅﾋﾞｱﾝﾌｫﾚｽﾄ ﾀﾀﾐ","","","","32","","0","L","","0","","","","","437","","","0","1","0","0","0","0","0","1","1","0","0","2","0","2","0","0","2","016","2","","2026","047","2026","","116","","","","","","","","","","","","2","","30","20260417","0","","","","2332","990","","","","","","","","","","","","","","","","","","","","","","","","","","","","","","","","","","","","","","","","","","","","","","","","","","","","","","","","","","","","","","","","","","","0.034","42","59.40","0","","13.40",""
"FD2368V","FD2368","SFｽｶﾝｼﾞﾅﾋﾞｱﾝﾌｫﾚｽﾄ ﾀﾀﾐ","","","","50","","0","M","","0","","","","","437","","","0","1","0","0","0","0","0","1","1","0","0","2","0","2","0","0","2","016","2","","2026","047","2026","","116","","","","","","","","","","","","2","","30","20260417","0","","","","2332","990","","","","","","","","","","","","","","","","","","","","","","","","","","","","","","","","","","","","","","","","","","","","","","","","","","","","","","","","","","","","","","","","","","","0.034","42","59.40","0","","13.40",""
"FD2368V","FD2368","SFｽｶﾝｼﾞﾅﾋﾞｱﾝﾌｫﾚｽﾄ ﾀﾀﾐ","","","","50","","0","L","","0","","","","","437","","","0","1","0","0","0","0","0","1","1","0","0","2","0","2","0","0","2","016","2","","2026","047","2026","","116","","","","","","","","","","","","2","","30","20260417","0","","","","2332","990","","","","","","","","","","","","","","","","","","","","","","","","","","","","","","","","","","","","","","","","","","","","","","","","","","","","","","","","","","","","","","","","","","","0.034","42","59.40","0","","13.40",""
"FD2368V","FD2368","SFｽｶﾝｼﾞﾅﾋﾞｱﾝﾌｫﾚｽﾄ ﾀﾀﾐ","","","","62","","0","M","","0","","","","","437","","","0","1","0","0","0","0","0","1","1","0","0","2","0","2","0","0","2","016","2","","2026","047","2026","","116","","","","","","","","","","","","2","","30","20260417","0","","","","2332","990","","","","","","","","","","","","","","","","","","","","","","","","","","","","","","","","","","","","","","","","","","","","","","","","","","","","","","","","","","","","","","","","","","","0.034","42","59.40","0","","13.40",""
"FD2368V","FD2368","SFｽｶﾝｼﾞﾅﾋﾞｱﾝﾌｫﾚｽﾄ ﾀﾀﾐ","","","","62","","0","L","","0","","","","","437","","","0","1","0","0","0","0","0","1","1","0","0","2","0","2","0","0","2","016","2","","2026","047","2026","","116","","","","","","","","","","","","2","","30","20260417","0","","","","2332","990","","","","","","","","","","","","","","","","","","","","","","","","","","","","","","","","","","","","","","","","","","","","","","","","","","","","","","","","","","","","","","","","","","","0.034","42","59.40","0","","13.40",""
"FD2368V","FD2368","SFｽｶﾝｼﾞﾅﾋﾞｱﾝﾌｫﾚｽﾄ ﾀﾀﾐ","","","","73","","0","M","","0","","","","","437","","","0","1","0","0","0","0","0","1","1","0","0","2","0","2","0","0","2","016","2","","2026","047","2026","","116","","","","","","","","","","","","2","","30","20260417","0","","","","2332","990","","","","","","","","","","","","","","","","","","","","","","","","","","","","","","","","","","","","","","","","","","","","","","","","","","","","","","","","","","","","","","","","","","","0.034","42","59.40","0","","13.40",""
"FD2368V","FD2368","SFｽｶﾝｼﾞﾅﾋﾞｱﾝﾌｫﾚｽﾄ ﾀﾀﾐ","","","","73","","0","L","","0","","","","","437","","","0","1","0","0","0","0","0","1","1","0","0","2","0","2","0","0","2","016","2","","2026","047","2026","","116","","","","","","","","","","","","2","","30","20260417","0","","","","2332","990","","","","","","","","","","","","","","","","","","","","","","","","","","","","","","","","","","","","","","","","","","","","","","","","","","","","","","","","","","","","","","","","","","","0.034","42","59.40","0","","13.40",""
"FD2368V","FD2368","SFｽｶﾝｼﾞﾅﾋﾞｱﾝﾌｫﾚｽﾄ ﾀﾀﾐ","","","","80","","0","M","","0","","","","","437","","","0","1","0","0","0","0","0","1","1","0","0","2","0","2","0","0","2","016","2","","2026","047","2026","","116","","","","","","","","","","","","2","","30","20260417","0","","","","2332","990","","","","","","","","","","","","","","","","","","","","","","","","","","","","","","","","","","","","","","","","","","","","","","","","","","","","","","","","","","","","","","","","","","","0.034","42","59.40","0","","13.40",""
"FD2368V","FD2368","SFｽｶﾝｼﾞﾅﾋﾞｱﾝﾌｫﾚｽﾄ ﾀﾀﾐ","","","","80","","0","L","","0","","","","","437","","","0","1","0","0","0","0","0","1","1","0","0","2","0","2","0","0","2","016","2","","2026","047","2026","","116","","","","","","","","","","","","2","","30","20260417","0","","","","2332","990","","","","","","","","","","","","","","","","","","","","","","","","","","","","","","","","","","","","","","","","","","","","","","","","","","","","","","","","","","","","","","","","","","","0.034","42","59.40","0","","13.40",""
"FD2368V","FD2368","SFｽｶﾝｼﾞﾅﾋﾞｱﾝﾌｫﾚｽﾄ ﾀﾀﾐ","","","","90","","0","M","","0","","","","","437","","","0","1","0","0","0","0","0","1","1","0","0","2","0","2","0","0","2","016","2","","2026","047","2026","","116","","","","","","","","","","","","2","","30","20260417","0","","","","2332","990","","","","","","","","","","","","","","","","","","","","","","","","","","","","","","","","","","","","","","","","","","","","","","","","","","","","","","","","","","","","","","","","","","","0.034","42","59.40","0","","13.40",""
"FD2368V","FD2368","SFｽｶﾝｼﾞﾅﾋﾞｱﾝﾌｫﾚｽﾄ ﾀﾀﾐ","","","","90","","0","L","","0","","","","","437","","","0","1","0","0","0","0","0","1","1","0","0","2","0","2","0","0","2","016","2","","2026","047","2026","","116","","","","","","","","","","","","2","","30","20260417","0","","","","2332","990","","","","","","","","","","","","","","","","","","","","","","","","","","","","","","","","","","","","","","","","","","","","","","","","","","","","","","","","","","","","","","","","","","","0.034","42","59.40","0","","13.40",""
"FD2369V","FD2369","ｻﾒﾎｿﾓｯﾌﾟ","","","","30","","0","M","","0","","","","","437","","","0","1","0","0","0","0","0","1","1","0","0","2","0","2","0","0","2","016","2","","2026","000","2026","","012","","","","","","","","","","","","2","","30","20260417","0","","","","3155","1500","","","","","","","","","","","","","","","","","","","","","","","","","","","","","","","","","","","","","","","","","","","","","","","","","","","","","","","","","","","","","","","","","","","0.034","42","0.00","0","","18.70",""
"FD2370V","FD2370","ｱﾆﾏﾙﾒｯｼｭｳｼ","","","","60","","0","M","","0","","","","","437","","","0","1","0","0","0","0","0","1","1","0","0","2","0","2","0","0","2","016","2","","2026","000","2026","","122","","","","","","","","","","","","2","","30","20260417","0","","","","3754","1500","","","","","","","","","","","","","","","","","","","","","","","","","","","","","","","","","","","","","","","","","","","","","","","","","","","","","","","","","","","","","","","","","","","0.08","42","0.00","0","","21.35",""
"FD2371V","FD2371","ﾍﾟﾝｷﾞﾝﾒｯｼｭ","","","","30","","0","M","","0","","","","","437","","","0","1","0","0","0","0","0","1","1","0","0","2","0","2","0","0","2","016","2","","2026","000","2026","","116","","","","","","","","","","","","2","","30","20260417","0","","","","3328","1500","","","","","","","","","","","","","","","","","","","","","","","","","","","","","","","","","","","","","","","","","","","","","","","","","","","","","","","","","","","","","","","","","","","0.08","42","0.00","0","","18.90",""
"FD2372H","FD2372","ﾃﾝﾈﾝﾁｬﾀｹｼｼﾞﾗ","","","","31","","0","M","","0","","","","","181","","","0","1","0","0","0","0","0","1","1","0","0","2","0","2","0","0","2","016","2","","2026","000","2026","","122","","","","","","","","","","","","2","","30","20260417","0","","","","1873","490","","","","","","","","","","","","","","","","","","","","","","","","","","","","","","","","","","","","","","","","","","","","","","","","","","","","","","","","","","","","","","","","","","","0.034","42","0.00","0","","11.00",""
"FD2372H","FD2372","ﾃﾝﾈﾝﾁｬﾀｹｼｼﾞﾗ","","","","31","","0","L","","0","","","","","181","","","0","1","0","0","0","0","0","1","1","0","0","2","0","2","0","0","2","016","2","","2026","000","2026","","122","","","","","","","","","","","","2","","30","20260417","0","","","","1873","490","","","","","","","","","","","","","","","","","","","","","","","","","","","","","","","","","","","","","","","","","","","","","","","","","","","","","","","","","","","","","","","","","","","0.034","42","0.00","0","","11.00",""
"FD2372H","FD2372","ﾃﾝﾈﾝﾁｬﾀｹｼｼﾞﾗ","","","","32","","0","M","","0","","","","","181","","","0","1","0","0","0","0","0","1","1","0","0","2","0","2","0","0","2","016","2","","2026","000","2026","","122","","","","","","","","","","","","2","","30","20260417","0","","","","1873","490","","","","","","","","","","","","","","","","","","","","","","","","","","","","","","","","","","","","","","","","","","","","","","","","","","","","","","","","","","","","","","","","","","","0.034","42","0.00","0","","11.00",""
"FD2372H","FD2372","ﾃﾝﾈﾝﾁｬﾀｹｼｼﾞﾗ","","","","32","","0","L","","0","","","","","181","","","0","1","0","0","0","0","0","1","1","0","0","2","0","2","0","0","2","016","2","","2026","000","2026","","122","","","","","","","","","","","","2","","30","20260417","0","","","","1873","490","","","","","","","","","","","","","","","","","","","","","","","","","","","","","","","","","","","","","","","","","","","","","","","","","","","","","","","","","","","","","","","","","","","0.034","42","0.00","0","","11.00",""
"FD2373R","FD2373","ﾑｼﾞ　　ﾀﾀﾐ","","","","10","","0","M","","0","","","","","801","","","0","1","0","0","0","0","0","1","1","0","0","2","0","2","0","0","2","016","2","","2026","000","2026","","128","","","","","","","","","","","","2","","30","20260417","890","","710.00","","710","1290","","","","","","","","","","","","","","","","","","","","","","","","","","","","","","","","","","","","","","","","","","","","","","","","","","","","","","","","","","","","","","","","","","","0","0","0.00","0","","",""
"FD2374R","FD2374","ﾄﾞｯﾄ　ﾀﾀﾐ","","","","62","","0","M","","0","","","","","801","","","0","1","0","0","0","0","0","1","1","0","0","2","0","2","0","0","2","016","2","","2026","000","2026","","128","","","","","","","","","","","","2","","30","20260417","890","","710.00","","710","1290","","","","","","","","","","","","","","","","","","","","","","","","","","","","","","","","","","","","","","","","","","","","","","","","","","","","","","","","","","","","","","","","","","","0","0","0.00","0","","",""
"FD2375H","FD2375","ﾃﾝﾈﾝﾁｬﾀｹﾈｺｼｼｭｳ","","","","62","","0","M","","0","","","","","181","","","0","1","0","0","0","0","0","1","1","0","0","2","0","2","0","0","2","016","2","","2026","000","2026","","012","","","","","","","","","","","","2","","30","20260417","0","","","","1923","490","","","","","","","","","","","","","","","","","","","","","","","","","","","","","","","","","","","","","","","","","","","","","","","","","","","","","","","","","","","","","","","","","","","0.034","42","0.00","0","","11.30",""
"FD2376H","FD2376","ﾃﾝﾈﾝﾀﾀﾐﾜﾌｳｷｼﾞ","","","","10","","0","M","","0","","","","","181","","","0","1","0","0","0","0","0","1","1","0","0","2","0","2","0","0","2","016","2","","2026","000","2026","","012","","","","","","","","","","","","2","","30","20260417","0","","","","1873","490","","","","","","","","","","","","","","","","","","","","","","","","","","","","","","","","","","","","","","","","","","","","","","","","","","","","","","","","","","","","","","","","","","","0.034","42","0.00","0","","11.00",""
"FD2377R","FD2377","ｶﾞﾗ　ﾀﾀﾐ","","","","11","","0","M","","0","","","","","801","","","0","1","0","0","0","0","0","1","1","0","0","2","0","2","0","0","2","016","2","","2026","000","2026","","117","","","","","","","","","","","","2","","30","20260417","890","","710.00","","710","1290","","","","","","","","","","","","","","","","","","","","","","","","","","","","","","","","","","","","","","","","","","","","","","","","","","","","","","","","","","","","","","","","","","","0","0","0.00","0","","",""
"FD2378R","FD2378","ﾑｼﾞ　ﾀﾀﾐ","","","","20","","0","M","","0","","","","","801","","","0","1","0","0","0","0","0","1","1","0","0","2","0","2","0","0","2","016","2","","2026","000","2026","","117","","","","","","","","","","","","2","","30","20260417","890","","710.00","","710","1290","","","","","","","","","","","","","","","","","","","","","","","","","","","","","","","","","","","","","","","","","","","","","","","","","","","","","","","","","","","","","","","","","","","0","0","0.00","0","","",""
"FD2379H","FD2379","ﾃﾝﾈﾝﾁｬﾀｹｲﾁｺﾞﾈｰﾑ","","","","11","","0","M","","0","","","","","181","","","0","1","0","0","0","0","0","1","1","0","0","2","0","2","0","0","2","016","2","","2026","000","2026","","116","","","","","","","","","","","","2","","30","20260417","0","","","","1923","490","","","","","","","","","","","","","","","","","","","","","","","","","","","","","","","","","","","","","","","","","","","","","","","","","","","","","","","","","","","","","","","","","","","0.034","42","0.00","0","","11.30",""
"FD2380H","FD2380","4KDｿﾄﾇｲｹｰｷｼｼｭｳ","","","","62","","0","M","","0","","","","","181","","","0","1","0","0","0","0","0","1","1","0","0","2","0","2","0","0","2","016","2","","2026","000","2026","","012","","","","","","","","","","","","2","","30","20260417","0","","","","0","490","","","","","","","","","","","","","","","","","","","","","","","","","","","","","","","","","","","","","","","","","","","","","","","","","","","","","","","","","","","","","","","","","","","0.034","42","0.00","0","","0.00",""
"FD2380V","FD2380","4KDｿﾄﾇｲｹｰｷｼｼｭｳ","","","","62","","0","M","","0","","","","","437","","","0","1","0","0","0","0","0","1","1","0","0","2","0","2","0","0","2","016","2","","2026","000","2026","","012","","","","","","","","","","","","2","","30","20260417","0","","","","0","490","","","","","","","","","","","","","","","","","","","","","","","","","","","","","","","","","","","","","","","","","","","","","","","","","","","","","","","","","","","","","","","","","","","0.034","42","0.00","0","","0.00",""
"FD2381H","FD2381","4KDｸﾛﾈｺ","","","","80","","0","M","","0","","","","","181","","","0","1","0","0","0","0","0","1","1","0","0","2","0","2","0","0","2","016","2","","2026","000","2026","","012","","","","","","","","","","","","2","","30","20260417","0","","","","0","490","","","","","","","","","","","","","","","","","","","","","","","","","","","","","","","","","","","","","","","","","","","","","","","","","","","","","","","","","","","","","","","","","","","0.034","42","0.00","0","","0.00",""
"FD2381V","FD2381","4KDｸﾛﾈｺ","","","","80","","0","M","","0","","","","","437","","","0","1","0","0","0","0","0","1","1","0","0","2","0","2","0","0","2","016","2","","2026","000","2026","","012","","","","","","","","","","","","2","","30","20260417","0","","","","0","490","","","","","","","","","","","","","","","","","","","","","","","","","","","","","","","","","","","","","","","","","","","","","","","","","","","","","","","","","","","","","","","","","","","0.034","42","0.00","0","","0.00",""
"FD2382V","FD2382","4KDﾑｼﾞﾈｰﾑ","","","","30","","0","M","","0","","","","","437","","","0","1","0","0","0","0","0","1","1","0","0","2","0","2","0","0","2","016","2","","2026","000","2026","","133","","","","","","","","","","","","2","","30","20260417","0","","","","0","490","","","","","","","","","","","","","","","","","","","","","","","","","","","","","","","","","","","","","","","","","","","","","","","","","","","","","","","","","","","","","","","","","","","0.034","42","0.00","0","","0.00",""
"FD2382V","FD2382","4KDﾑｼﾞﾈｰﾑ","","","","30","","0","L","","0","","","","","437","","","0","1","0","0","0","0","0","1","1","0","0","2","0","2","0","0","2","016","2","","2026","000","2026","","133","","","","","","","","","","","","2","","30","20260417","0","","","","0","490","","","","","","","","","","","","","","","","","","","","","","","","","","","","","","","","","","","","","","","","","","","","","","","","","","","","","","","","","","","","","","","","","","","0.034","42","0.00","0","","0.00",""
"FD2382V","FD2382","4KDﾑｼﾞﾈｰﾑ","","","","40","","0","M","","0","","","","","437","","","0","1","0","0","0","0","0","1","1","0","0","2","0","2","0","0","2","016","2","","2026","000","2026","","133","","","","","","","","","","","","2","","30","20260417","0","","","","0","490","","","","","","","","","","","","","","","","","","","","","","","","","","","","","","","","","","","","","","","","","","","","","","","","","","","","","","","","","","","","","","","","","","","0.034","42","0.00","0","","0.00",""
"FD2382V","FD2382","4KDﾑｼﾞﾈｰﾑ","","","","40","","0","L","","0","","","","","437","","","0","1","0","0","0","0","0","1","1","0","0","2","0","2","0","0","2","016","2","","2026","000","2026","","133","","","","","","","","","","","","2","","30","20260417","0","","","","0","490","","","","","","","","","","","","","","","","","","","","","","","","","","","","","","","","","","","","","","","","","","","","","","","","","","","","","","","","","","","","","","","","","","","0.034","42","0.00","0","","0.00",""
"FD2382V","FD2382","4KDﾑｼﾞﾈｰﾑ","","","","62","","0","M","","0","","","","","437","","","0","1","0","0","0","0","0","1","1","0","0","2","0","2","0","0","2","016","2","","2026","000","2026","","133","","","","","","","","","","","","2","","30","20260417","0","","","","0","490","","","","","","","","","","","","","","","","","","","","","","","","","","","","","","","","","","","","","","","","","","","","","","","","","","","","","","","","","","","","","","","","","","","0.034","42","0.00","0","","0.00",""
"FD2382V","FD2382","4KDﾑｼﾞﾈｰﾑ","","","","62","","0","L","","0","","","","","437","","","0","1","0","0","0","0","0","1","1","0","0","2","0","2","0","0","2","016","2","","2026","000","2026","","133","","","","","","","","","","","","2","","30","20260417","0","","","","0","490","","","","","","","","","","","","","","","","","","","","","","","","","","","","","","","","","","","","","","","","","","","","","","","","","","","","","","","","","","","","","","","","","","","0.034","42","0.00","0","","0.00",""
"FD2382V","FD2382","4KDﾑｼﾞﾈｰﾑ","","","","80","","0","M","","0","","","","","437","","","0","1","0","0","0","0","0","1","1","0","0","2","0","2","0","0","2","016","2","","2026","000","2026","","133","","","","","","","","","","","","2","","30","20260417","0","","","","0","490","","","","","","","","","","","","","","","","","","","","","","","","","","","","","","","","","","","","","","","","","","","","","","","","","","","","","","","","","","","","","","","","","","","0.034","42","0.00","0","","0.00",""
"FD2382V","FD2382","4KDﾑｼﾞﾈｰﾑ","","","","80","","0","L","","0","","","","","437","","","0","1","0","0","0","0","0","1","1","0","0","2","0","2","0","0","2","016","2","","2026","000","2026","","133","","","","","","","","","","","","2","","30","20260417","0","","","","0","490","","","","","","","","","","","","","","","","","","","","","","","","","","","","","","","","","","","","","","","","","","","","","","","","","","","","","","","","","","","","","","","","","","","0.034","42","0.00","0","","0.00",""
"FD2382V","FD2382","4KDﾑｼﾞﾈｰﾑ","","","","90","","0","M","","0","","","","","437","","","0","1","0","0","0","0","0","1","1","0","0","2","0","2","0","0","2","016","2","","2026","000","2026","","133","","","","","","","","","","","","2","","30","20260417","0","","","","0","490","","","","","","","","","","","","","","","","","","","","","","","","","","","","","","","","","","","","","","","","","","","","","","","","","","","","","","","","","","","","","","","","","","","0.034","42","0.00","0","","0.00",""
"FD2382V","FD2382","4KDﾑｼﾞﾈｰﾑ","","","","90","","0","L","","0","","","","","437","","","0","1","0","0","0","0","0","1","1","0","0","2","0","2","0","0","2","016","2","","2026","000","2026","","133","","","","","","","","","","","","2","","30","20260417","0","","","","0","490","","","","","","","","","","","","","","","","","","","","","","","","","","","","","","","","","","","","","","","","","","","","","","","","","","","","","","","","","","","","","","","","","","","0.034","42","0.00","0","","0.00",""
"FD2383H","FD2383","4KDﾗｰﾒﾝﾈｰﾑ","","","","10","","0","M","","0","","","","","181","","","0","1","0","0","0","0","0","1","1","0","0","2","0","2","0","0","2","016","2","","2026","000","2026","","133","","","","","","","","","","","","2","","30","20260417","0","","","","0","490","","","","","","","","","","","","","","","","","","","","","","","","","","","","","","","","","","","","","","","","","","","","","","","","","","","","","","","","","","","","","","","","","","","0.034","42","0.00","0","","0.00",""
"FD2384H","FD2384","4KDﾁﾝﾁﾗｿｰﾀﾞ","","","","62","","0","M","","0","","","","","181","","","0","1","0","0","0","0","0","1","1","0","0","2","0","2","0","0","2","016","2","","2026","000","2026","","116","","","","","","","","","","","","2","","30","20260417","0","","","","0","490","","","","","","","","","","","","","","","","","","","","","","","","","","","","","","","","","","","","","","","","","","","","","","","","","","","","","","","","","","","","","","","","","","","0.034","42","0.00","0","","0.00",""
"FD2385H","FD2385","4KDﾄﾗﾈｺ","","","","70","","0","M","","0","","","","","181","","","0","1","0","0","0","0","0","1","1","0","0","2","0","2","0","0","2","016","2","","2026","000","2026","","116","","","","","","","","","","","","2","","30","20260417","0","","","","0","490","","","","","","","","","","","","","","","","","","","","","","","","","","","","","","","","","","","","","","","","","","","","","","","","","","","","","","","","","","","","","","","","","","","0.034","42","0.00","0","","0.00",""
"FD2386H","FD2386","ﾃﾝﾈﾝﾋﾞｰﾙｼｼｭｳ","","","","62","","0","M","","0","","","","","181","","","0","1","0","0","0","0","0","1","1","0","0","2","0","2","0","0","2","016","2","","2026","000","2026","","012","","","","","","","","","","","","2","","30","20260417","0","","","","0","490","","","","","","","","","","","","","","","","","","","","","","","","","","","","","","","","","","","","","","","","","","","","","","","","","","","","","","","","","","","","","","","","","","","0.034","42","0.00","0","","0.00",""
"FD2387H","FD2387","ﾃﾝﾈﾝﾈｺｹﾘｹﾘｼｼｭｳ","","","","70","","0","M","","0","","","","","181","","","0","1","0","0","0","0","0","1","1","0","0","2","0","2","0","0","2","016","2","","2026","000","2026","","133","","","","","","","","","","","","2","","30","20260417","0","","","","0","490","","","","","","","","","","","","","","","","","","","","","","","","","","","","","","","","","","","","","","","","","","","","","","","","","","","","","","","","","","","","","","","","","","","0.034","42","0.00","0","","0.00",""
"FD2387H","FD2387","ﾃﾝﾈﾝﾈｺｹﾘｹﾘｼｼｭｳ","","","","70","","0","L","","0","","","","","181","","","0","1","0","0","0","0","0","1","1","0","0","2","0","2","0","0","2","016","2","","2026","000","2026","","133","","","","","","","","","","","","2","","30","20260417","0","","","","0","490","","","","","","","","","","","","","","","","","","","","","","","","","","","","","","","","","","","","","","","","","","","","","","","","","","","","","","","","","","","","","","","","","","","0.034","42","0.00","0","","0.00",""
"FD2387H","FD2387","ﾃﾝﾈﾝﾈｺｹﾘｹﾘｼｼｭｳ","","","","90","","0","M","","0","","","","","181","","","0","1","0","0","0","0","0","1","1","0","0","2","0","2","0","0","2","016","2","","2026","000","2026","","133","","","","","","","","","","","","2","","30","20260417","0","","","","0","490","","","","","","","","","","","","","","","","","","","","","","","","","","","","","","","","","","","","","","","","","","","","","","","","","","","","","","","","","","","","","","","","","","","0.034","42","0.00","0","","0.00",""
"FD2387H","FD2387","ﾃﾝﾈﾝﾈｺｹﾘｹﾘｼｼｭｳ","","","","90","","0","L","","0","","","","","181","","","0","1","0","0","0","0","0","1","1","0","0","2","0","2","0","0","2","016","2","","2026","000","2026","","133","","","","","","","","","","","","2","","30","20260417","0","","","","0","490","","","","","","","","","","","","","","","","","","","","","","","","","","","","","","","","","","","","","","","","","","","","","","","","","","","","","","","","","","","","","","","","","","","0.034","42","0.00","0","","0.00",""
"FD2388V","FD2388","4KDｼﾛｸﾏｵﾌﾛﾈｰﾑ","","","","21","","0","M","","0","","","","","437","","","0","1","0","0","0","0","0","1","1","0","0","2","0","2","0","0","2","016","2","","2026","000","2026","","122","","","","","","","","","","","","2","","30","20260417","0","","","","0","490","","","","","","","","","","","","","","","","","","","","","","","","","","","","","","","","","","","","","","","","","","","","","","","","","","","","","","","","","","","","","","","","","","","0.034","42","0.00","0","","0.00",""
"FD2388V","FD2388","4KDｼﾛｸﾏｵﾌﾛﾈｰﾑ","","","","21","","0","L","","0","","","","","437","","","0","1","0","0","0","0","0","1","1","0","0","2","0","2","0","0","2","016","2","","2026","000","2026","","122","","","","","","","","","","","","2","","30","20260417","0","","","","0","490","","","","","","","","","","","","","","","","","","","","","","","","","","","","","","","","","","","","","","","","","","","","","","","","","","","","","","","","","","","","","","","","","","","0.034","42","0.00","0","","0.00",""
"FD2388V","FD2388","4KDｼﾛｸﾏｵﾌﾛﾈｰﾑ","","","","80","","0","M","","0","","","","","437","","","0","1","0","0","0","0","0","1","1","0","0","2","0","2","0","0","2","016","2","","2026","000","2026","","122","","","","","","","","","","","","2","","30","20260417","0","","","","0","490","","","","","","","","","","","","","","","","","","","","","","","","","","","","","","","","","","","","","","","","","","","","","","","","","","","","","","","","","","","","","","","","","","","0.034","42","0.00","0","","0.00",""
"FD2388V","FD2388","4KDｼﾛｸﾏｵﾌﾛﾈｰﾑ","","","","80","","0","L","","0","","","","","437","","","0","1","0","0","0","0","0","1","1","0","0","2","0","2","0","0","2","016","2","","2026","000","2026","","122","","","","","","","","","","","","2","","30","20260417","0","","","","0","490","","","","","","","","","","","","","","","","","","","","","","","","","","","","","","","","","","","","","","","","","","","","","","","","","","","","","","","","","","","","","","","","","","","0.034","42","0.00","0","","0.00",""
"FD2389V","FD2389","4KDﾈｺｵﾌﾛﾈｰﾑ","","","","11","","0","M","","0","","","","","437","","","0","1","0","0","0","0","0","1","1","0","0","2","0","2","0","0","2","016","2","","2026","000","2026","","122","","","","","","","","","","","","2","","30","20260417","0","","","","0","490","","","","","","","","","","","","","","","","","","","","","","","","","","","","","","","","","","","","","","","","","","","","","","","","","","","","","","","","","","","","","","","","","","","0.034","42","0.00","0","","0.00",""
"FD2390H","FD2390","4KDﾅｶｲﾀｻｶﾅｼｼｭｳ","","","","31","","0","M","","0","","","","","181","","","0","1","0","0","0","0","0","1","1","0","0","2","0","2","0","0","2","016","2","","2026","000","2026","","122","","","","","","","","","","","","2","","30","20260417","0","","","","0","490","","","","","","","","","","","","","","","","","","","","","","","","","","","","","","","","","","","","","","","","","","","","","","","","","","","","","","","","","","","","","","","","","","","0.034","42","0.00","0","","0.00",""
"FD2391V","FD2391","ﾃﾝﾈﾝﾑｼﾞﾁｬﾀｹ","","","","50","","0","M","","0","","","","","437","","","0","1","0","0","0","0","0","1","1","0","0","2","0","2","0","0","2","016","2","","2026","000","2026","","122","","","","","","","","","","","","2","","30","20260417","0","","","","0","490","","","","","","","","","","","","","","","","","","","","","","","","","","","","","","","","","","","","","","","","","","","","","","","","","","","","","","","","","","","","","","","","","","","0.034","42","0.00","0","","0.00",""
"FD2391V","FD2391","ﾃﾝﾈﾝﾑｼﾞﾁｬﾀｹ","","","","50","","0","L","","0","","","","","437","","","0","1","0","0","0","0","0","1","1","0","0","2","0","2","0","0","2","016","2","","2026","000","2026","","122","","","","","","","","","","","","2","","30","20260417","0","","","","0","490","","","","","","","","","","","","","","","","","","","","","","","","","","","","","","","","","","","","","","","","","","","","","","","","","","","","","","","","","","","","","","","","","","","0.034","42","0.00","0","","0.00",""
"FD2391V","FD2391","ﾃﾝﾈﾝﾑｼﾞﾁｬﾀｹ","","","","90","","0","M","","0","","","","","437","","","0","1","0","0","0","0","0","1","1","0","0","2","0","2","0","0","2","016","2","","2026","000","2026","","122","","","","","","","","","","","","2","","30","20260417","0","","","","0","490","","","","","","","","","","","","","","","","","","","","","","","","","","","","","","","","","","","","","","","","","","","","","","","","","","","","","","","","","","","","","","","","","","","0.034","42","0.00","0","","0.00",""
"FD2391V","FD2391","ﾃﾝﾈﾝﾑｼﾞﾁｬﾀｹ","","","","90","","0","L","","0","","","","","437","","","0","1","0","0","0","0","0","1","1","0","0","2","0","2","0","0","2","016","2","","2026","000","2026","","122","","","","","","","","","","","","2","","30","20260417","0","","","","0","490","","","","","","","","","","","","","","","","","","","","","","","","","","","","","","","","","","","","","","","","","","","","","","","","","","","","","","","","","","","","","","","","","","","0.034","42","0.00","0","","0.00",""
"FD2392H","FD2392","ﾃﾝﾈﾝｲﾁｺﾞﾀﾞｲﾌｸﾀﾀﾐ","","","","11","","0","M","","0","","","","","181","","","0","1","0","0","0","0","0","1","1","0","0","2","0","2","0","0","2","016","2","","2026","000","2026","","122","","","","","","","","","","","","2","","30","20260417","0","","","","0","490","","","","","","","","","","","","","","","","","","","","","","","","","","","","","","","","","","","","","","","","","","","","","","","","","","","","","","","","","","","","","","","","","","","0.034","42","0.00","0","","0.00",""
"FD2393V","FD2393","KE Betty Boop ﾋｮｳ","","","","11","","0","M","","0","","","","","437","","","0","1","0","0","0","0","0","1","1","0","0","2","0","2","0","0","2","016","2","","2026","101","2026","","122","","","","","","","","","","","","2","","30","20260417","0","","","","3112","1500","","","","","","","","","","","","","","","","","","","","","","","","","","","","","","","","","","","","","","","","","","","","","","","","","","","","","","","","","","","","","","","","","","","0.034","42","90.00","0","","17.90",""
"FD2394W","FD2394","ﾃﾝﾈﾝﾁｬﾀｹｼｼﾞﾗ","","","","30","","0","M","","0","","","","","105","","","0","1","0","0","0","0","0","1","1","0","0","2","0","2","0","0","2","016","2","","2026","000","2026","","012","","","","","","","","","","","","2","","30","20260417","0","","","","0","490","","","","","","","","","","","","","","","","","","","","","","","","","","","","","","","","","","","","","","","","","","","","","","","","","","","","","","","","","","","","","","","","","","","0.034","45","0.00","0","","0.00",""
"FD2394W","FD2394","ﾃﾝﾈﾝﾁｬﾀｹｼｼﾞﾗ","","","","30","","0","L","","0","","","","","105","","","0","1","0","0","0","0","0","1","1","0","0","2","0","2","0","0","2","016","2","","2026","000","2026","","012","","","","","","","","","","","","2","","30","20260417","0","","","","0","490","","","","","","","","","","","","","","","","","","","","","","","","","","","","","","","","","","","","","","","","","","","","","","","","","","","","","","","","","","","","","","","","","","","0.034","45","0.00","0","","0.00",""
"FD2394W","FD2394","ﾃﾝﾈﾝﾁｬﾀｹｼｼﾞﾗ","","","","62","","0","M","","0","","","","","105","","","0","1","0","0","0","0","0","1","1","0","0","2","0","2","0","0","2","016","2","","2026","000","2026","","012","","","","","","","","","","","","2","","30","20260417","0","","","","0","490","","","","","","","","","","","","","","","","","","","","","","","","","","","","","","","","","","","","","","","","","","","","","","","","","","","","","","","","","","","","","","","","","","","0.034","45","0.00","0","","0.00",""
"FD2394W","FD2394","ﾃﾝﾈﾝﾁｬﾀｹｼｼﾞﾗ","","","","62","","0","L","","0","","","","","105","","","0","1","0","0","0","0","0","1","1","0","0","2","0","2","0","0","2","016","2","","2026","000","2026","","012","","","","","","","","","","","","2","","30","20260417","0","","","","0","490","","","","","","","","","","","","","","","","","","","","","","","","","","","","","","","","","","","","","","","","","","","","","","","","","","","","","","","","","","","","","","","","","","","0.034","45","0.00","0","","0.00",""
"FD2395W","FD2395","ﾃﾝﾈﾝﾁｬﾀｹｷﾎﾞﾘﾈｺ","","","","30","","0","M","","0","","","","","105","","","0","1","0","0","0","0","0","1","1","0","0","2","0","2","0","0","2","016","2","","2026","000","2026","","116","","","","","","","","","","","","2","","30","20260417","0","","","","0","490","","","","","","","","","","","","","","","","","","","","","","","","","","","","","","","","","","","","","","","","","","","","","","","","","","","","","","","","","","","","","","","","","","","0.034","45","0.00","0","","0.00",""
"FD2396W","FD2396","ﾃﾝﾈﾝﾀﾀﾐﾕｳﾚｲ","","","","50","","0","M","","0","","","","","105","","","0","1","0","0","0","0","0","1","1","0","0","2","0","2","0","0","2","016","2","","2026","000","2026","","012","","","","","","","","","","","","2","","30","20260417","0","","","","0","490","","","","","","","","","","","","","","","","","","","","","","","","","","","","","","","","","","","","","","","","","","","","","","","","","","","","","","","","","","","","","","","","","","","0.034","45","0.00","0","","0.00",""
"FD2397W","FD2397","ﾃﾝﾈﾝﾀｹｼｬｹ","","","","20","","0","M","","0","","","","","105","","","0","1","0","0","0","0","0","1","1","0","0","2","0","2","0","0","2","016","2","","2026","000","2026","","133","","","","","","","","","","","","2","","30","20260417","0","","","","0","490","","","","","","","","","","","","","","","","","","","","","","","","","","","","","","","","","","","","","","","","","","","","","","","","","","","","","","","","","","","","","","","","","","","0.034","45","0.00","0","","0.00",""
"FD2397W","FD2397","ﾃﾝﾈﾝﾀｹｼｬｹ","","","","20","","0","L","","0","","","","","105","","","0","1","0","0","0","0","0","1","1","0","0","2","0","2","0","0","2","016","2","","2026","000","2026","","133","","","","","","","","","","","","2","","30","20260417","0","","","","0","490","","","","","","","","","","","","","","","","","","","","","","","","","","","","","","","","","","","","","","","","","","","","","","","","","","","","","","","","","","","","","","","","","","","0.034","45","0.00","0","","0.00",""
"FD2397W","FD2397","ﾃﾝﾈﾝﾀｹｼｬｹ","","","","80","","0","M","","0","","","","","105","","","0","1","0","0","0","0","0","1","1","0","0","2","0","2","0","0","2","016","2","","2026","000","2026","","133","","","","","","","","","","","","2","","30","20260417","0","","","","0","490","","","","","","","","","","","","","","","","","","","","","","","","","","","","","","","","","","","","","","","","","","","","","","","","","","","","","","","","","","","","","","","","","","","0.034","45","0.00","0","","0.00",""
"FD2397W","FD2397","ﾃﾝﾈﾝﾀｹｼｬｹ","","","","80","","0","L","","0","","","","","105","","","0","1","0","0","0","0","0","1","1","0","0","2","0","2","0","0","2","016","2","","2026","000","2026","","133","","","","","","","","","","","","2","","30","20260417","0","","","","0","490","","","","","","","","","","","","","","","","","","","","","","","","","","","","","","","","","","","","","","","","","","","","","","","","","","","","","","","","","","","","","","","","","","","0.034","45","0.00","0","","0.00",""
"FD2398V","FD2398","ﾁｭｰﾙﾌﾘﾙｿﾄﾇｲ","","","","11","","0","00","","0","","","","","437","","","0","1","0","0","0","0","0","1","1","0","0","2","0","2","0","0","2","016","2","","2026","000","2026","","327","","","","","","","","","","","","2","","30","20260417","0","","","","3213","990","","","","","","","","","","","","","","","","","","","","","","","","","","","","","","","","","","","","","","","","","","","","","","","","","","","","","","","","","","","","","","","","","","","0.034","42","0.00","0","","19.05",""
"FD2398V","FD2398","ﾁｭｰﾙﾌﾘﾙｿﾄﾇｲ","","","","11","","0","M","","0","","","","","437","","","0","1","0","0","0","0","0","1","1","0","0","2","0","2","0","0","2","016","2","","2026","000","2026","","327","","","","","","","","","","","","2","","30","20260417","0","","","","3213","990","","","","","","","","","","","","","","","","","","","","","","","","","","","","","","","","","","","","","","","","","","","","","","","","","","","","","","","","","","","","","","","","","","","0.034","42","0.00","0","","19.05",""
"FD2398V","FD2398","ﾁｭｰﾙﾌﾘﾙｿﾄﾇｲ","","","","20","","0","00","","0","","","","","437","","","0","1","0","0","0","0","0","1","1","0","0","2","0","2","0","0","2","016","2","","2026","000","2026","","327","","","","","","","","","","","","2","","30","20260417","0","","","","3213","990","","","","","","","","","","","","","","","","","","","","","","","","","","","","","","","","","","","","","","","","","","","","","","","","","","","","","","","","","","","","","","","","","","","0.034","42","0.00","0","","19.05",""
"FD2398V","FD2398","ﾁｭｰﾙﾌﾘﾙｿﾄﾇｲ","","","","20","","0","M","","0","","","","","437","","","0","1","0","0","0","0","0","1","1","0","0","2","0","2","0","0","2","016","2","","2026","000","2026","","327","","","","","","","","","","","","2","","30","20260417","0","","","","3213","990","","","","","","","","","","","","","","","","","","","","","","","","","","","","","","","","","","","","","","","","","","","","","","","","","","","","","","","","","","","","","","","","","","","0.034","42","0.00","0","","19.05",""
"FD2398V","FD2398","ﾁｭｰﾙﾌﾘﾙｿﾄﾇｲ","","","","32","","0","00","","0","","","","","437","","","0","1","0","0","0","0","0","1","1","0","0","2","0","2","0","0","2","016","2","","2026","000","2026","","327","","","","","","","","","","","","2","","30","20260417","0","","","","3213","990","","","","","","","","","","","","","","","","","","","","","","","","","","","","","","","","","","","","","","","","","","","","","","","","","","","","","","","","","","","","","","","","","","","0.034","42","0.00","0","","19.05",""
"FD2398V","FD2398","ﾁｭｰﾙﾌﾘﾙｿﾄﾇｲ","","","","32","","0","M","","0","","","","","437","","","0","1","0","0","0","0","0","1","1","0","0","2","0","2","0","0","2","016","2","","2026","000","2026","","327","","","","","","","","","","","","2","","30","20260417","0","","","","3213","990","","","","","","","","","","","","","","","","","","","","","","","","","","","","","","","","","","","","","","","","","","","","","","","","","","","","","","","","","","","","","","","","","","","0.034","42","0.00","0","","19.05",""
"FD2399V","FD2399","ﾘﾎﾞﾝｿﾄﾇｲﾁｬﾀｹ","","","","11","","0","M","","0","","","","","437","","","0","1","0","0","0","0","0","1","1","0","0","2","0","2","0","0","2","016","2","","2026","000","2026","","122","","","","","","","","","","","","2","","30","20260417","0","","","","2423","990","","","","","","","","","","","","","","","","","","","","","","","","","","","","","","","","","","","","","","","","","","","","","","","","","","","","","","","","","","","","","","","","","","","0.034","42","0.00","0","","14.30",""
"FD2399V","FD2399","ﾘﾎﾞﾝｿﾄﾇｲﾁｬﾀｹ","","","","61","","0","M","","0","","","","","437","","","0","1","0","0","0","0","0","1","1","0","0","2","0","2","0","0","2","016","2","","2026","000","2026","","122","","","","","","","","","","","","2","","30","20260417","0","","","","2423","990","","","","","","","","","","","","","","","","","","","","","","","","","","","","","","","","","","","","","","","","","","","","","","","","","","","","","","","","","","","","","","","","","","","0.034","42","0.00","0","","14.30",""
"FD2399V","FD2399","ﾘﾎﾞﾝｿﾄﾇｲﾁｬﾀｹ","","","","80","","0","M","","0","","","","","437","","","0","1","0","0","0","0","0","1","1","0","0","2","0","2","0","0","2","016","2","","2026","000","2026","","122","","","","","","","","","","","","2","","30","20260417","0","","","","2423","990","","","","","","","","","","","","","","","","","","","","","","","","","","","","","","","","","","","","","","","","","","","","","","","","","","","","","","","","","","","","","","","","","","","0.034","42","0.00","0","","14.30",""
"FD2399V","FD2399","ﾘﾎﾞﾝｿﾄﾇｲﾁｬﾀｹ","","","","90","","0","M","","0","","","","","437","","","0","1","0","0","0","0","0","1","1","0","0","2","0","2","0","0","2","016","2","","2026","000","2026","","122","","","","","","","","","","","","2","","30","20260417","0","","","","2423","990","","","","","","","","","","","","","","","","","","","","","","","","","","","","","","","","","","","","","","","","","","","","","","","","","","","","","","","","","","","","","","","","","","","0.034","42","0.00","0","","14.30",""
"FD2400V","FD2400","ﾘﾎﾞﾝｿﾄﾇｲ","","","","32","","0","M","","0","","","","","437","","","0","1","0","0","0","0","0","1","1","0","0","2","0","2","0","0","2","016","2","","2026","000","2026","","012","","","","","","","","","","","","2","","30","20260417","0","","","","2556","990","","","","","","","","","","","","","","","","","","","","","","","","","","","","","","","","","","","","","","","","","","","","","","","","","","","","","","","","","","","","","","","","","","","0.034","42","0.00","0","","15.10",""
"FD2400V","FD2400","ﾘﾎﾞﾝｿﾄﾇｲ","","","","50","","0","M","","0","","","","","437","","","0","1","0","0","0","0","0","1","1","0","0","2","0","2","0","0","2","016","2","","2026","000","2026","","012","","","","","","","","","","","","2","","30","20260417","0","","","","2556","990","","","","","","","","","","","","","","","","","","","","","","","","","","","","","","","","","","","","","","","","","","","","","","","","","","","","","","","","","","","","","","","","","","","0.034","42","0.00","0","","15.10",""
"FD2400V","FD2400","ﾘﾎﾞﾝｿﾄﾇｲ","","","","80","","0","M","","0","","","","","437","","","0","1","0","0","0","0","0","1","1","0","0","2","0","2","0","0","2","016","2","","2026","000","2026","","012","","","","","","","","","","","","2","","30","20260417","0","","","","2556","990","","","","","","","","","","","","","","","","","","","","","","","","","","","","","","","","","","","","","","","","","","","","","","","","","","","","","","","","","","","","","","","","","","","0.034","42","0.00","0","","15.10",""
"FD2401V","FD2401","ｸﾛｽﾘﾎﾞﾝｿﾄﾇｲ","","","","30","","0","M","","0","","","","","437","","","0","1","0","0","0","0","0","1","1","0","0","2","0","2","0","0","2","016","2","","2026","000","2026","","116","","","","","","","","","","","","2","","30","20260417","0","","","","2473","0","","","","","","","","","","","","","","","","","","","","","","","","","","","","","","","","","","","","","","","","","","","","","","","","","","","","","","","","","","","","","","","","","","","0.034","42","0.00","0","","14.60",""
"FD2401V","FD2401","ｸﾛｽﾘﾎﾞﾝｿﾄﾇｲ","","","","40","","0","M","","0","","","","","437","","","0","1","0","0","0","0","0","1","1","0","0","2","0","2","0","0","2","016","2","","2026","000","2026","","116","","","","","","","","","","","","2","","30","20260417","0","","","","2473","0","","","","","","","","","","","","","","","","","","","","","","","","","","","","","","","","","","","","","","","","","","","","","","","","","","","","","","","","","","","","","","","","","","","0.034","42","0.00","0","","14.60",""
"FD2401V","FD2401","ｸﾛｽﾘﾎﾞﾝｿﾄﾇｲ","","","","90","","0","M","","0","","","","","437","","","0","1","0","0","0","0","0","1","1","0","0","2","0","2","0","0","2","016","2","","2026","000","2026","","116","","","","","","","","","","","","2","","30","20260417","0","","","","2473","0","","","","","","","","","","","","","","","","","","","","","","","","","","","","","","","","","","","","","","","","","","","","","","","","","","","","","","","","","","","","","","","","","","","0.034","42","0.00","0","","14.60",""
"FD2402V","FD2402","ｾﾞﾌﾞﾗｶﾞﾗｸﾛｽﾊﾞﾝﾄﾞP","","","","11","","0","M","","0","","","","","437","","","0","1","0","0","0","0","0","1","1","0","0","2","0","2","0","0","2","016","2","","2026","000","2026","","012","","","","","","","","","","","","2","","30","20260417","550","","","","2285","890","","","","","","","","","","","","","","","","","","","","","","","","","","","","","","","","","","","","","","","","","","","","","","","","","","","","","","","","","","","","","","","","","","","0.08","42","0.00","0","","12.90",""
"FD2403V","FD2403","ﾋｮｳｶﾞﾗｸﾛｽﾊﾞﾝﾄﾞBR","","","","40","","0","M","","0","","","","","437","","","0","1","0","0","0","0","0","1","1","0","0","2","0","2","0","0","2","016","2","","2026","000","2026","","012","","","","","","","","","","","","2","","30","20260417","550","","","","2285","890","","","","","","","","","","","","","","","","","","","","","","","","","","","","","","","","","","","","","","","","","","","","","","","","","","","","","","","","","","","","","","","","","","","0.08","42","0.00","0","","12.90",""
"FD2404V","FD2404","ﾋｮｳｶﾞﾗｸﾛｽﾊﾞﾝﾄﾞGR","","","","80","","0","M","","0","","","","","437","","","0","1","0","0","0","0","0","1","1","0","0","2","0","2","0","0","2","016","2","","2026","000","2026","","012","","","","","","","","","","","","2","","30","20260417","550","","","","2285","890","","","","","","","","","","","","","","","","","","","","","","","","","","","","","","","","","","","","","","","","","","","","","","","","","","","","","","","","","","","","","","","","","","","0.08","42","0.00","0","","12.90",""
"FD2405V","FD2405","ﾋｮｳｶﾞﾗｸﾛｽﾊﾞﾝﾄﾞBK","","","","90","","0","M","","0","","","","","437","","","0","1","0","0","0","0","0","1","1","0","0","2","0","2","0","0","2","016","2","","2026","000","2026","","012","","","","","","","","","","","","2","","30","20260417","550","","","","2285","890","","","","","","","","","","","","","","","","","","","","","","","","","","","","","","","","","","","","","","","","","","","","","","","","","","","","","","","","","","","","","","","","","","","0.08","42","0.00","0","","12.90",""
"FD2406F","FD2406","ﾑｼﾞ　畳","","","","65","","0","M","","0","","","","","411","","","0","1","0","0","0","0","0","1","1","0","0","2","0","2","0","0","2","016","2","","2026","000","2026","","128","","","","","","","","","","","","2","","30","20260417","0","","","","0","0","","","","","","","","","","","","","","","","","","","","","","","","","","","","","","","","","","","","","","","","","","","","","","","","","","","","","","","","","","","","","","","","","","","0.034","42","0.00","0","","0.00",""
"FD2406F","FD2406","ﾑｼﾞ　畳","","","","75","","0","M","","0","","","","","411","","","0","1","0","0","0","0","0","1","1","0","0","2","0","2","0","0","2","016","2","","2026","000","2026","","128","","","","","","","","","","","","2","","30","20260417","0","","","","0","0","","","","","","","","","","","","","","","","","","","","","","","","","","","","","","","","","","","","","","","","","","","","","","","","","","","","","","","","","","","","","","","","","","","0.034","42","0.00","0","","0.00",""
"FD2407F","FD2407","ｽﾄﾗｲﾌﾟ　竹","","","","15","","0","M","","0","","","","","411","","","0","1","0","0","0","0","0","1","1","0","0","2","0","2","0","0","2","016","2","","2026","000","2026","","128","","","","","","","","","","","","2","","30","20260417","0","","","","0","0","","","","","","","","","","","","","","","","","","","","","","","","","","","","","","","","","","","","","","","","","","","","","","","","","","","","","","","","","","","","","","","","","","","0.034","42","0.00","0","","0.00",""
"FD2407F","FD2407","ｽﾄﾗｲﾌﾟ　竹","","","","45","","0","M","","0","","","","","411","","","0","1","0","0","0","0","0","1","1","0","0","2","0","2","0","0","2","016","2","","2026","000","2026","","128","","","","","","","","","","","","2","","30","20260417","0","","","","0","0","","","","","","","","","","","","","","","","","","","","","","","","","","","","","","","","","","","","","","","","","","","","","","","","","","","","","","","","","","","","","","","","","","","0.034","42","0.00","0","","0.00",""
"FD2408W","FD2408","ﾑｼﾞｿﾄﾇｲ","","","","30","","0","M","","0","","","","","105","","","0","1","0","0","0","0","0","1","1","0","0","2","0","2","0","0","2","016","2","","2026","000","2026","","122","","","","","","","","","","","","2","","30","20260417","0","","","","0","300","","","","","","","","","","","","","","","","","","","","","","","","","","","","","","","","","","","","","","","","","","","","","","","","","","","","","","","","","","","","","","","","","","","0.034","45","0.00","0","","0.00",""
"FD2408W","FD2408","ﾑｼﾞｿﾄﾇｲ","","","","30","","0","L","","0","","","","","105","","","0","1","0","0","0","0","0","1","1","0","0","2","0","2","0","0","2","016","2","","2026","000","2026","","122","","","","","","","","","","","","2","","30","20260417","0","","","","0","300","","","","","","","","","","","","","","","","","","","","","","","","","","","","","","","","","","","","","","","","","","","","","","","","","","","","","","","","","","","","","","","","","","","0.034","45","0.00","0","","0.00",""
"FD2408W","FD2408","ﾑｼﾞｿﾄﾇｲ","","","","62","","0","M","","0","","","","","105","","","0","1","0","0","0","0","0","1","1","0","0","2","0","2","0","0","2","016","2","","2026","000","2026","","122","","","","","","","","","","","","2","","30","20260417","0","","","","0","300","","","","","","","","","","","","","","","","","","","","","","","","","","","","","","","","","","","","","","","","","","","","","","","","","","","","","","","","","","","","","","","","","","","0.034","45","0.00","0","","0.00",""
"FD2408W","FD2408","ﾑｼﾞｿﾄﾇｲ","","","","62","","0","L","","0","","","","","105","","","0","1","0","0","0","0","0","1","1","0","0","2","0","2","0","0","2","016","2","","2026","000","2026","","122","","","","","","","","","","","","2","","30","20260417","0","","","","0","300","","","","","","","","","","","","","","","","","","","","","","","","","","","","","","","","","","","","","","","","","","","","","","","","","","","","","","","","","","","","","","","","","","","0.034","45","0.00","0","","0.00",""
"FD2408W","FD2408","ﾑｼﾞｿﾄﾇｲ","","","","70","","0","M","","0","","","","","105","","","0","1","0","0","0","0","0","1","1","0","0","2","0","2","0","0","2","016","2","","2026","000","2026","","122","","","","","","","","","","","","2","","30","20260417","0","","","","0","300","","","","","","","","","","","","","","","","","","","","","","","","","","","","","","","","","","","","","","","","","","","","","","","","","","","","","","","","","","","","","","","","","","","0.034","45","0.00","0","","0.00",""
"FD2408W","FD2408","ﾑｼﾞｿﾄﾇｲ","","","","70","","0","L","","0","","","","","105","","","0","1","0","0","0","0","0","1","1","0","0","2","0","2","0","0","2","016","2","","2026","000","2026","","122","","","","","","","","","","","","2","","30","20260417","0","","","","0","300","","","","","","","","","","","","","","","","","","","","","","","","","","","","","","","","","","","","","","","","","","","","","","","","","","","","","","","","","","","","","","","","","","","0.034","45","0.00","0","","0.00",""
"FD2409W","FD2409","ﾈｺｿｳｶﾞﾗ","","","","50","","0","M","","0","","","","","105","","","0","1","0","0","0","0","0","1","1","0","0","2","0","2","0","0","2","016","2","","2026","000","2026","","122","","","","","","","","","","","","2","","30","20260417","0","","","","0","300","","","","","","","","","","","","","","","","","","","","","","","","","","","","","","","","","","","","","","","","","","","","","","","","","","","","","","","","","","","","","","","","","","","0.034","45","0.00","0","","0.00",""
"FD2410W","FD2410","ｸﾏｿｳｶﾞﾗ","","","","80","","0","M","","0","","","","","105","","","0","1","0","0","0","0","0","1","1","0","0","2","0","2","0","0","2","016","2","","2026","000","2026","","122","","","","","","","","","","","","2","","30","20260417","0","","","","0","300","","","","","","","","","","","","","","","","","","","","","","","","","","","","","","","","","","","","","","","","","","","","","","","","","","","","","","","","","","","","","","","","","","","0.034","45","0.00","0","","0.00",""
"FD2411W","FD2411","ｸﾛミケﾈｺ","","","","21","","0","M","","0","","","","","105","","","0","1","0","0","0","0","0","1","1","0","0","2","0","2","0","0","2","016","2","","2026","000","2026","","327","","","","","","","","","","","","2","","30","20260417","0","","","","1718","300","","","","","","","","","","","","","","","","","","","","","","","","","","","","","","","","","","","","","","","","","","","","","","","","","","","","","","","","","","","","","","","","","","","0.034","45","0.00","0","","10.05",""
"FD2412W","FD2412","ｼﾊﾞｲﾇ","","","","20","","0","M","","0","","","","","105","","","0","1","0","0","0","0","0","1","1","0","0","2","0","2","0","0","2","016","2","","2026","000","2026","","327","","","","","","","","","","","","2","","30","20260417","0","","","","1718","300","","","","","","","","","","","","","","","","","","","","","","","","","","","","","","","","","","","","","","","","","","","","","","","","","","","","","","","","","","","","","","","","","","","0.034","45","0.00","0","","10.05",""
"FD2413W","FD2413","ｿﾄﾇｲﾑｼﾞ","","","","32","","0","M","","0","","","","","105","","","0","1","0","0","0","0","0","1","1","0","0","2","0","2","0","0","2","016","2","","2026","000","2026","","327","","","","","","","","","","","","2","","30","20260417","0","","","","1718","300","","","","","","","","","","","","","","","","","","","","","","","","","","","","","","","","","","","","","","","","","","","","","","","","","","","","","","","","","","","","","","","","","","","0.034","45","0.00","0","","10.05",""
"FD2413W","FD2413","ｿﾄﾇｲﾑｼﾞ","","","","32","","0","L","","0","","","","","105","","","0","1","0","0","0","0","0","1","1","0","0","2","0","2","0","0","2","016","2","","2026","000","2026","","327","","","","","","","","","","","","2","","30","20260417","0","","","","1718","300","","","","","","","","","","","","","","","","","","","","","","","","","","","","","","","","","","","","","","","","","","","","","","","","","","","","","","","","","","","","","","","","","","","0.034","45","0.00","0","","10.05",""
"FD2413W","FD2413","ｿﾄﾇｲﾑｼﾞ","","","","90","","0","M","","0","","","","","105","","","0","1","0","0","0","0","0","1","1","0","0","2","0","2","0","0","2","016","2","","2026","000","2026","","327","","","","","","","","","","","","2","","30","20260417","0","","","","1718","300","","","","","","","","","","","","","","","","","","","","","","","","","","","","","","","","","","","","","","","","","","","","","","","","","","","","","","","","","","","","","","","","","","","0.034","45","0.00","0","","10.05",""
"FD2413W","FD2413","ｿﾄﾇｲﾑｼﾞ","","","","90","","0","L","","0","","","","","105","","","0","1","0","0","0","0","0","1","1","0","0","2","0","2","0","0","2","016","2","","2026","000","2026","","327","","","","","","","","","","","","2","","30","20260417","0","","","","1718","300","","","","","","","","","","","","","","","","","","","","","","","","","","","","","","","","","","","","","","","","","","","","","","","","","","","","","","","","","","","","","","","","","","","0.034","45","0.00","0","","10.05",""
"FD2414W","FD2414","ｿﾄﾇｲﾑｼﾞ","","","","11","","0","M","","0","","","","","105","","","0","1","0","0","0","0","0","1","1","0","0","2","0","2","0","0","2","016","2","","2026","000","2026","","327","","","","","","","","","","","","2","","30","20260417","0","","","","1718","300","","","","","","","","","","","","","","","","","","","","","","","","","","","","","","","","","","","","","","","","","","","","","","","","","","","","","","","","","","","","","","","","","","","0.034","45","0.00","0","","10.05",""
"FD2414W","FD2414","ｿﾄﾇｲﾑｼﾞ","","","","20","","0","M","","0","","","","","105","","","0","1","0","0","0","0","0","1","1","0","0","2","0","2","0","0","2","016","2","","2026","000","2026","","327","","","","","","","","","","","","2","","30","20260417","0","","","","1718","300","","","","","","","","","","","","","","","","","","","","","","","","","","","","","","","","","","","","","","","","","","","","","","","","","","","","","","","","","","","","","","","","","","","0.034","45","0.00","0","","10.05",""
"FD2414W","FD2414","ｿﾄﾇｲﾑｼﾞ","","","","81","","0","M","","0","","","","","105","","","0","1","0","0","0","0","0","1","1","0","0","2","0","2","0","0","2","016","2","","2026","000","2026","","327","","","","","","","","","","","","2","","30","20260417","0","","","","1718","300","","","","","","","","","","","","","","","","","","","","","","","","","","","","","","","","","","","","","","","","","","","","","","","","","","","","","","","","","","","","","","","","","","","0.034","45","0.00","0","","10.05",""
"FD2415W","FD2415","ﾊﾘﾈｽﾞﾐ","","","","62","","0","M","","0","","","","","105","","","0","1","0","0","0","0","0","1","1","0","0","2","0","2","0","0","2","016","2","","2026","000","2026","","327","","","","","","","","","","","","2","","30","20260417","0","","","","1718","300","","","","","","","","","","","","","","","","","","","","","","","","","","","","","","","","","","","","","","","","","","","","","","","","","","","","","","","","","","","","","","","","","","","0.034","45","0.00","0","","10.05",""
"FD2416W","FD2416","ﾋﾞｼｮﾝﾌﾘｰｾﾞ","","","","50","","0","M","","0","","","","","105","","","0","1","0","0","0","0","0","1","1","0","0","2","0","2","0","0","2","016","2","","2026","000","2026","","327","","","","","","","","","","","","2","","30","20260417","0","","","","1718","300","","","","","","","","","","","","","","","","","","","","","","","","","","","","","","","","","","","","","","","","","","","","","","","","","","","","","","","","","","","","","","","","","","","0.034","45","0.00","0","","10.05",""
"FD2417V","FD2417","ﾆｯｺﾘﾕｰｸﾝﾒｰﾁｬﾝ　メッシュ","","","","11","","0","00","","0","","","","","437","","","0","1","0","0","0","0","0","1","1","0","0","2","0","2","0","0","2","016","2","","2026","000","2026","","128","","","","","","","","","","","","2","","30","20260417","0","","","","2306","0","","","","","","","","","","","","","","","","","","","","","","","","","","","","","","","","","","","","","","","","","","","","","","","","","","","","","","","","","","","","","","","","","","","0.034","42","0.00","0","","13.60",""
"FD2417V","FD2417","ﾆｯｺﾘﾕｰｸﾝﾒｰﾁｬﾝ　メッシュ","","","","11","","0","M","","0","","","","","437","","","0","1","0","0","0","0","0","1","1","0","0","2","0","2","0","0","2","016","2","","2026","000","2026","","128","","","","","","","","","","","","2","","30","20260417","0","","","","2306","0","","","","","","","","","","","","","","","","","","","","","","","","","","","","","","","","","","","","","","","","","","","","","","","","","","","","","","","","","","","","","","","","","","","0.034","42","0.00","0","","13.60",""
"FD2417V","FD2417","ﾆｯｺﾘﾕｰｸﾝﾒｰﾁｬﾝ　メッシュ","","","","11","","0","L","","0","","","","","437","","","0","1","0","0","0","0","0","1","1","0","0","2","0","2","0","0","2","016","2","","2026","000","2026","","128","","","","","","","","","","","","2","","30","20260417","0","","","","2306","0","","","","","","","","","","","","","","","","","","","","","","","","","","","","","","","","","","","","","","","","","","","","","","","","","","","","","","","","","","","","","","","","","","","0.034","42","0.00","0","","13.60",""
"FD2417V","FD2417","ﾆｯｺﾘﾕｰｸﾝﾒｰﾁｬﾝ　メッシュ","","","","62","","0","00","","0","","","","","437","","","0","1","0","0","0","0","0","1","1","0","0","2","0","2","0","0","2","016","2","","2026","000","2026","","128","","","","","","","","","","","","2","","30","20260417","0","","","","2306","0","","","","","","","","","","","","","","","","","","","","","","","","","","","","","","","","","","","","","","","","","","","","","","","","","","","","","","","","","","","","","","","","","","","0.034","42","0.00","0","","13.60",""
"FD2417V","FD2417","ﾆｯｺﾘﾕｰｸﾝﾒｰﾁｬﾝ　メッシュ","","","","62","","0","M","","0","","","","","437","","","0","1","0","0","0","0","0","1","1","0","0","2","0","2","0","0","2","016","2","","2026","000","2026","","128","","","","","","","","","","","","2","","30","20260417","0","","","","2306","0","","","","","","","","","","","","","","","","","","","","","","","","","","","","","","","","","","","","","","","","","","","","","","","","","","","","","","","","","","","","","","","","","","","0.034","42","0.00","0","","13.60",""
"FD2417V","FD2417","ﾆｯｺﾘﾕｰｸﾝﾒｰﾁｬﾝ　メッシュ","","","","62","","0","L","","0","","","","","437","","","0","1","0","0","0","0","0","1","1","0","0","2","0","2","0","0","2","016","2","","2026","000","2026","","128","","","","","","","","","","","","2","","30","20260417","0","","","","2306","0","","","","","","","","","","","","","","","","","","","","","","","","","","","","","","","","","","","","","","","","","","","","","","","","","","","","","","","","","","","","","","","","","","","0.034","42","0.00","0","","13.60",""
"FD2418V","FD2418","ﾆｯｺﾘﾕｰｸﾝﾒｰﾁｬﾝ　チェック","","","","11","","0","00","","0","","","","","437","","","0","1","0","0","0","0","0","1","1","0","0","2","0","2","0","0","2","016","2","","2026","000","2026","","128","","","","","","","","","","","","2","","30","20260417","0","","","","2306","0","","","","","","","","","","","","","","","","","","","","","","","","","","","","","","","","","","","","","","","","","","","","","","","","","","","","","","","","","","","","","","","","","","","0.034","42","0.00","0","","13.60",""
"FD2418V","FD2418","ﾆｯｺﾘﾕｰｸﾝﾒｰﾁｬﾝ　チェック","","","","11","","0","M","","0","","","","","437","","","0","1","0","0","0","0","0","1","1","0","0","2","0","2","0","0","2","016","2","","2026","000","2026","","128","","","","","","","","","","","","2","","30","20260417","0","","","","2306","0","","","","","","","","","","","","","","","","","","","","","","","","","","","","","","","","","","","","","","","","","","","","","","","","","","","","","","","","","","","","","","","","","","","0.034","42","0.00","0","","13.60",""
"FD2418V","FD2418","ﾆｯｺﾘﾕｰｸﾝﾒｰﾁｬﾝ　チェック","","","","11","","0","L","","0","","","","","437","","","0","1","0","0","0","0","0","1","1","0","0","2","0","2","0","0","2","016","2","","2026","000","2026","","128","","","","","","","","","","","","2","","30","20260417","0","","","","2306","0","","","","","","","","","","","","","","","","","","","","","","","","","","","","","","","","","","","","","","","","","","","","","","","","","","","","","","","","","","","","","","","","","","","0.034","42","0.00","0","","13.60",""
"FD2418V","FD2418","ﾆｯｺﾘﾕｰｸﾝﾒｰﾁｬﾝ　チェック","","","","32","","0","00","","0","","","","","437","","","0","1","0","0","0","0","0","1","1","0","0","2","0","2","0","0","2","016","2","","2026","000","2026","","128","","","","","","","","","","","","2","","30","20260417","0","","","","2306","0","","","","","","","","","","","","","","","","","","","","","","","","","","","","","","","","","","","","","","","","","","","","","","","","","","","","","","","","","","","","","","","","","","","0.034","42","0.00","0","","13.60",""
"FD2418V","FD2418","ﾆｯｺﾘﾕｰｸﾝﾒｰﾁｬﾝ　チェック","","","","32","","0","M","","0","","","","","437","","","0","1","0","0","0","0","0","1","1","0","0","2","0","2","0","0","2","016","2","","2026","000","2026","","128","","","","","","","","","","","","2","","30","20260417","0","","","","2306","0","","","","","","","","","","","","","","","","","","","","","","","","","","","","","","","","","","","","","","","","","","","","","","","","","","","","","","","","","","","","","","","","","","","0.034","42","0.00","0","","13.60",""
"FD2418V","FD2418","ﾆｯｺﾘﾕｰｸﾝﾒｰﾁｬﾝ　チェック","","","","32","","0","L","","0","","","","","437","","","0","1","0","0","0","0","0","1","1","0","0","2","0","2","0","0","2","016","2","","2026","000","2026","","128","","","","","","","","","","","","2","","30","20260417","0","","","","2306","0","","","","","","","","","","","","","","","","","","","","","","","","","","","","","","","","","","","","","","","","","","","","","","","","","","","","","","","","","","","","","","","","","","","0.034","42","0.00","0","","13.60",""
"FD2419V","FD2419","ﾆｯｺﾘﾕｰｸﾝﾒｰﾁｬﾝ　パイル","","","","11","","0","00","","0","","","","","437","","","0","1","0","0","0","0","0","1","1","0","0","2","0","2","0","0","2","016","2","","2026","000","2026","","128","","","","","","","","","","","","2","","30","20260417","0","","","","2389","0","","","","","","","","","","","","","","","","","","","","","","","","","","","","","","","","","","","","","","","","","","","","","","","","","","","","","","","","","","","","","","","","","","","0.034","42","0.00","0","","14.10",""
"FD2419V","FD2419","ﾆｯｺﾘﾕｰｸﾝﾒｰﾁｬﾝ　パイル","","","","11","","0","M","","0","","","","","437","","","0","1","0","0","0","0","0","1","1","0","0","2","0","2","0","0","2","016","2","","2026","000","2026","","128","","","","","","","","","","","","2","","30","20260417","0","","","","2389","0","","","","","","","","","","","","","","","","","","","","","","","","","","","","","","","","","","","","","","","","","","","","","","","","","","","","","","","","","","","","","","","","","","","0.034","42","0.00","0","","14.10",""
"FD2419V","FD2419","ﾆｯｺﾘﾕｰｸﾝﾒｰﾁｬﾝ　パイル","","","","11","","0","L","","0","","","","","437","","","0","1","0","0","0","0","0","1","1","0","0","2","0","2","0","0","2","016","2","","2026","000","2026","","128","","","","","","","","","","","","2","","30","20260417","0","","","","2389","0","","","","","","","","","","","","","","","","","","","","","","","","","","","","","","","","","","","","","","","","","","","","","","","","","","","","","","","","","","","","","","","","","","","0.034","42","0.00","0","","14.10",""
"FD2419V","FD2419","ﾆｯｺﾘﾕｰｸﾝﾒｰﾁｬﾝ　パイル","","","","70","","0","00","","0","","","","","437","","","0","1","0","0","0","0","0","1","1","0","0","2","0","2","0","0","2","016","2","","2026","000","2026","","128","","","","","","","","","","","","2","","30","20260417","0","","","","2389","0","","","","","","","","","","","","","","","","","","","","","","","","","","","","","","","","","","","","","","","","","","","","","","","","","","","","","","","","","","","","","","","","","","","0.034","42","0.00","0","","14.10",""
"FD2419V","FD2419","ﾆｯｺﾘﾕｰｸﾝﾒｰﾁｬﾝ　パイル","","","","70","","0","M","","0","","","","","437","","","0","1","0","0","0","0","0","1","1","0","0","2","0","2","0","0","2","016","2","","2026","000","2026","","128","","","","","","","","","","","","2","","30","20260417","0","","","","2389","0","","","","","","","","","","","","","","","","","","","","","","","","","","","","","","","","","","","","","","","","","","","","","","","","","","","","","","","","","","","","","","","","","","","0.034","42","0.00","0","","14.10",""
"FD2419V","FD2419","ﾆｯｺﾘﾕｰｸﾝﾒｰﾁｬﾝ　パイル","","","","70","","0","L","","0","","","","","437","","","0","1","0","0","0","0","0","1","1","0","0","2","0","2","0","0","2","016","2","","2026","000","2026","","128","","","","","","","","","","","","2","","30","20260417","0","","","","2389","0","","","","","","","","","","","","","","","","","","","","","","","","","","","","","","","","","","","","","","","","","","","","","","","","","","","","","","","","","","","","","","","","","","","0.034","42","0.00","0","","14.10",""
"FD2420W","FD2420","ﾑｼﾞ　ﾀｹ","","","","11","","0","M","","0","","","","","105","","","0","1","0","0","0","0","0","1","1","0","0","2","0","2","0","0","2","016","2","","2026","000","2026","","130","","","","","","","","","","","","2","","30","20260417","0","","","","1627","300","","","","","","","","","","","","","","","","","","","","","","","","","","","","","","","","","","","","","","","","","","","","","","","","","","","","","","","","","","","","","","","","","","","0.034","45","0.00","0","","9.50",""
"FD2420W","FD2420","ﾑｼﾞ　ﾀｹ","","","","11","","0","L","","0","","","","","105","","","0","1","0","0","0","0","0","1","1","0","0","2","0","2","0","0","2","016","2","","2026","000","2026","","130","","","","","","","","","","","","2","","30","20260417","0","","","","1627","300","","","","","","","","","","","","","","","","","","","","","","","","","","","","","","","","","","","","","","","","","","","","","","","","","","","","","","","","","","","","","","","","","","","0.034","45","0.00","0","","9.50",""
"FD2420W","FD2420","ﾑｼﾞ　ﾀｹ","","","","22","","0","M","","0","","","","","105","","","0","1","0","0","0","0","0","1","1","0","0","2","0","2","0","0","2","016","2","","2026","000","2026","","130","","","","","","","","","","","","2","","30","20260417","0","","","","1627","300","","","","","","","","","","","","","","","","","","","","","","","","","","","","","","","","","","","","","","","","","","","","","","","","","","","","","","","","","","","","","","","","","","","0.034","45","0.00","0","","9.50",""
"FD2420W","FD2420","ﾑｼﾞ　ﾀｹ","","","","22","","0","L","","0","","","","","105","","","0","1","0","0","0","0","0","1","1","0","0","2","0","2","0","0","2","016","2","","2026","000","2026","","130","","","","","","","","","","","","2","","30","20260417","0","","","","1627","300","","","","","","","","","","","","","","","","","","","","","","","","","","","","","","","","","","","","","","","","","","","","","","","","","","","","","","","","","","","","","","","","","","","0.034","45","0.00","0","","9.50",""
"FD2420W","FD2420","ﾑｼﾞ　ﾀｹ","","","","30","","0","M","","0","","","","","105","","","0","1","0","0","0","0","0","1","1","0","0","2","0","2","0","0","2","016","2","","2026","000","2026","","130","","","","","","","","","","","","2","","30","20260417","0","","","","1627","300","","","","","","","","","","","","","","","","","","","","","","","","","","","","","","","","","","","","","","","","","","","","","","","","","","","","","","","","","","","","","","","","","","","0.034","45","0.00","0","","9.50",""
"FD2420W","FD2420","ﾑｼﾞ　ﾀｹ","","","","30","","0","L","","0","","","","","105","","","0","1","0","0","0","0","0","1","1","0","0","2","0","2","0","0","2","016","2","","2026","000","2026","","130","","","","","","","","","","","","2","","30","20260417","0","","","","1627","300","","","","","","","","","","","","","","","","","","","","","","","","","","","","","","","","","","","","","","","","","","","","","","","","","","","","","","","","","","","","","","","","","","","0.034","45","0.00","0","","9.50",""
"FD2421W","FD2421","ﾗﾝﾀﾞﾑｵﾆｷﾞﾘ","","","","80","","0","M","","0","","","","","105","","","0","1","0","0","0","0","0","1","1","0","0","2","0","2","0","0","2","016","2","","2026","000","2026","","130","","","","","","","","","","","","2","","30","20260417","0","","","","1627","300","","","","","","","","","","","","","","","","","","","","","","","","","","","","","","","","","","","","","","","","","","","","","","","","","","","","","","","","","","","","","","","","","","","0.034","45","0.00","0","","9.50",""
"FD2422W","FD2422","ﾗﾝﾀﾞﾑﾜｶﾞｼ","","","","70","","0","M","","0","","","","","105","","","0","1","0","0","0","0","0","1","1","0","0","2","0","2","0","0","2","016","2","","2026","000","2026","","130","","","","","","","","","","","","2","","30","20260417","0","","","","1627","300","","","","","","","","","","","","","","","","","","","","","","","","","","","","","","","","","","","","","","","","","","","","","","","","","","","","","","","","","","","","","","","","","","","0.034","45","0.00","0","","9.50",""
"FD2423W","FD2423","ﾑｼﾞ　ﾀｹ","","","","20","","0","M","","0","","","","","105","","","0","1","0","0","0","0","0","1","1","0","0","2","0","2","0","0","2","016","2","","2026","000","2026","","130","","","","","","","","","","","","2","","30","20260417","0","","","","1627","300","","","","","","","","","","","","","","","","","","","","","","","","","","","","","","","","","","","","","","","","","","","","","","","","","","","","","","","","","","","","","","","","","","","0.034","45","0.00","0","","9.50",""
"FD2423W","FD2423","ﾑｼﾞ　ﾀｹ","","","","20","","0","L","","0","","","","","105","","","0","1","0","0","0","0","0","1","1","0","0","2","0","2","0","0","2","016","2","","2026","000","2026","","130","","","","","","","","","","","","2","","30","20260417","0","","","","1627","300","","","","","","","","","","","","","","","","","","","","","","","","","","","","","","","","","","","","","","","","","","","","","","","","","","","","","","","","","","","","","","","","","","","0.034","45","0.00","0","","9.50",""
"FD2423W","FD2423","ﾑｼﾞ　ﾀｹ","","","","32","","0","M","","0","","","","","105","","","0","1","0","0","0","0","0","1","1","0","0","2","0","2","0","0","2","016","2","","2026","000","2026","","130","","","","","","","","","","","","2","","30","20260417","0","","","","1627","300","","","","","","","","","","","","","","","","","","","","","","","","","","","","","","","","","","","","","","","","","","","","","","","","","","","","","","","","","","","","","","","","","","","0.034","45","0.00","0","","9.50",""
"FD2423W","FD2423","ﾑｼﾞ　ﾀｹ","","","","32","","0","L","","0","","","","","105","","","0","1","0","0","0","0","0","1","1","0","0","2","0","2","0","0","2","016","2","","2026","000","2026","","130","","","","","","","","","","","","2","","30","20260417","0","","","","1627","300","","","","","","","","","","","","","","","","","","","","","","","","","","","","","","","","","","","","","","","","","","","","","","","","","","","","","","","","","","","","","","","","","","","0.034","45","0.00","0","","9.50",""
"FD2424W","FD2424","ｼｼﾞﾗﾀｹ","","","","30","","0","M","","0","","","","","105","","","0","1","0","0","0","0","0","1","1","0","0","2","0","2","0","0","2","016","2","","2026","000","2026","","327","","","","","","","","","","","","2","","30","20260417","0","","","","1718","300","","","","","","","","","","","","","","","","","","","","","","","","","","","","","","","","","","","","","","","","","","","","","","","","","","","","","","","","","","","","","","","","","","","0.034","45","0.00","0","","10.05",""
"FD2425W","FD2425","ｼｼﾞﾗﾀｹ","","","","80","","0","M","","0","","","","","105","","","0","1","0","0","0","0","0","1","1","0","0","2","0","2","0","0","2","016","2","","2026","000","2026","","327","","","","","","","","","","","","2","","30","20260417","0","","","","1718","300","","","","","","","","","","","","","","","","","","","","","","","","","","","","","","","","","","","","","","","","","","","","","","","","","","","","","","","","","","","","","","","","","","","0.034","45","0.00","0","","10.05",""
"FD2425W","FD2425","ｼｼﾞﾗﾀｹ","","","","80","","0","L","","0","","","","","105","","","0","1","0","0","0","0","0","1","1","0","0","2","0","2","0","0","2","016","2","","2026","000","2026","","327","","","","","","","","","","","","2","","30","20260417","0","","","","1718","300","","","","","","","","","","","","","","","","","","","","","","","","","","","","","","","","","","","","","","","","","","","","","","","","","","","","","","","","","","","","","","","","","","","0.034","45","0.00","0","","10.05",""
"FD2425W","FD2425","ｼｼﾞﾗﾀｹ","","","","90","","0","M","","0","","","","","105","","","0","1","0","0","0","0","0","1","1","0","0","2","0","2","0","0","2","016","2","","2026","000","2026","","327","","","","","","","","","","","","2","","30","20260417","0","","","","1718","300","","","","","","","","","","","","","","","","","","","","","","","","","","","","","","","","","","","","","","","","","","","","","","","","","","","","","","","","","","","","","","","","","","","0.034","45","0.00","0","","10.05",""
"FD2425W","FD2425","ｼｼﾞﾗﾀｹ","","","","90","","0","L","","0","","","","","105","","","0","1","0","0","0","0","0","1","1","0","0","2","0","2","0","0","2","016","2","","2026","000","2026","","327","","","","","","","","","","","","2","","30","20260417","0","","","","1718","300","","","","","","","","","","","","","","","","","","","","","","","","","","","","","","","","","","","","","","","","","","","","","","","","","","","","","","","","","","","","","","","","","","","0.034","45","0.00","0","","10.05",""
"FD2426W","FD2426","ﾗﾝﾀﾞﾑｼﾊﾞｲﾇﾀﾀﾐ","","","","20","","0","M","","0","","","","","105","","","0","1","0","0","0","0","0","1","1","0","0","2","0","2","0","0","2","016","2","","2026","000","2026","","327","","","","","","","","","","","","2","","30","20260417","0","","","","1718","300","","","","","","","","","","","","","","","","","","","","","","","","","","","","","","","","","","","","","","","","","","","","","","","","","","","","","","","","","","","","","","","","","","","0.034","45","0.00","0","","10.05",""
"FD2427W","FD2427","ﾗﾝﾀﾞﾑﾈｺﾀﾀﾐ","","","","11","","0","M","","0","","","","","105","","","0","1","0","0","0","0","0","1","1","0","0","2","0","2","0","0","2","016","2","","2026","000","2026","","327","","","","","","","","","","","","2","","30","20260417","0","","","","1718","300","","","","","","","","","","","","","","","","","","","","","","","","","","","","","","","","","","","","","","","","","","","","","","","","","","","","","","","","","","","","","","","","","","","0.034","45","0.00","0","","10.05",""
"FD2428V","FD2428","SX ﾃﾝﾈﾝｿﾄﾇｲﾘﾗｯｸﾏ","","","","73","","0","M","","0","","","","","437","","","0","1","0","0","0","0","0","1","1","0","0","2","0","2","0","0","2","016","2","","2026","006","2026","","327","","","","","","","","","","","","2","","30","20260417","0","","","","0","690","","","","","","","","","","","","","","","","","","","","","","","","","","","","","","","","","","","","","","","","","","","","","","","","","","","","","","","","","","","","","","","","","","","0.034","42","27.60","0","","0.00",""
"FD2429V","FD2429","SX ﾃﾝﾈﾝｿﾄﾇｲｺﾘﾗｯｸﾏ","","","","80","","0","M","","0","","","","","437","","","0","1","0","0","0","0","0","1","1","0","0","2","0","2","0","0","2","016","2","","2026","006","2026","","327","","","","","","","","","","","","2","","30","20260417","0","","","","0","690","","","","","","","","","","","","","","","","","","","","","","","","","","","","","","","","","","","","","","","","","","","","","","","","","","","","","","","","","","","","","","","","","","","0.034","42","27.60","0","","0.00",""
"FD2430V","FD2430","SX ﾃﾝﾈﾝｿﾄﾇｲｷｲﾛｲﾄﾘ","","","","90","","0","M","","0","","","","","437","","","0","1","0","0","0","0","0","1","1","0","0","2","0","2","0","0","2","016","2","","2026","006","2026","","327","","","","","","","","","","","","2","","30","20260417","0","","","","0","690","","","","","","","","","","","","","","","","","","","","","","","","","","","","","","","","","","","","","","","","","","","","","","","","","","","","","","","","","","","","","","","","","","","0.034","42","27.60","0","","0.00",""
"FD2430V","FD2430","SX ﾃﾝﾈﾝｿﾄﾇｲｷｲﾛｲﾄﾘ","","","","90","","0","L","","0","","","","","437","","","0","1","0","0","0","0","0","1","1","0","0","2","0","2","0","0","2","016","2","","2026","006","2026","","327","","","","","","","","","","","","2","","30","20260417","0","","","","0","690","","","","","","","","","","","","","","","","","","","","","","","","","","","","","","","","","","","","","","","","","","","","","","","","","","","","","","","","","","","","","","","","","","","0.034","42","27.60","0","","0.00",""
"FD2431W","FD2431","ﾑｼﾞ　ﾚｲｶﾝ","","","","11","","0","M","","0","","","","","105","","","0","1","0","0","0","0","0","1","1","0","0","2","0","2","0","0","2","016","2","","2026","000","2026","","128","","","","","","","","","","","","2","","30","20260417","0","","","","1910","0","","","","","","","","","","","","","","","","","","","","","","","","","","","","","","","","","","","","","","","","","","","","","","","","","","","","","","","","","","","","","","","","","","","0.034","45","0.00","0","","11.20",""
"FD2431W","FD2431","ﾑｼﾞ　ﾚｲｶﾝ","","","","60","","0","M","","0","","","","","105","","","0","1","0","0","0","0","0","1","1","0","0","2","0","2","0","0","2","016","2","","2026","000","2026","","128","","","","","","","","","","","","2","","30","20260417","0","","","","1910","0","","","","","","","","","","","","","","","","","","","","","","","","","","","","","","","","","","","","","","","","","","","","","","","","","","","","","","","","","","","","","","","","","","","0.034","45","0.00","0","","11.20",""
"FD2432W","FD2432","ｸﾏｱｲｽ　ﾚｲｶﾝ","","","","60","","0","M","","0","","","","","105","","","0","1","0","0","0","0","0","1","1","0","0","2","0","2","0","0","2","016","2","","2026","000","2026","","128","","","","","","","","","","","","2","","30","20260417","0","","","","1910","0","","","","","","","","","","","","","","","","","","","","","","","","","","","","","","","","","","","","","","","","","","","","","","","","","","","","","","","","","","","","","","","","","","","0.034","45","0.00","0","","11.20",""
"FD2433W","FD2433","ﾈｺ　ﾚｲｶﾝ","","","","30","","0","M","","0","","","","","105","","","0","1","0","0","0","0","0","1","1","0","0","2","0","2","0","0","2","016","2","","2026","000","2026","","128","","","","","","","","","","","","2","","30","20260417","0","","","","1910","0","","","","","","","","","","","","","","","","","","","","","","","","","","","","","","","","","","","","","","","","","","","","","","","","","","","","","","","","","","","","","","","","","","","0.034","45","0.00","0","","11.20",""
"FD2434W","FD2434","CMﾕﾐﾁｭｰﾙ","","","","40","","0","M","","0","","","","","105","","","0","1","0","0","0","0","0","1","1","0","0","2","0","2","0","0","2","016","2","","2026","189","2026","","128","","","","","","","","","","","","2","","30","20260417","0","","","","3431","990","","","","","","","","","","","","","","","","","","","","","","","","","","","","","","","","","","","","","","","","","","","","","","","","","","","","","","","","","","","","","","","","","","","0.08","45","29.70","0","","19.30",""
"FD2434W","FD2434","CMﾕﾐﾁｭｰﾙ","","","","42","","0","M","","0","","","","","105","","","0","1","0","0","0","0","0","1","1","0","0","2","0","2","0","0","2","016","2","","2026","189","2026","","128","","","","","","","","","","","","2","","30","20260417","0","","","","3431","990","","","","","","","","","","","","","","","","","","","","","","","","","","","","","","","","","","","","","","","","","","","","","","","","","","","","","","","","","","","","","","","","","","","0.08","45","29.70","0","","19.30",""
"FD2434W","FD2434","CMﾕﾐﾁｭｰﾙ","","","","60","","0","M","","0","","","","","105","","","0","1","0","0","0","0","0","1","1","0","0","2","0","2","0","0","2","016","2","","2026","189","2026","","128","","","","","","","","","","","","2","","30","20260417","0","","","","3431","990","","","","","","","","","","","","","","","","","","","","","","","","","","","","","","","","","","","","","","","","","","","","","","","","","","","","","","","","","","","","","","","","","","","0.08","45","29.70","0","","19.30",""
"FD2434W","FD2434","CMﾕﾐﾁｭｰﾙ","","","","90","","0","M","","0","","","","","105","","","0","1","0","0","0","0","0","1","1","0","0","2","0","2","0","0","2","016","2","","2026","189","2026","","128","","","","","","","","","","","","2","","30","20260417","0","","","","3431","990","","","","","","","","","","","","","","","","","","","","","","","","","","","","","","","","","","","","","","","","","","","","","","","","","","","","","","","","","","","","","","","","","","","0.08","45","29.70","0","","19.30",""
"FD2435V","FD2435","CR ﾁｪｯｶｰｿﾄﾇｲ","","","","11","","0","M","","0","","","","","437","","","0","1","0","0","0","0","0","1","1","0","0","2","0","2","0","0","2","016","2","","2026","000","2026","","133","","","","","","","","","","","","2","","30","20260417","0","","","","0","0","","","","","","","","","","","","","","","","","","","","","","","","","","","","","","","","","","","","","","","","","","","","","","","","","","","","","","","","","","","","","","","","","","","0.034","42","0.00","0","","0.00",""
"FD2436F","FD2436","CR ﾋﾞｽｹｯﾄｿﾄﾇｲ","","","","11","","0","M","","0","","","","","411","","","0","1","0","0","0","0","0","1","1","0","0","2","0","2","0","0","2","016","2","","2026","000","2026","","133","","","","","","","","","","","","2","","30","20260417","0","","","","0","0","","","","","","","","","","","","","","","","","","","","","","","","","","","","","","","","","","","","","","","","","","","","","","","","","","","","","","","","","","","","","","","","","","","0.034","42","0.00","0","","0.00",""
"FD2436V","FD2436","CR ﾋﾞｽｹｯﾄｿﾄﾇｲ","","","","11","","0","M","","0","","","","","437","","","0","1","0","0","0","0","0","1","1","0","0","2","0","2","0","0","2","016","2","","2026","000","2026","","133","","","","","","","","","","","","2","","30","20260417","0","","","","0","0","","","","","","","","","","","","","","","","","","","","","","","","","","","","","","","","","","","","","","","","","","","","","","","","","","","","","","","","","","","","","","","","","","","0.034","42","0.00","0","","0.00",""
"FD2437V","FD2437","CR ｱｲｽｸﾘｰﾑｿﾄﾇｲ","","","","70","","0","M","","0","","","","","437","","","0","1","0","0","0","0","0","1","1","0","0","2","0","2","0","0","2","016","2","","2026","000","2026","","133","","","","","","","","","","","","2","","30","20260417","0","","","","0","0","","","","","","","","","","","","","","","","","","","","","","","","","","","","","","","","","","","","","","","","","","","","","","","","","","","","","","","","","","","","","","","","","","","0.034","42","0.00","0","","0.00",""
"FD2438V","FD2438","CR ｷｬﾝﾃﾞｨｿﾄﾇｲ","","","","70","","0","M","","0","","","","","437","","","0","1","0","0","0","0","0","1","1","0","0","2","0","2","0","0","2","016","2","","2026","000","2026","","133","","","","","","","","","","","","2","","30","20260417","0","","","","0","0","","","","","","","","","","","","","","","","","","","","","","","","","","","","","","","","","","","","","","","","","","","","","","","","","","","","","","","","","","","","","","","","","","","0.034","42","0.00","0","","0.00",""
"FD2439V","FD2439","ﾜｶﾞﾗﾎﾞｰﾀﾞｰﾁｬﾀｹ","","","","30","","0","M","","0","","","","","437","","","0","1","0","0","0","0","0","1","1","0","0","2","0","2","0","0","2","016","2","","2026","000","2026","","122","","","","","","","","","","","","2","","30","20260417","0","","","","0","790","","","","","","","","","","","","","","","","","","","","","","","","","","","","","","","","","","","","","","","","","","","","","","","","","","","","","","","","","","","","","","","","","","","0.034","42","0.00","0","","0.00",""
"FD2439V","FD2439","ﾜｶﾞﾗﾎﾞｰﾀﾞｰﾁｬﾀｹ","","","","62","","0","M","","0","","","","","437","","","0","1","0","0","0","0","0","1","1","0","0","2","0","2","0","0","2","016","2","","2026","000","2026","","122","","","","","","","","","","","","2","","30","20260417","0","","","","0","790","","","","","","","","","","","","","","","","","","","","","","","","","","","","","","","","","","","","","","","","","","","","","","","","","","","","","","","","","","","","","","","","","","","0.034","42","0.00","0","","0.00",""
"FD2439V","FD2439","ﾜｶﾞﾗﾎﾞｰﾀﾞｰﾁｬﾀｹ","","","","80","","0","M","","0","","","","","437","","","0","1","0","0","0","0","0","1","1","0","0","2","0","2","0","0","2","016","2","","2026","000","2026","","122","","","","","","","","","","","","2","","30","20260417","0","","","","0","790","","","","","","","","","","","","","","","","","","","","","","","","","","","","","","","","","","","","","","","","","","","","","","","","","","","","","","","","","","","","","","","","","","","0.034","42","0.00","0","","0.00",""
"FD2440V","FD2440","ﾜｶﾞﾗﾁｪｯｸﾁｬﾀｹ","","","","11","","0","M","","0","","","","","437","","","0","1","0","0","0","0","0","1","1","0","0","2","0","2","0","0","2","016","2","","2026","000","2026","","122","","","","","","","","","","","","2","","30","20260417","0","","","","0","790","","","","","","","","","","","","","","","","","","","","","","","","","","","","","","","","","","","","","","","","","","","","","","","","","","","","","","","","","","","","","","","","","","","0.034","42","0.00","0","","0.00",""
"FD2440V","FD2440","ﾜｶﾞﾗﾁｪｯｸﾁｬﾀｹ","","","","62","","0","M","","0","","","","","437","","","0","1","0","0","0","0","0","1","1","0","0","2","0","2","0","0","2","016","2","","2026","000","2026","","122","","","","","","","","","","","","2","","30","20260417","0","","","","0","790","","","","","","","","","","","","","","","","","","","","","","","","","","","","","","","","","","","","","","","","","","","","","","","","","","","","","","","","","","","","","","","","","","","0.034","42","0.00","0","","0.00",""
"FD2440V","FD2440","ﾜｶﾞﾗﾁｪｯｸﾁｬﾀｹ","","","","90","","0","M","","0","","","","","437","","","0","1","0","0","0","0","0","1","1","0","0","2","0","2","0","0","2","016","2","","2026","000","2026","","122","","","","","","","","","","","","2","","30","20260417","0","","","","0","790","","","","","","","","","","","","","","","","","","","","","","","","","","","","","","","","","","","","","","","","","","","","","","","","","","","","","","","","","","","","","","","","","","","0.034","42","0.00","0","","0.00",""
"FD2441V","FD2441","ﾜｶﾞﾗﾑｼﾞﾁｬﾀｹ","","","","32","","0","M","","0","","","","","437","","","0","1","0","0","0","0","0","1","1","0","0","2","0","2","0","0","2","016","2","","2026","000","2026","","122","","","","","","","","","","","","2","","30","20260417","0","","","","0","790","","","","","","","","","","","","","","","","","","","","","","","","","","","","","","","","","","","","","","","","","","","","","","","","","","","","","","","","","","","","","","","","","","","0.034","42","0.00","0","","0.00",""
"FD2441V","FD2441","ﾜｶﾞﾗﾑｼﾞﾁｬﾀｹ","","","","50","","0","M","","0","","","","","437","","","0","1","0","0","0","0","0","1","1","0","0","2","0","2","0","0","2","016","2","","2026","000","2026","","122","","","","","","","","","","","","2","","30","20260417","0","","","","0","790","","","","","","","","","","","","","","","","","","","","","","","","","","","","","","","","","","","","","","","","","","","","","","","","","","","","","","","","","","","","","","","","","","","0.034","42","0.00","0","","0.00",""
"FD2441V","FD2441","ﾜｶﾞﾗﾑｼﾞﾁｬﾀｹ","","","","73","","0","M","","0","","","","","437","","","0","1","0","0","0","0","0","1","1","0","0","2","0","2","0","0","2","016","2","","2026","000","2026","","122","","","","","","","","","","","","2","","30","20260417","0","","","","0","790","","","","","","","","","","","","","","","","","","","","","","","","","","","","","","","","","","","","","","","","","","","","","","","","","","","","","","","","","","","","","","","","","","","0.034","42","0.00","0","","0.00",""
"FD2442V","FD2442","ﾚｲｶﾝﾍﾟﾝｷﾞﾝｱｲｽ","","","","30","","0","M","","0","","","","","437","","","0","1","0","0","0","0","0","1","1","0","0","2","0","2","0","0","2","016","2","","2026","000","2026","","327","","","","","","","","","","","","2","","30","20260417","0","","","","0","300","","","","","","","","","","","","","","","","","","","","","","","","","","","","","","","","","","","","","","","","","","","","","","","","","","","","","","","","","","","","","","","","","","","0.034","42","0.00","0","","0.00",""
"FD2443V","FD2443","ﾚｲｶﾝﾒﾝﾀﾞｺｻｶﾅ","","","","32","","0","M","","0","","","","","437","","","0","1","0","0","0","0","0","1","1","0","0","2","0","2","0","0","2","016","2","","2026","000","2026","","327","","","","","","","","","","","","2","","30","20260417","0","","","","0","300","","","","","","","","","","","","","","","","","","","","","","","","","","","","","","","","","","","","","","","","","","","","","","","","","","","","","","","","","","","","","","","","","","","0.034","42","0.00","0","","0.00",""
"FD2444V","FD2444","ﾚｲｶﾝKTｸﾗｹﾞ","","","","31","","0","M","","0","","","","","437","","","0","1","0","0","0","0","0","1","1","0","0","2","0","2","0","0","2","016","2","","2026","000","2026","","133","","","","","","","","","","","","2","","30","20260417","0","","","","0","300","","","","","","","","","","","","","","","","","","","","","","","","","","","","","","","","","","","","","","","","","","","","","","","","","","","","","","","","","","","","","","","","","","","0.034","42","0.00","0","","0.00",""
"FD2445V","FD2445","ﾚｲｶﾝKTｶﾆ","","","","73","","0","M","","0","","","","","437","","","0","1","0","0","0","0","0","1","1","0","0","2","0","2","0","0","2","016","2","","2026","000","2026","","133","","","","","","","","","","","","2","","30","20260417","0","","","","0","300","","","","","","","","","","","","","","","","","","","","","","","","","","","","","","","","","","","","","","","","","","","","","","","","","","","","","","","","","","","","","","","","","","","0.034","42","0.00","0","","0.00",""
"FD2446V","FD2446","ﾚｲｶﾝKTｼﾌｫﾝﾌｳｷｼﾞ","","","","11","","0","M","","0","","","","","437","","","0","1","0","0","0","0","0","1","1","0","0","2","0","2","0","0","2","016","2","","2026","000","2026","","012","","","","","","","","","","","","2","","30","20260417","0","","","","0","300","","","","","","","","","","","","","","","","","","","","","","","","","","","","","","","","","","","","","","","","","","","","","","","","","","","","","","","","","","","","","","","","","","","0.034","42","0.00","0","","0.00",""
"FD2446V","FD2446","ﾚｲｶﾝKTｼﾌｫﾝﾌｳｷｼﾞ","","","","11","","0","L","","0","","","","","437","","","0","1","0","0","0","0","0","1","1","0","0","2","0","2","0","0","2","016","2","","2026","000","2026","","012","","","","","","","","","","","","2","","30","20260417","0","","","","0","300","","","","","","","","","","","","","","","","","","","","","","","","","","","","","","","","","","","","","","","","","","","","","","","","","","","","","","","","","","","","","","","","","","","0.034","42","0.00","0","","0.00",""
"FD2446V","FD2446","ﾚｲｶﾝKTｼﾌｫﾝﾌｳｷｼﾞ","","","","21","","0","M","","0","","","","","437","","","0","1","0","0","0","0","0","1","1","0","0","2","0","2","0","0","2","016","2","","2026","000","2026","","012","","","","","","","","","","","","2","","30","20260417","0","","","","0","300","","","","","","","","","","","","","","","","","","","","","","","","","","","","","","","","","","","","","","","","","","","","","","","","","","","","","","","","","","","","","","","","","","","0.034","42","0.00","0","","0.00",""
"FD2446V","FD2446","ﾚｲｶﾝKTｼﾌｫﾝﾌｳｷｼﾞ","","","","21","","0","L","","0","","","","","437","","","0","1","0","0","0","0","0","1","1","0","0","2","0","2","0","0","2","016","2","","2026","000","2026","","012","","","","","","","","","","","","2","","30","20260417","0","","","","0","300","","","","","","","","","","","","","","","","","","","","","","","","","","","","","","","","","","","","","","","","","","","","","","","","","","","","","","","","","","","","","","","","","","","0.034","42","0.00","0","","0.00",""
"FD2446V","FD2446","ﾚｲｶﾝKTｼﾌｫﾝﾌｳｷｼﾞ","","","","30","","0","M","","0","","","","","437","","","0","1","0","0","0","0","0","1","1","0","0","2","0","2","0","0","2","016","2","","2026","000","2026","","012","","","","","","","","","","","","2","","30","20260417","0","","","","0","300","","","","","","","","","","","","","","","","","","","","","","","","","","","","","","","","","","","","","","","","","","","","","","","","","","","","","","","","","","","","","","","","","","","0.034","42","0.00","0","","0.00",""
"FD2446V","FD2446","ﾚｲｶﾝKTｼﾌｫﾝﾌｳｷｼﾞ","","","","30","","0","L","","0","","","","","437","","","0","1","0","0","0","0","0","1","1","0","0","2","0","2","0","0","2","016","2","","2026","000","2026","","012","","","","","","","","","","","","2","","30","20260417","0","","","","0","300","","","","","","","","","","","","","","","","","","","","","","","","","","","","","","","","","","","","","","","","","","","","","","","","","","","","","","","","","","","","","","","","","","","0.034","42","0.00","0","","0.00",""
"FD2446V","FD2446","ﾚｲｶﾝKTｼﾌｫﾝﾌｳｷｼﾞ","","","","70","","0","M","","0","","","","","437","","","0","1","0","0","0","0","0","1","1","0","0","2","0","2","0","0","2","016","2","","2026","000","2026","","012","","","","","","","","","","","","2","","30","20260417","0","","","","0","300","","","","","","","","","","","","","","","","","","","","","","","","","","","","","","","","","","","","","","","","","","","","","","","","","","","","","","","","","","","","","","","","","","","0.034","42","0.00","0","","0.00",""
"FD2446V","FD2446","ﾚｲｶﾝKTｼﾌｫﾝﾌｳｷｼﾞ","","","","70","","0","L","","0","","","","","437","","","0","1","0","0","0","0","0","1","1","0","0","2","0","2","0","0","2","016","2","","2026","000","2026","","012","","","","","","","","","","","","2","","30","20260417","0","","","","0","300","","","","","","","","","","","","","","","","","","","","","","","","","","","","","","","","","","","","","","","","","","","","","","","","","","","","","","","","","","","","","","","","","","","0.034","42","0.00","0","","0.00",""
"FD2447V","FD2447","ﾚｲｶﾝKTｻﾞｯｸﾘｷｼﾞ","","","","11","","0","M","","0","","","","","437","","","0","1","0","0","0","0","0","1","1","0","0","2","0","2","0","0","2","016","2","","2026","000","2026","","012","","","","","","","","","","","","2","","30","20260417","0","","","","0","300","","","","","","","","","","","","","","","","","","","","","","","","","","","","","","","","","","","","","","","","","","","","","","","","","","","","","","","","","","","","","","","","","","","0.034","42","0.00","0","","0.00",""
"FD2447V","FD2447","ﾚｲｶﾝKTｻﾞｯｸﾘｷｼﾞ","","","","11","","0","L","","0","","","","","437","","","0","1","0","0","0","0","0","1","1","0","0","2","0","2","0","0","2","016","2","","2026","000","2026","","012","","","","","","","","","","","","2","","30","20260417","0","","","","0","300","","","","","","","","","","","","","","","","","","","","","","","","","","","","","","","","","","","","","","","","","","","","","","","","","","","","","","","","","","","","","","","","","","","0.034","42","0.00","0","","0.00",""
"FD2447V","FD2447","ﾚｲｶﾝKTｻﾞｯｸﾘｷｼﾞ","","","","32","","0","M","","0","","","","","437","","","0","1","0","0","0","0","0","1","1","0","0","2","0","2","0","0","2","016","2","","2026","000","2026","","012","","","","","","","","","","","","2","","30","20260417","0","","","","0","300","","","","","","","","","","","","","","","","","","","","","","","","","","","","","","","","","","","","","","","","","","","","","","","","","","","","","","","","","","","","","","","","","","","0.034","42","0.00","0","","0.00",""
"FD2447V","FD2447","ﾚｲｶﾝKTｻﾞｯｸﾘｷｼﾞ","","","","32","","0","L","","0","","","","","437","","","0","1","0","0","0","0","0","1","1","0","0","2","0","2","0","0","2","016","2","","2026","000","2026","","012","","","","","","","","","","","","2","","30","20260417","0","","","","0","300","","","","","","","","","","","","","","","","","","","","","","","","","","","","","","","","","","","","","","","","","","","","","","","","","","","","","","","","","","","","","","","","","","","0.034","42","0.00","0","","0.00",""
"FD2447V","FD2447","ﾚｲｶﾝKTｻﾞｯｸﾘｷｼﾞ","","","","73","","0","M","","0","","","","","437","","","0","1","0","0","0","0","0","1","1","0","0","2","0","2","0","0","2","016","2","","2026","000","2026","","012","","","","","","","","","","","","2","","30","20260417","0","","","","0","300","","","","","","","","","","","","","","","","","","","","","","","","","","","","","","","","","","","","","","","","","","","","","","","","","","","","","","","","","","","","","","","","","","","0.034","42","0.00","0","","0.00",""
"FD2447V","FD2447","ﾚｲｶﾝKTｻﾞｯｸﾘｷｼﾞ","","","","73","","0","L","","0","","","","","437","","","0","1","0","0","0","0","0","1","1","0","0","2","0","2","0","0","2","016","2","","2026","000","2026","","012","","","","","","","","","","","","2","","30","20260417","0","","","","0","300","","","","","","","","","","","","","","","","","","","","","","","","","","","","","","","","","","","","","","","","","","","","","","","","","","","","","","","","","","","","","","","","","","","0.034","42","0.00","0","","0.00",""
"FD2447V","FD2447","ﾚｲｶﾝKTｻﾞｯｸﾘｷｼﾞ","","","","80","","0","M","","0","","","","","437","","","0","1","0","0","0","0","0","1","1","0","0","2","0","2","0","0","2","016","2","","2026","000","2026","","012","","","","","","","","","","","","2","","30","20260417","0","","","","0","300","","","","","","","","","","","","","","","","","","","","","","","","","","","","","","","","","","","","","","","","","","","","","","","","","","","","","","","","","","","","","","","","","","","0.034","42","0.00","0","","0.00",""
"FD2447V","FD2447","ﾚｲｶﾝKTｻﾞｯｸﾘｷｼﾞ","","","","80","","0","L","","0","","","","","437","","","0","1","0","0","0","0","0","1","1","0","0","2","0","2","0","0","2","016","2","","2026","000","2026","","012","","","","","","","","","","","","2","","30","20260417","0","","","","0","300","","","","","","","","","","","","","","","","","","","","","","","","","","","","","","","","","","","","","","","","","","","","","","","","","","","","","","","","","","","","","","","","","","","0.034","42","0.00","0","","0.00",""
"FD2448V","FD2448","SX ｺﾘﾗｯｸﾏｹﾝｺｳ","","","","11","","0","M","","0","","","","","437","","","0","1","0","0","0","0","0","1","1","0","0","2","0","2","0","0","2","016","2","","2026","006","2026","","012","","","","","","","","","","","","2","","30","20260417","550","","","","0","890","","","","","","","","","","","","","","","","","","","","","","","","","","","","","","","","","","","","","","","","","","","","","","","","","","","","","","","","","","","","","","","","","","","0.08","42","35.60","0","","0.00",""
"FD2449V","FD2449","SX ｷｲﾛｲﾄﾘｹﾝｺｳ","","","","80","","0","M","","0","","","","","437","","","0","1","0","0","0","0","0","1","1","0","0","2","0","2","0","0","2","016","2","","2026","006","2026","","012","","","","","","","","","","","","2","","30","20260417","550","","","","0","890","","","","","","","","","","","","","","","","","","","","","","","","","","","","","","","","","","","","","","","","","","","","","","","","","","","","","","","","","","","","","","","","","","","0.08","42","35.60","0","","0.00",""
"FD2450V","FD2450","ﾚｲｶﾝｶｷｺﾞｵﾘ総柄","","","","50","","0","M","","0","","","","","437","","","0","1","0","0","0","0","0","1","1","0","0","2","0","2","0","0","2","016","2","","2026","000","2026","","130","","","","","","","","","","","","2","","30","20260417","0","","","","0","300","","","","","","","","","","","","","","","","","","","","","","","","","","","","","","","","","","","","","","","","","","","","","","","","","","","","","","","","","","","","","","","","","","","0.034","42","0.00","0","","0.00",""
"FD2451V","FD2451","ﾚｲｶﾝ夏野菜総柄","","","","31","","0","M","","0","","","","","437","","","0","1","0","0","0","0","0","1","1","0","0","2","0","2","0","0","2","016","2","","2026","000","2026","","130","","","","","","","","","","","","2","","30","20260417","0","","","","0","300","","","","","","","","","","","","","","","","","","","","","","","","","","","","","","","","","","","","","","","","","","","","","","","","","","","","","","","","","","","","","","","","","","","0.034","42","0.00","0","","0.00",""
"FD2452V","FD2452","ﾚｲｶﾝｼﾊﾞ犬総柄","","","","73","","0","M","","0","","","","","437","","","0","1","0","0","0","0","0","1","1","0","0","2","0","2","0","0","2","016","2","","2026","000","2026","","130","","","","","","","","","","","","2","","30","20260417","0","","","","0","300","","","","","","","","","","","","","","","","","","","","","","","","","","","","","","","","","","","","","","","","","","","","","","","","","","","","","","","","","","","","","","","","","","","0.034","42","0.00","0","","0.00",""
"FD2453V","FD2453","ﾚｲｶﾝｼｭﾅｳｻﾞｰ総柄","","","","11","","0","M","","0","","","","","437","","","0","1","0","0","0","0","0","1","1","0","0","2","0","2","0","0","2","016","2","","2026","000","2026","","130","","","","","","","","","","","","2","","30","20260417","0","","","","0","300","","","","","","","","","","","","","","","","","","","","","","","","","","","","","","","","","","","","","","","","","","","","","","","","","","","","","","","","","","","","","","","","","","","0.034","42","0.00","0","","0.00",""
"FD2453V","FD2453","ﾚｲｶﾝｼｭﾅｳｻﾞｰ総柄","","","","11","","0","L","","0","","","","","437","","","0","1","0","0","0","0","0","1","1","0","0","2","0","2","0","0","2","016","2","","2026","000","2026","","130","","","","","","","","","","","","2","","30","20260417","0","","","","0","300","","","","","","","","","","","","","","","","","","","","","","","","","","","","","","","","","","","","","","","","","","","","","","","","","","","","","","","","","","","","","","","","","","","0.034","42","0.00","0","","0.00",""
"FD2453V","FD2453","ﾚｲｶﾝｼｭﾅｳｻﾞｰ総柄","","","","32","","0","M","","0","","","","","437","","","0","1","0","0","0","0","0","1","1","0","0","2","0","2","0","0","2","016","2","","2026","000","2026","","130","","","","","","","","","","","","2","","30","20260417","0","","","","0","300","","","","","","","","","","","","","","","","","","","","","","","","","","","","","","","","","","","","","","","","","","","","","","","","","","","","","","","","","","","","","","","","","","","0.034","42","0.00","0","","0.00",""
"FD2453V","FD2453","ﾚｲｶﾝｼｭﾅｳｻﾞｰ総柄","","","","32","","0","L","","0","","","","","437","","","0","1","0","0","0","0","0","1","1","0","0","2","0","2","0","0","2","016","2","","2026","000","2026","","130","","","","","","","","","","","","2","","30","20260417","0","","","","0","300","","","","","","","","","","","","","","","","","","","","","","","","","","","","","","","","","","","","","","","","","","","","","","","","","","","","","","","","","","","","","","","","","","","0.034","42","0.00","0","","0.00",""
"FD2454F","FD2454","DSｽﾞｰﾄﾋﾟｱｿﾄﾇｲ","","","","20","","0","M","","0","","","","","411","","","0","1","0","0","0","0","0","1","1","0","0","2","0","2","0","0","2","016","2","","2026","005","2026","","122","","","","","","","","","","","","2","","30","20260417","0","","","","0","1290","","","","","","","","","","","","","","","","","","","","","","","","","","","","","","","","","","","","","","","","","","","","","","","","","","","","","","","","","","","","","","","","","","","0.034","42","135.45","0","","0.00",""
"FD2455W","FD2455","ﾊｯﾊﾟ　ﾀｹ","","","","31","","0","M","","0","","","","","105","","","0","1","0","0","0","0","0","1","1","0","0","2","0","2","0","0","2","016","2","","2026","000","2026","","122","","","","","","","","","","","","2","","30","20260417","0","","","","0","300","","","","","","","","","","","","","","","","","","","","","","","","","","","","","","","","","","","","","","","","","","","","","","","","","","","","","","","","","","","","","","","","","","","0.034","45","0.00","0","","0.00",""
"FD2456W","FD2456","ﾊｲﾋﾞｽｶｽ　ﾀｹ","","","","20","","0","M","","0","","","","","105","","","0","1","0","0","0","0","0","1","1","0","0","2","0","2","0","0","2","016","2","","2026","000","2026","","122","","","","","","","","","","","","2","","30","20260417","0","","","","0","300","","","","","","","","","","","","","","","","","","","","","","","","","","","","","","","","","","","","","","","","","","","","","","","","","","","","","","","","","","","","","","","","","","","0.034","45","0.00","0","","0.00",""
"FD2457W","FD2457","ﾄﾘ　ﾀｹ","","","","80","","0","M","","0","","","","","105","","","0","1","0","0","0","0","0","1","1","0","0","2","0","2","0","0","2","016","2","","2026","000","2026","","122","","","","","","","","","","","","2","","30","20260417","0","","","","0","300","","","","","","","","","","","","","","","","","","","","","","","","","","","","","","","","","","","","","","","","","","","","","","","","","","","","","","","","","","","","","","","","","","","0.034","45","0.00","0","","0.00",""
"FD2458W","FD2458","ﾏﾙﾜｶﾞﾗ　ﾀｹ","","","","10","","0","M","","0","","","","","105","","","0","1","0","0","0","0","0","1","1","0","0","2","0","2","0","0","2","016","2","","2026","000","2026","","122","","","","","","","","","","","","2","","30","20260417","0","","","","0","300","","","","","","","","","","","","","","","","","","","","","","","","","","","","","","","","","","","","","","","","","","","","","","","","","","","","","","","","","","","","","","","","","","","0.034","45","0.00","0","","0.00",""
"FD2458W","FD2458","ﾏﾙﾜｶﾞﾗ　ﾀｹ","","","","10","","0","L","","0","","","","","105","","","0","1","0","0","0","0","0","1","1","0","0","2","0","2","0","0","2","016","2","","2026","000","2026","","122","","","","","","","","","","","","2","","30","20260417","0","","","","0","300","","","","","","","","","","","","","","","","","","","","","","","","","","","","","","","","","","","","","","","","","","","","","","","","","","","","","","","","","","","","","","","","","","","0.034","45","0.00","0","","0.00",""
"FD2458W","FD2458","ﾏﾙﾜｶﾞﾗ　ﾀｹ","","","","32","","0","M","","0","","","","","105","","","0","1","0","0","0","0","0","1","1","0","0","2","0","2","0","0","2","016","2","","2026","000","2026","","122","","","","","","","","","","","","2","","30","20260417","0","","","","0","300","","","","","","","","","","","","","","","","","","","","","","","","","","","","","","","","","","","","","","","","","","","","","","","","","","","","","","","","","","","","","","","","","","","0.034","45","0.00","0","","0.00",""
"FD2458W","FD2458","ﾏﾙﾜｶﾞﾗ　ﾀｹ","","","","32","","0","L","","0","","","","","105","","","0","1","0","0","0","0","0","1","1","0","0","2","0","2","0","0","2","016","2","","2026","000","2026","","122","","","","","","","","","","","","2","","30","20260417","0","","","","0","300","","","","","","","","","","","","","","","","","","","","","","","","","","","","","","","","","","","","","","","","","","","","","","","","","","","","","","","","","","","","","","","","","","","0.034","45","0.00","0","","0.00",""
"FD2459W","FD2459","ｲｶﾘﾀｹ","","","","81","","0","M","","0","","","","","105","","","0","1","0","0","0","0","0","1","1","0","0","2","0","2","0","0","2","016","2","","2026","000","2026","","116","","","","","","","","","","","","2","","30","20260417","0","","","","0","300","","","","","","","","","","","","","","","","","","","","","","","","","","","","","","","","","","","","","","","","","","","","","","","","","","","","","","","","","","","","","","","","","","","0.034","45","0.00","0","","0.00",""
"FD2460W","FD2460","ﾎｸｵｳﾌｳﾊﾅﾀｹ","","","","32","","0","M","","0","","","","","105","","","0","1","0","0","0","0","0","1","1","0","0","2","0","2","0","0","2","016","2","","2026","000","2026","","116","","","","","","","","","","","","2","","30","20260417","0","","","","0","300","","","","","","","","","","","","","","","","","","","","","","","","","","","","","","","","","","","","","","","","","","","","","","","","","","","","","","","","","","","","","","","","","","","0.034","45","0.00","0","","0.00",""
"FD2461W","FD2461","ﾄﾞｯﾄﾀｹ","","","","70","","0","M","","0","","","","","105","","","0","1","0","0","0","0","0","1","1","0","0","2","0","2","0","0","2","016","2","","2026","000","2026","","116","","","","","","","","","","","","2","","30","20260417","0","","","","0","300","","","","","","","","","","","","","","","","","","","","","","","","","","","","","","","","","","","","","","","","","","","","","","","","","","","","","","","","","","","","","","","","","","","0.034","45","0.00","0","","0.00",""
"FD2462W","FD2462","ﾎﾇﾀｹ","","","","20","","0","M","","0","","","","","105","","","0","1","0","0","0","0","0","1","1","0","0","2","0","2","0","0","2","016","2","","2026","000","2026","","116","","","","","","","","","","","","2","","30","20260417","0","","","","0","300","","","","","","","","","","","","","","","","","","","","","","","","","","","","","","","","","","","","","","","","","","","","","","","","","","","","","","","","","","","","","","","","","","","0.034","45","0.00","0","","0.00",""
"FD2463F","FD2463","CR ｹｰｷｿﾄﾇｲ","","","","11","","0","M","","0","","","","","411","","","0","1","0","0","0","0","0","1","1","0","0","2","0","2","0","0","2","016","2","","2026","000","2026","","133","","","","","","","","","","","","2","","30","20260417","0","","","","0","0","","","","","","","","","","","","","","","","","","","","","","","","","","","","","","","","","","","","","","","","","","","","","","","","","","","","","","","","","","","","","","","","","","","0.034","42","0.00","0","","0.00",""
"FD2463V","FD2463","CR ｹｰｷｿﾄﾇｲ","","","","11","","0","M","","0","","","","","437","","","0","1","0","0","0","0","0","1","1","0","0","2","0","2","0","0","2","016","2","","2026","000","2026","","133","","","","","","","","","","","","2","","30","20260417","0","","","","0","0","","","","","","","","","","","","","","","","","","","","","","","","","","","","","","","","","","","","","","","","","","","","","","","","","","","","","","","","","","","","","","","","","","","0.034","42","0.00","0","","0.00",""
"FD2464W","FD2464","ﾀｹGR","","","","80","","0","M","","0","","","","","105","","","0","1","0","0","0","0","0","1","1","0","0","2","0","2","0","0","2","016","2","","2026","000","2026","","012","","","","","","","","","","","","2","","30","20260417","298","","","","0","300","","","","","","","","","","","","","","","","","","","","","","","","","","","","","","","","","","","","","","","","","","","","","","","","","","","","","","","","","","","","","","","","","","","0.034","45","0.00","0","","0.00",""
"FD2465W","FD2465","ﾀｹOR","","","","73","","0","M","","0","","","","","105","","","0","1","0","0","0","0","0","1","1","0","0","2","0","2","0","0","2","016","2","","2026","000","2026","","012","","","","","","","","","","","","2","","30","20260417","298","","","","0","300","","","","","","","","","","","","","","","","","","","","","","","","","","","","","","","","","","","","","","","","","","","","","","","","","","","","","","","","","","","","","","","","","","","0.034","45","0.00","0","","0.00",""
"FD2466W","FD2466","ﾈｺﾀｹ","","","","90","","0","M","","0","","","","","105","","","0","1","0","0","0","0","0","1","1","0","0","2","0","2","0","0","2","016","2","","2026","000","2026","","012","","","","","","","","","","","","2","","30","20260417","298","","","","0","300","","","","","","","","","","","","","","","","","","","","","","","","","","","","","","","","","","","","","","","","","","","","","","","","","","","","","","","","","","","","","","","","","","","0.034","45","0.00","0","","0.00",""
"FD2467W","FD2467","ﾊﾅﾋﾞﾀｹ","","","","32","","0","M","","0","","","","","105","","","0","1","0","0","0","0","0","1","1","0","0","2","0","2","0","0","2","016","2","","2026","000","2026","","012","","","","","","","","","","","","2","","30","20260417","298","","","","0","300","","","","","","","","","","","","","","","","","","","","","","","","","","","","","","","","","","","","","","","","","","","","","","","","","","","","","","","","","","","","","","","","","","","0.034","45","0.00","0","","0.00",""
"FD2468W","FD2468","ﾅﾝｺﾞｸﾀｹ","","","","61","","0","M","","0","","","","","105","","","0","1","0","0","0","0","0","1","1","0","0","2","0","2","0","0","2","016","2","","2026","000","2026","","012","","","","","","","","","","","","2","","30","20260417","298","","","","0","300","","","","","","","","","","","","","","","","","","","","","","","","","","","","","","","","","","","","","","","","","","","","","","","","","","","","","","","","","","","","","","","","","","","0.034","45","0.00","0","","0.00",""
"FD2469F","FD2469","DS ｽﾃｨｯﾁｿﾄﾇｲ","","","","31","","0","M","","0","","","","","411","","","0","1","0","0","0","0","0","1","1","0","0","2","0","2","0","0","2","016","2","","2026","005","2026","","133","","","","","","","","","","","","2","","30","20260417","0","","","","0","1290","","","","","","","","","","","","","","","","","","","","","","","","","","","","","","","","","","","","","","","","","","","","","","","","","","","","","","","","","","","","","","","","","","","0.08","42","135.45","0","","0.00",""
"FD2470V","FD2470","CR ﾊﾅｶﾞﾗｿﾄﾇｲP","","","","11","","0","M","","0","","","","","437","","","0","1","0","0","0","0","0","1","1","0","0","2","0","2","0","0","2","016","2","","2026","200","2026","","133","","","","","","","","","","","","2","","30","20260417","0","","","","0","990","","","","","","","","","","","","","","","","","","","","","","","","","","","","","","","","","","","","","","","","","","","","","","","","","","","","","","","","","","","","","","","","","","","0.034","42","79.20","0","","0.00",""
"FD2471V","FD2471","CR ﾊﾅｶﾞﾗｿﾄﾇｲLB","","","","31","","0","M","","0","","","","","437","","","0","1","0","0","0","0","0","1","1","0","0","2","0","2","0","0","2","016","2","","2026","200","2026","","133","","","","","","","","","","","","2","","30","20260417","0","","","","0","990","","","","","","","","","","","","","","","","","","","","","","","","","","","","","","","","","","","","","","","","","","","","","","","","","","","","","","","","","","","","","","","","","","","0.034","42","79.20","0","","0.00",""
"FD2472V","FD2472","CR ｼｼｭｳｿﾄﾇｲ","","","","11","","0","M","","0","","","","","437","","","0","1","0","0","0","0","0","1","1","0","0","2","0","2","0","0","2","016","2","","2026","200","2026","","327","","","","","","","","","","","","2","","30","20260417","0","","","","0","990","","","","","","","","","","","","","","","","","","","","","","","","","","","","","","","","","","","","","","","","","","","","","","","","","","","","","","","","","","","","","","","","","","","0.034","42","79.20","0","","0.00",""
"FD2472V","FD2472","CR ｼｼｭｳｿﾄﾇｲ","","","","61","","0","M","","0","","","","","437","","","0","1","0","0","0","0","0","1","1","0","0","2","0","2","0","0","2","016","2","","2026","200","2026","","327","","","","","","","","","","","","2","","30","20260417","0","","","","0","990","","","","","","","","","","","","","","","","","","","","","","","","","","","","","","","","","","","","","","","","","","","","","","","","","","","","","","","","","","","","","","","","","","","0.034","42","79.20","0","","0.00",""
"FD2473F","FD2473","DS ｽﾃｨｯﾁｿﾄﾇｲ","","","","30","","0","M","","0","","","","","411","","","0","1","0","0","0","0","0","1","1","0","0","2","0","2","0","0","2","016","2","","2026","005","2026","","133","","","","","","","","","","","","2","","30","20260417","0","","","","0","1290","","","","","","","","","","","","","","","","","","","","","","","","","","","","","","","","","","","","","","","","","","","","","","","","","","","","","","","","","","","","","","","","","","","0.034","42","135.45","0","","0.00",""
"FD2474V","FD2474","CMﾕﾐ ｸﾛｽﾊﾞﾝﾄﾞ","","","","11","","0","M","","0","","","","","437","","","0","1","0","0","0","0","0","1","1","0","0","2","0","2","0","0","2","016","2","","2026","189","2026","","128","","","","","","","","","","","","2","","30","20260417","0","","","","0","0","","","","","","","","","","","","","","","","","","","","","","","","","","","","","","","","","","","","","","","","","","","","","","","","","","","","","","","","","","","","","","","","","","","0.034","42","0.00","0","","0.00",""
"FD2474V","FD2474","CMﾕﾐ ｸﾛｽﾊﾞﾝﾄﾞ","","","","40","","0","M","","0","","","","","437","","","0","1","0","0","0","0","0","1","1","0","0","2","0","2","0","0","2","016","2","","2026","189","2026","","128","","","","","","","","","","","","2","","30","20260417","0","","","","0","0","","","","","","","","","","","","","","","","","","","","","","","","","","","","","","","","","","","","","","","","","","","","","","","","","","","","","","","","","","","","","","","","","","","0.034","42","0.00","0","","0.00",""
"FD2474V","FD2474","CMﾕﾐ ｸﾛｽﾊﾞﾝﾄﾞ","","","","60","","0","M","","0","","","","","437","","","0","1","0","0","0","0","0","1","1","0","0","2","0","2","0","0","2","016","2","","2026","189","2026","","128","","","","","","","","","","","","2","","30","20260417","0","","","","0","0","","","","","","","","","","","","","","","","","","","","","","","","","","","","","","","","","","","","","","","","","","","","","","","","","","","","","","","","","","","","","","","","","","","0.034","42","0.00","0","","0.00",""
"FD2474V","FD2474","CMﾕﾐ ｸﾛｽﾊﾞﾝﾄﾞ","","","","62","","0","M","","0","","","","","437","","","0","1","0","0","0","0","0","1","1","0","0","2","0","2","0","0","2","016","2","","2026","189","2026","","128","","","","","","","","","","","","2","","30","20260417","0","","","","0","0","","","","","","","","","","","","","","","","","","","","","","","","","","","","","","","","","","","","","","","","","","","","","","","","","","","","","","","","","","","","","","","","","","","0.034","42","0.00","0","","0.00",""
"FD2661L","FD2661","ﾁｮｳﾄﾞｲｲﾜ ﾗｲｵﾝﾈｰﾑ","","","","32","","0","L","","0","","","","","433","","","0","1","0","0","0","0","0","1","1","0","0","2","0","2","0","0","2","017","2","","2026","000","2026","","116","","","","","","","","","","","","2","","30","20260417","594","","","","3250","990","","","","","","","","","","","","","","","","","","","","","","","","","","","","","","","","","","","","","","","","","","","","","","","","","","","","","","","","","","","","","","","","","","","0.034","50","0.00","0","","19.22",""
"FD2662L","FD2662","ﾁｮｳﾄﾞｲｲﾜ ｸﾏｼｼｭｳ","","","","82","","0","L","","0","","","","","433","","","0","1","0","0","0","0","0","1","1","0","0","2","0","2","0","0","2","017","2","","2026","000","2026","","116","","","","","","","","","","","","2","","30","20260417","594","","","","3250","990","","","","","","","","","","","","","","","","","","","","","","","","","","","","","","","","","","","","","","","","","","","","","","","","","","","","","","","","","","","","","","","","","","","0.034","50","0.00","0","","19.22",""
"FD2662L","FD2662","ﾁｮｳﾄﾞｲｲﾜ ｸﾏｼｼｭｳ","","","","90","","0","L","","0","","","","","433","","","0","1","0","0","0","0","0","1","1","0","0","2","0","2","0","0","2","017","2","","2026","000","2026","","116","","","","","","","","","","","","2","","30","20260417","594","","","","3250","990","","","","","","","","","","","","","","","","","","","","","","","","","","","","","","","","","","","","","","","","","","","","","","","","","","","","","","","","","","","","","","","","","","","0.034","50","0.00","0","","19.22",""
"FD2663W","FD2663","ﾜｯﾌﾙﾑｼﾞ","","","","32","","0","L","","0","","","","","105","","","0","1","0","0","0","0","0","1","1","0","0","2","0","2","0","0","2","017","2","","2026","000","2026","","128","","","","","","","","","","","","2","","30","20260417","0","","","","1843","0","","","","","","","","","","","","","","","","","","","","","","","","","","","","","","","","","","","","","","","","","","","","","","","","","","","","","","","","","","","","","","","","","","","0.034","45","0.00","0","","10.80",""
"FD2663W","FD2663","ﾜｯﾌﾙﾑｼﾞ","","","","82","","0","L","","0","","","","","105","","","0","1","0","0","0","0","0","1","1","0","0","2","0","2","0","0","2","017","2","","2026","000","2026","","128","","","","","","","","","","","","2","","30","20260417","0","","","","1843","0","","","","","","","","","","","","","","","","","","","","","","","","","","","","","","","","","","","","","","","","","","","","","","","","","","","","","","","","","","","","","","","","","","","0.034","45","0.00","0","","10.80",""
"FD2664W","FD2664","ﾚｲｶﾝﾑｼﾞ","","","","32","","0","L","","0","","","","","105","","","0","1","0","0","0","0","0","1","1","0","0","2","0","2","0","0","2","017","2","","2026","000","2026","","128","","","","","","","","","","","","2","","30","20260417","0","","","","1959","0","","","","","","","","","","","","","","","","","","","","","","","","","","","","","","","","","","","","","","","","","","","","","","","","","","","","","","","","","","","","","","","","","","","0.034","45","0.00","0","","11.50",""
"FD2664W","FD2664","ﾚｲｶﾝﾑｼﾞ","","","","42","","0","L","","0","","","","","105","","","0","1","0","0","0","0","0","1","1","0","0","2","0","2","0","0","2","017","2","","2026","000","2026","","128","","","","","","","","","","","","2","","30","20260417","0","","","","1959","0","","","","","","","","","","","","","","","","","","","","","","","","","","","","","","","","","","","","","","","","","","","","","","","","","","","","","","","","","","","","","","","","","","","0.034","45","0.00","0","","11.50",""
"FD2664W","FD2664","ﾚｲｶﾝﾑｼﾞ","","","","80","","0","L","","0","","","","","105","","","0","1","0","0","0","0","0","1","1","0","0","2","0","2","0","0","2","017","2","","2026","000","2026","","128","","","","","","","","","","","","2","","30","20260417","0","","","","1959","0","","","","","","","","","","","","","","","","","","","","","","","","","","","","","","","","","","","","","","","","","","","","","","","","","","","","","","","","","","","","","","","","","","","0.034","45","0.00","0","","11.50",""
"FD2665V","FD2665","ﾑｼﾞ　ｱｻｺﾝﾊﾟｲﾙ","","","","20","","0","L","","0","","","","","437","","","0","1","0","0","0","0","0","1","1","0","0","2","0","2","0","0","2","017","2","","2026","000","2026","","128","","","","","","","","","","","","2","","30","20260417","0","","","","2065","0","","","","","","","","","","","","","","","","","","","","","","","","","","","","","","","","","","","","","","","","","","","","","","","","","","","","","","","","","","","","","","","","","","","0.034","42","0.00","0","","12.15",""
"FD2665V","FD2665","ﾑｼﾞ　ｱｻｺﾝﾊﾟｲﾙ","","","","90","","0","L","","0","","","","","437","","","0","1","0","0","0","0","0","1","1","0","0","2","0","2","0","0","2","017","2","","2026","000","2026","","128","","","","","","","","","","","","2","","30","20260417","0","","","","2065","0","","","","","","","","","","","","","","","","","","","","","","","","","","","","","","","","","","","","","","","","","","","","","","","","","","","","","","","","","","","","","","","","","","","0.034","42","0.00","0","","12.15",""
"FD2665W","FD2665","ﾑｼﾞ　ｱｻｺﾝﾊﾟｲﾙ","","","","20","","0","L","","0","","","","","105","","","0","1","0","0","0","0","0","1","1","0","0","2","0","2","0","0","2","017","2","","2026","000","2026","","128","","","","","","","","","","","","2","","30","20260417","0","","","","0","0","","","","","","","","","","","","","","","","","","","","","","","","","","","","","","","","","","","","","","","","","","","","","","","","","","","","","","","","","","","","","","","","","","","0.034","45","0.00","0","","0.00",""
"FD2665W","FD2665","ﾑｼﾞ　ｱｻｺﾝﾊﾟｲﾙ","","","","90","","0","L","","0","","","","","105","","","0","1","0","0","0","0","0","1","1","0","0","2","0","2","0","0","2","017","2","","2026","000","2026","","128","","","","","","","","","","","","2","","30","20260417","0","","","","0","0","","","","","","","","","","","","","","","","","","","","","","","","","","","","","","","","","","","","","","","","","","","","","","","","","","","","","","","","","","","","","","","","","","","0.034","45","0.00","0","","0.00",""
"FD2666H","FD2666","4KD　ﾁｬｳﾁｬｳｼｼｭｳ","","","","90","","0","L","","0","","","","","181","","","0","1","0","0","0","0","0","1","1","0","0","2","0","2","0","0","2","017","2","","2026","000","2026","","122","","","","","","","","","","","","2","","30","20260417","0","","","","1807","490","","","","","","","","","","","","","","","","","","","","","","","","","","","","","","","","","","","","","","","","","","","","","","","","","","","","","","","","","","","","","","","","","","","0.034","42","0.00","0","","10.60",""
"FD2667H","FD2667","4KD　ﾊﾟﾝﾀﾞﾄｳﾓﾛｺｼｼｼｭｳ","","","","30","","0","L","","0","","","","","181","","","0","1","0","0","0","0","0","1","1","0","0","2","0","2","0","0","2","017","2","","2026","000","2026","","122","","","","","","","","","","","","2","","30","20260417","0","","","","1807","490","","","","","","","","","","","","","","","","","","","","","","","","","","","","","","","","","","","","","","","","","","","","","","","","","","","","","","","","","","","","","","","","","","","0.034","42","0.00","0","","10.60",""
"FD2668H","FD2668","4KDｸﾏｼｼｭｳ","","","","20","","0","L","","0","","","","","181","","","0","1","0","0","0","0","0","1","1","0","0","2","0","2","0","0","2","017","2","","2026","000","2026","","012","","","","","","","","","","","","2","","30","20260417","0","","","","1807","490","","","","","","","","","","","","","","","","","","","","","","","","","","","","","","","","","","","","","","","","","","","","","","","","","","","","","","","","","","","","","","","","","","","0.034","42","0.00","0","","10.60",""
"FD2669H","FD2669","4KDｼﾊﾞﾎﾈ","","","","22","","0","L","","0","","","","","181","","","0","1","0","0","0","0","0","1","1","0","0","2","0","2","0","0","2","017","2","","2026","000","2026","","116","","","","","","","","","","","","2","","30","20260417","0","","","","1807","490","","","","","","","","","","","","","","","","","","","","","","","","","","","","","","","","","","","","","","","","","","","","","","","","","","","","","","","","","","","","","","","","","","","0.034","42","0.00","0","","10.60",""
"FD2670R","FD2670","ｼｯﾎﾟｳ","","","","32","","0","L","","0","","","","","801","","","0","1","0","0","0","0","0","1","1","0","0","2","0","2","0","0","2","017","2","","2026","000","2026","","128","","","","","","","","","","","","2","","30","20260417","0","","830.00","","830","1490","","","","","","","","","","","","","","","","","","","","","","","","","","","","","","","","","","","","","","","","","","","","","","","","","","","","","","","","","","","","","","","","","","","0","0","0.00","0","","",""
"FD2671R","FD2671","ﾑｼﾞ　　ﾀﾀﾐ","","","","62","","0","L","","0","","","","","801","","","0","1","0","0","0","0","0","1","1","0","0","2","0","2","0","0","2","017","2","","2026","000","2026","","128","","","","","","","","","","","","2","","30","20260417","890","","765.00","","765","1290","","","","","","","","","","","","","","","","","","","","","","","","","","","","","","","","","","","","","","","","","","","","","","","","","","","","","","","","","","","","","","","","","","","0","0","0.00","0","","",""
"FD2671R","FD2671","ﾑｼﾞ　　ﾀﾀﾐ","","","","90","","0","L","","0","","","","","801","","","0","1","0","0","0","0","0","1","1","0","0","2","0","2","0","0","2","017","2","","2026","000","2026","","128","","","","","","","","","","","","2","","30","20260417","890","","765.00","","765","1290","","","","","","","","","","","","","","","","","","","","","","","","","","","","","","","","","","","","","","","","","","","","","","","","","","","","","","","","","","","","","","","","","","","0","0","0.00","0","","",""
"FD2672R","FD2672","ｼﾎﾞﾘ　ﾀﾀﾐ","","","","32","","0","L","","0","","","","","801","","","0","1","0","0","0","0","0","1","1","0","0","2","0","2","0","0","2","017","2","","2026","000","2026","","128","","","","","","","","","","","","2","","30","20260417","890","","765.00","","765","1290","","","","","","","","","","","","","","","","","","","","","","","","","","","","","","","","","","","","","","","","","","","","","","","","","","","","","","","","","","","","","","","","","","","0","0","0.00","0","","",""
"FD2673R","FD2673","ｶﾉｺｼﾎﾞﾘ　ﾀﾀﾐ","","","","90","","0","LL","","0","","","","","801","","","0","1","0","0","0","0","0","1","1","0","0","2","0","2","0","0","2","017","2","","2026","000","2026","","128","","","","","","","","","","","","2","","30","20260417","890","","835.00","","835","1290","","","","","","","","","","","","","","","","","","","","","","","","","","","","","","","","","","","","","","","","","","","","","","","","","","","","","","","","","","","","","","","","","","","0","0","0.00","0","","",""
"FD2674R","FD2674","ﾑｼﾞ　ﾀﾀﾐ","","","","32","","0","LL","","0","","","","","801","","","0","1","0","0","0","0","0","1","1","0","0","2","0","2","0","0","2","017","2","","2026","000","2026","","128","","","","","","","","","","","","2","","30","20260417","890","","835.00","","835","1290","","","","","","","","","","","","","","","","","","","","","","","","","","","","","","","","","","","","","","","","","","","","","","","","","","","","","","","","","","","","","","","","","","","0","0","0.00","0","","",""
"FD2675R","FD2675","ｼｼﾞﾗ　ﾀﾀﾐ","","","","90","","0","LL","","0","","","","","801","","","0","1","0","0","0","0","0","1","1","0","0","2","0","2","0","0","2","017","2","","2026","000","2026","","128","","","","","","","","","","","","2","","30","20260417","890","","835.00","","835","1290","","","","","","","","","","","","","","","","","","","","","","","","","","","","","","","","","","","","","","","","","","","","","","","","","","","","","","","","","","","","","","","","","","","0","0","0.00","0","","",""
"FD2676R","FD2676","ﾑｼﾞ　ﾀﾀﾐ","","","","80","","0","LL","","0","","","","","801","","","0","1","0","0","0","0","0","1","1","0","0","2","0","2","0","0","2","017","2","","2026","000","2026","","128","","","","","","","","","","","","2","","30","20260417","890","","835.00","","835","1290","","","","","","","","","","","","","","","","","","","","","","","","","","","","","","","","","","","","","","","","","","","","","","","","","","","","","","","","","","","","","","","","","","","0","0","0.00","0","","",""
"FD2677H","FD2677","ﾃﾝﾈﾝﾁｬﾀｹｲﾇｼｼｭｳ","","","","40","","0","L","","0","","","","","181","","","0","1","0","0","0","0","0","1","1","0","0","2","0","2","0","0","2","017","2","","2026","000","2026","","012","","","","","","","","","","","","2","","30","20260417","0","","","","1931","490","","","","","","","","","","","","","","","","","","","","","","","","","","","","","","","","","","","","","","","","","","","","","","","","","","","","","","","","","","","","","","","","","","","0.034","42","0.00","0","","11.35",""
"FD2678H","FD2678","ﾃﾝﾈﾝﾀﾀﾐﾜﾌｳｷｼﾞ","","","","32","","0","L","","0","","","","","181","","","0","1","0","0","0","0","0","1","1","0","0","2","0","2","0","0","2","017","2","","2026","000","2026","","012","","","","","","","","","","","","2","","30","20260417","0","","","","1890","490","","","","","","","","","","","","","","","","","","","","","","","","","","","","","","","","","","","","","","","","","","","","","","","","","","","","","","","","","","","","","","","","","","","0.034","42","0.00","0","","11.10",""
"FD2679R","FD2679","ｼｼﾞﾗ　　ﾀﾀﾐ","","","","30","","0","L","","0","","","","","801","","","0","1","0","0","0","0","0","1","1","0","0","2","0","2","0","0","2","017","2","","2026","000","2026","","117","","","","","","","","","","","","2","","30","20260417","890","","765.00","","765","1290","","","","","","","","","","","","","","","","","","","","","","","","","","","","","","","","","","","","","","","","","","","","","","","","","","","","","","","","","","","","","","","","","","","0","0","0.00","0","","",""
"FD2680R","FD2680","ｶﾞﾗ　ﾀﾀﾐ","","","","90","","0","L","","0","","","","","801","","","0","1","0","0","0","0","0","1","1","0","0","2","0","2","0","0","2","017","2","","2026","000","2026","","117","","","","","","","","","","","","2","","30","20260417","890","","765.00","","765","1290","","","","","","","","","","","","","","","","","","","","","","","","","","","","","","","","","","","","","","","","","","","","","","","","","","","","","","","","","","","","","","","","","","","0","0","0.00","0","","",""
"FD2681R","FD2681","ｶﾞﾗ　ﾀﾀﾐ","","","","90","","0","LL","","0","","","","","801","","","0","1","0","0","0","0","0","1","1","0","0","2","0","2","0","0","2","017","2","","2026","000","2026","","117","","","","","","","","","","","","2","","30","20260417","890","","835.00","","835","1290","","","","","","","","","","","","","","","","","","","","","","","","","","","","","","","","","","","","","","","","","","","","","","","","","","","","","","","","","","","","","","","","","","","0","0","0.00","0","","",""
"FD2682R","FD2682","ｶﾞﾗ　ﾀﾀﾐ","","","","90","","0","LL","","0","","","","","801","","","0","1","0","0","0","0","0","1","1","0","0","2","0","2","0","0","2","017","2","","2026","000","2026","","117","","","","","","","","","","","","2","","30","20260417","890","","835.00","","835","1290","","","","","","","","","","","","","","","","","","","","","","","","","","","","","","","","","","","","","","","","","","","","","","","","","","","","","","","","","","","","","","","","","","","0","0","0.00","0","","",""
"FD2683R","FD2683","ｶﾞﾗ　ﾀﾀﾐ","","","","32","","0","LL","","0","","","","","801","","","0","1","0","0","0","0","0","1","1","0","0","2","0","2","0","0","2","017","2","","2026","000","2026","","117","","","","","","","","","","","","2","","30","20260417","890","","810.00","","810","1290","","","","","","","","","","","","","","","","","","","","","","","","","","","","","","","","","","","","","","","","","","","","","","","","","","","","","","","","","","","","","","","","","","","0","0","0.00","0","","",""
"FD2684R","FD2684","ｶﾞﾗ　ﾀﾀﾐ","","","","80","","0","LL","","0","","","","","801","","","0","1","0","0","0","0","0","1","1","0","0","2","0","2","0","0","2","017","2","","2026","000","2026","","117","","","","","","","","","","","","2","","30","20260417","890","","835.00","","835","1290","","","","","","","","","","","","","","","","","","","","","","","","","","","","","","","","","","","","","","","","","","","","","","","","","","","","","","","","","","","","","","","","","","","0","0","0.00","0","","",""
"FD2685R","FD2685","ｶﾞﾗ　　ﾀﾀﾐ","","","","32","","0","L","","0","","","","","801","","","0","1","0","0","0","0","0","1","1","0","0","2","0","2","0","0","2","017","2","","2026","000","2026","","117","","","","","","","","","","","","2","","30","20260417","890","","765.00","","765","1290","","","","","","","","","","","","","","","","","","","","","","","","","","","","","","","","","","","","","","","","","","","","","","","","","","","","","","","","","","","","","","","","","","","0","0","0.00","0","","",""
"FD2686R","FD2686","ｶﾞﾗ　　ﾀﾀﾐ","","","","32","","0","L","","0","","","","","801","","","0","1","0","0","0","0","0","1","1","0","0","2","0","2","0","0","2","017","2","","2026","000","2026","","117","","","","","","","","","","","","2","","30","20260417","890","","765.00","","765","1290","","","","","","","","","","","","","","","","","","","","","","","","","","","","","","","","","","","","","","","","","","","","","","","","","","","","","","","","","","","","","","","","","","","0","0","0.00","0","","",""
"FD2686R","FD2686","ｶﾞﾗ　　ﾀﾀﾐ","","","","90","","0","L","","0","","","","","801","","","0","1","0","0","0","0","0","1","1","0","0","2","0","2","0","0","2","017","2","","2026","000","2026","","117","","","","","","","","","","","","2","","30","20260417","890","","765.00","","765","1290","","","","","","","","","","","","","","","","","","","","","","","","","","","","","","","","","","","","","","","","","","","","","","","","","","","","","","","","","","","","","","","","","","","0","0","0.00","0","","",""
"FD2687R","FD2687","ｶﾞﾗ　　ﾀﾀﾐ","","","","32","","0","LL","","0","","","","","801","","","0","1","0","0","0","0","0","1","1","0","0","2","0","2","0","0","2","017","2","","2026","000","2026","","117","","","","","","","","","","","","2","","30","20260417","890","","835.00","","835","1290","","","","","","","","","","","","","","","","","","","","","","","","","","","","","","","","","","","","","","","","","","","","","","","","","","","","","","","","","","","","","","","","","","","0","0","0.00","0","","",""
"FD2688R","FD2688","ｽﾄﾗｲﾌﾟ　ﾀﾀﾐ","","","","32","","0","LL","","0","","","","","801","","","0","1","0","0","0","0","0","1","1","0","0","2","0","2","0","0","2","017","2","","2026","000","2026","","117","","","","","","","","","","","","2","","30","20260417","835","","835.00","","835","1290","","","","","","","","","","","","","","","","","","","","","","","","","","","","","","","","","","","","","","","","","","","","","","","","","","","","","","","","","","","","","","","","","","","0","0","0.00","0","","",""
"FD2689H","FD2689","ﾃﾝﾈﾝﾁｬﾀｹｳｼﾞｷﾝﾄｷﾈｰﾑ","","","","20","","0","L","","0","","","","","181","","","0","1","0","0","0","0","0","1","1","0","0","2","0","2","0","0","2","017","2","","2026","000","2026","","116","","","","","","","","","","","","2","","30","20260417","0","","","","1931","490","","","","","","","","","","","","","","","","","","","","","","","","","","","","","","","","","","","","","","","","","","","","","","","","","","","","","","","","","","","","","","","","","","","0.034","42","0.00","0","","11.35",""
"FD2690H","FD2690","4KDｿﾄﾇｲﾎﾟﾃﾄﾁｯﾌﾟｽｼｼｭｳ","","","","90","","0","L","","0","","","","","181","","","0","1","0","0","0","0","0","1","1","0","0","2","0","2","0","0","2","017","2","","2026","000","2026","","012","","","","","","","","","","","","2","","30","20260417","0","","","","0","490","","","","","","","","","","","","","","","","","","","","","","","","","","","","","","","","","","","","","","","","","","","","","","","","","","","","","","","","","","","","","","","","","","","0.034","42","0.00","0","","0.00",""
"FD2690V","FD2690","4KDｿﾄﾇｲﾎﾟﾃﾄﾁｯﾌﾟｽｼｼｭｳ","","","","90","","0","L","","0","","","","","437","","","0","1","0","0","0","0","0","1","1","0","0","2","0","2","0","0","2","017","2","","2026","000","2026","","012","","","","","","","","","","","","2","","30","20260417","0","","","","0","490","","","","","","","","","","","","","","","","","","","","","","","","","","","","","","","","","","","","","","","","","","","","","","","","","","","","","","","","","","","","","","","","","","","0.034","42","0.00","0","","0.00",""
"FD2691H","FD2691","4KDｷﾞｮｳｻﾞﾈｰﾑ","","","","62","","0","L","","0","","","","","181","","","0","1","0","0","0","0","0","1","1","0","0","2","0","2","0","0","2","017","2","","2026","000","2026","","133","","","","","","","","","","","","2","","30","20260417","0","","","","0","490","","","","","","","","","","","","","","","","","","","","","","","","","","","","","","","","","","","","","","","","","","","","","","","","","","","","","","","","","","","","","","","","","","","0.034","42","0.00","0","","0.00",""
"FD2692H","FD2692","4KDﾅﾏｹﾓﾉ","","","","20","","0","L","","0","","","","","181","","","0","1","0","0","0","0","0","1","1","0","0","2","0","2","0","0","2","017","2","","2026","000","2026","","133","","","","","","","","","","","","2","","30","20260417","0","","","","0","490","","","","","","","","","","","","","","","","","","","","","","","","","","","","","","","","","","","","","","","","","","","","","","","","","","","","","","","","","","","","","","","","","","","0.034","42","0.00","0","","0.00",""
"FD2693H","FD2693","4KDﾐｰｱｷｬｯﾄｺｰﾋｰ","","","","40","","0","L","","0","","","","","181","","","0","1","0","0","0","0","0","1","1","0","0","2","0","2","0","0","2","017","2","","2026","000","2026","","116","","","","","","","","","","","","2","","30","20260417","0","","","","0","490","","","","","","","","","","","","","","","","","","","","","","","","","","","","","","","","","","","","","","","","","","","","","","","","","","","","","","","","","","","","","","","","","","","0.034","42","0.00","0","","0.00",""
"FD2694H","FD2694","4KDｼﾊﾞｲﾇ","","","","20","","0","L","","0","","","","","181","","","0","1","0","0","0","0","0","1","1","0","0","2","0","2","0","0","2","017","2","","2026","000","2026","","116","","","","","","","","","","","","2","","30","20260417","0","","","","0","490","","","","","","","","","","","","","","","","","","","","","","","","","","","","","","","","","","","","","","","","","","","","","","","","","","","","","","","","","","","","","","","","","","","0.034","42","0.00","0","","0.00",""
"FD2695H","FD2695","ﾃﾝﾈﾝﾔｷﾄﾘｼｼｭｳ","","","","80","","0","L","","0","","","","","181","","","0","1","0","0","0","0","0","1","1","0","0","2","0","2","0","0","2","017","2","","2026","000","2026","","012","","","","","","","","","","","","2","","30","20260417","0","","","","0","490","","","","","","","","","","","","","","","","","","","","","","","","","","","","","","","","","","","","","","","","","","","","","","","","","","","","","","","","","","","","","","","","","","","0.034","42","0.00","0","","0.00",""
"FD2696V","FD2696","4KDﾈｺｵﾌﾛﾈｰﾑ","","","","32","","0","L","","0","","","","","437","","","0","1","0","0","0","0","0","1","1","0","0","2","0","2","0","0","2","017","2","","2026","000","2026","","122","","","","","","","","","","","","2","","30","20260417","0","","","","0","490","","","","","","","","","","","","","","","","","","","","","","","","","","","","","","","","","","","","","","","","","","","","","","","","","","","","","","","","","","","","","","","","","","","0.034","42","0.00","0","","0.00",""
"FD2697H","FD2697","4KDﾅｶｲﾀﾁﾝｱﾅｺﾞｼｼｭｳ","","","","90","","0","L","","0","","","","","181","","","0","1","0","0","0","0","0","1","1","0","0","2","0","2","0","0","2","017","2","","2026","000","2026","","122","","","","","","","","","","","","2","","30","20260417","0","","","","0","490","","","","","","","","","","","","","","","","","","","","","","","","","","","","","","","","","","","","","","","","","","","","","","","","","","","","","","","","","","","","","","","","","","","0.034","42","0.00","0","","0.00",""
"FD2698H","FD2698","ﾃﾝﾈﾝｿﾊﾞｼｼｭｳﾀﾀﾐ","","","","22","","0","L","","0","","","","","181","","","0","1","0","0","0","0","0","1","1","0","0","2","0","2","0","0","2","017","2","","2026","000","2026","","122","","","","","","","","","","","","2","","30","20260417","0","","","","0","490","","","","","","","","","","","","","","","","","","","","","","","","","","","","","","","","","","","","","","","","","","","","","","","","","","","","","","","","","","","","","","","","","","","0.034","42","0.00","0","","0.00",""
"FD2699W","FD2699","ﾃﾝﾈﾝﾁｬﾀｹｷﾎﾞﾘｸﾏ","","","","90","","0","L","","0","","","","","105","","","0","1","0","0","0","0","0","1","1","0","0","2","0","2","0","0","2","017","2","","2026","000","2026","","116","","","","","","","","","","","","2","","30","20260417","0","","","","0","490","","","","","","","","","","","","","","","","","","","","","","","","","","","","","","","","","","","","","","","","","","","","","","","","","","","","","","","","","","","","","","","","","","","0.034","45","0.00","0","","0.00",""
"FD2731F","FD2731","DS ﾐｯｷｰﾐﾆｰｿﾄﾇｲ16","","","","62","","0","16.0","","0","","","","","411","","","0","1","0","0","0","0","0","1","1","0","0","2","0","2","0","0","2","018","2","","2026","005","2026","","116","","","","","","","","","","","","2","","30","20260417","0","","","","1890","0","","","","","","","","","","","","","","","","","","","","","","","","","","","","","","","","","","","","","","","","","","","","","","","","","","","","","","","","","","","","","","","","","","","0.034","42","0.00","0","","11.10",""
"FD2732F","FD2732","DS ｶｰｽﾞｿﾄﾇｲ18","","","","90","","0","18.0","","0","","","","","411","","","0","1","0","0","0","0","0","1","1","0","0","2","0","2","0","0","2","018","2","","2026","005","2026","","116","","","","","","","","","","","","2","","30","20260417","0","","","","1890","0","","","","","","","","","","","","","","","","","","","","","","","","","","","","","","","","","","","","","","","","","","","","","","","","","","","","","","","","","","","","","","","","","","","0.034","42","0.00","0","","11.10",""
"FD2733F","FD2733","DS ｱﾅﾕｷｿﾄﾇｲ16","","","","30","","0","16.0","","0","","","","","411","","","0","1","0","0","0","0","0","1","1","0","0","2","0","2","0","0","2","018","2","","2026","005","2026","","327","","","","","","","","","","","","2","","30","20260417","0","","","","1994","990","","","","","","","","","","","","","","","","","","","","","","","","","","","","","","","","","","","","","","","","","","","","","","","","","","","","","","","","","","","","","","","","","","","0.034","42","103.95","0","","11.10",""
"FD2734F","FD2734","DS ﾄｲストーリーｿﾄﾇｲ18","","","","20","","0","16.0","","0","","","","","411","","","0","1","0","0","0","0","0","1","1","0","0","2","0","2","0","0","2","018","2","","2026","005","2026","","327","","","","","","","","","","","","2","","30","20260417","0","","","","1994","990","","","","","","","","","","","","","","","","","","","","","","","","","","","","","","","","","","","","","","","","","","","","","","","","","","","","","","","","","","","","","","","","","","","0.034","42","103.95","0","","11.10",""
"FD2734F","FD2734","DS ﾄｲストーリーｿﾄﾇｲ18","","","","20","","0","18.0","","0","","","","","411","","","0","1","0","0","0","0","0","1","1","0","0","2","0","2","0","0","2","018","2","","2026","005","2026","","327","","","","","","","","","","","","2","","30","20260417","0","","","","1994","990","","","","","","","","","","","","","","","","","","","","","","","","","","","","","","","","","","","","","","","","","","","","","","","","","","","","","","","","","","","","","","","","","","","0.034","42","103.95","0","","11.10",""
"FD2735F","FD2735","DS ｱﾅﾕｷｿﾄﾇｲ18","","","","30","","0","18.0","","0","","","","","411","","","0","1","0","0","0","0","0","1","1","0","0","2","0","2","0","0","2","018","2","","2026","005","2026","","012","","","","","","","","","","","","2","","30","20260417","0","","","","1994","990","","","","","","","","","","","","","","","","","","","","","","","","","","","","","","","","","","","","","","","","","","","","","","","","","","","","","","","","","","","","","","","","","","","0.034","42","103.95","0","","11.10",""
"FD2736F","FD2736","DS ﾌﾟﾘﾝｾｽｿﾄﾇｲ16","","","","11","","0","16.0","","0","","","","","411","","","0","1","0","0","0","0","0","1","1","0","0","2","0","2","0","0","2","018","2","","2026","005","2026","","122","","","","","","","","","","","","2","","30","20260417","0","","","","1994","990","","","","","","","","","","","","","","","","","","","","","","","","","","","","","","","","","","","","","","","","","","","","","","","","","","","","","","","","","","","","","","","","","","","0.034","42","103.95","0","","11.10",""
"FD2737F","FD2737","DS ﾌﾟﾘﾝｾｽｿﾄﾇｲ18","","","","11","","0","18.0","","0","","","","","411","","","0","1","0","0","0","0","0","1","1","0","0","2","0","2","0","0","2","018","2","","2026","005","2026","","133","","","","","","","","","","","","2","","30","20260417","0","","","","1994","990","","","","","","","","","","","","","","","","","","","","","","","","","","","","","","","","","","","","","","","","","","","","","","","","","","","","","","","","","","","","","","","","","","","0.034","42","103.95","0","","11.10",""
"FD2738F","FD2738","DS ﾌﾟｰｻﾝｿﾄﾇｲ16","","","","73","","0","16.0","","0","","","","","411","","","0","1","0","0","0","0","0","1","1","0","0","2","0","2","0","0","2","018","2","","2026","005","2026","","133","","","","","","","","","","","","2","","30","20260417","0","","","","1994","990","","","","","","","","","","","","","","","","","","","","","","","","","","","","","","","","","","","","","","","","","","","","","","","","","","","","","","","","","","","","","","","","","","","0.034","42","103.95","0","","11.10",""
"FD2738F","FD2738","DS ﾌﾟｰｻﾝｿﾄﾇｲ16","","","","73","","0","18.0","","0","","","","","411","","","0","1","0","0","0","0","0","1","1","0","0","2","0","2","0","0","2","018","2","","2026","005","2026","","133","","","","","","","","","","","","2","","30","20260417","0","","","","1994","990","","","","","","","","","","","","","","","","","","","","","","","","","","","","","","","","","","","","","","","","","","","","","","","","","","","","","","","","","","","","","","","","","","","0.034","42","103.95","0","","11.10",""
"FD2739F","FD2739","DS ﾀﾞﾝﾎﾞｿﾄﾇｲ16","","","","30","","0","16.0","","0","","","","","411","","","0","1","0","0","0","0","0","1","1","0","0","2","0","2","0","0","2","018","2","","2026","005","2026","","012","","","","","","","","","","","","2","","30","20260417","0","","","","1994","990","","","","","","","","","","","","","","","","","","","","","","","","","","","","","","","","","","","","","","","","","","","","","","","","","","","","","","","","","","","","","","","","","","","0.034","42","103.95","0","","11.10",""
"FD2740V","FD2740","CR ﾁｪｯｶｰｿﾄﾇｲ","","","","11","","0","20.0","","0","","","","","437","","","0","1","0","0","0","0","0","1","1","0","0","2","0","2","0","0","2","018","2","","2026","000","2026","","133","","","","","","","","","","","","2","","30","20260417","0","","","","0","0","","","","","","","","","","","","","","","","","","","","","","","","","","","","","","","","","","","","","","","","","","","","","","","","","","","","","","","","","","","","","","","","","","","0.034","42","0.00","0","","0.00",""
"FD2741F","FD2741","CR ﾋﾞｽｹｯﾄｿﾄﾇｲ","","","","11","","0","20.0","","0","","","","","411","","","0","1","0","0","0","0","0","1","1","0","0","2","0","2","0","0","2","018","2","","2026","000","2026","","133","","","","","","","","","","","","2","","30","20260417","0","","","","0","0","","","","","","","","","","","","","","","","","","","","","","","","","","","","","","","","","","","","","","","","","","","","","","","","","","","","","","","","","","","","","","","","","","","0.034","42","0.00","0","","0.00",""
"FD2741V","FD2741","CR ﾋﾞｽｹｯﾄｿﾄﾇｲ","","","","11","","0","20.0","","0","","","","","437","","","0","1","0","0","0","0","0","1","1","0","0","2","0","2","0","0","2","018","2","","2026","000","2026","","133","","","","","","","","","","","","2","","30","20260417","0","","","","0","0","","","","","","","","","","","","","","","","","","","","","","","","","","","","","","","","","","","","","","","","","","","","","","","","","","","","","","","","","","","","","","","","","","","0.034","42","0.00","0","","0.00",""
"FD2742V","FD2742","CR ｱｲｽｸﾘｰﾑｿﾄﾇｲ","","","","70","","0","20.0","","0","","","","","437","","","0","1","0","0","0","0","0","1","1","0","0","2","0","2","0","0","2","018","2","","2026","000","2026","","133","","","","","","","","","","","","2","","30","20260417","0","","","","0","0","","","","","","","","","","","","","","","","","","","","","","","","","","","","","","","","","","","","","","","","","","","","","","","","","","","","","","","","","","","","","","","","","","","0.034","42","0.00","0","","0.00",""
"FD2743V","FD2743","CR ｷｬﾝﾃﾞｨｿﾄﾇｲ","","","","70","","0","20.0","","0","","","","","437","","","0","1","0","0","0","0","0","1","1","0","0","2","0","2","0","0","2","018","2","","2026","000","2026","","133","","","","","","","","","","","","2","","30","20260417","0","","","","0","0","","","","","","","","","","","","","","","","","","","","","","","","","","","","","","","","","","","","","","","","","","","","","","","","","","","","","","","","","","","","","","","","","","","0.034","42","0.00","0","","0.00",""
"FD2744F","FD2744","CR ｹｰｷｿﾄﾇｲ","","","","11","","0","20.0","","0","","","","","411","","","0","1","0","0","0","0","0","1","1","0","0","2","0","2","0","0","2","018","2","","2026","000","2026","","133","","","","","","","","","","","","2","","30","20260417","0","","","","0","0","","","","","","","","","","","","","","","","","","","","","","","","","","","","","","","","","","","","","","","","","","","","","","","","","","","","","","","","","","","","","","","","","","","0.034","42","0.00","0","","0.00",""
"FD2744V","FD2744","CR ｹｰｷｿﾄﾇｲ","","","","11","","0","20.0","","0","","","","","437","","","0","1","0","0","0","0","0","1","1","0","0","2","0","2","0","0","2","018","2","","2026","000","2026","","133","","","","","","","","","","","","2","","30","20260417","0","","","","0","0","","","","","","","","","","","","","","","","","","","","","","","","","","","","","","","","","","","","","","","","","","","","","","","","","","","","","","","","","","","","","","","","","","","0.034","42","0.00","0","","0.00",""
"FD3189W","FD3189","ﾑｼﾞﾅｶｼﾞｷﾘﾌﾞ","","","","10","","0","M","","0","","","","","105","","","0","1","0","0","0","0","0","1","1","0","0","2","0","2","0","0","2","016","3","","2026","000","2026","","128","","","","","","","","","","","","2","","30","20260417","0","","","","0","0","","","","","","","","","","","","","","","","","","","","","","","","","","","","","","","","","","","","","","","","","","","","","","","","","","","","","","","","","","","","","","","","","","","0.034","45","0.00","0","","0.00",""
"FD3189W","FD3189","ﾑｼﾞﾅｶｼﾞｷﾘﾌﾞ","","","","62","","0","M","","0","","","","","105","","","0","1","0","0","0","0","0","1","1","0","0","2","0","2","0","0","2","016","3","","2026","000","2026","","128","","","","","","","","","","","","2","","30","20260417","0","","","","0","0","","","","","","","","","","","","","","","","","","","","","","","","","","","","","","","","","","","","","","","","","","","","","","","","","","","","","","","","","","","","","","","","","","","0.034","45","0.00","0","","0.00",""
"FD3190W","FD3190","ﾑｼﾞﾅｶｼﾞｷﾈｺ","","","","70","","0","M","","0","","","","","105","","","0","1","0","0","0","0","0","1","1","0","0","2","0","2","0","0","2","016","3","","2026","000","2026","","128","","","","","","","","","","","","2","","30","20260417","0","","","","0","0","","","","","","","","","","","","","","","","","","","","","","","","","","","","","","","","","","","","","","","","","","","","","","","","","","","","","","","","","","","","","","","","","","","0.034","45","0.00","0","","0.00",""
"FD3191W","FD3191","ﾑｼﾞﾅｶｼﾞｷｼﾛｸﾏ","","","","80","","0","M","","0","","","","","105","","","0","1","0","0","0","0","0","1","1","0","0","2","0","2","0","0","2","016","3","","2026","000","2026","","128","","","","","","","","","","","","2","","30","20260417","0","","","","0","0","","","","","","","","","","","","","","","","","","","","","","","","","","","","","","","","","","","","","","","","","","","","","","","","","","","","","","","","","","","","","","","","","","","0.034","45","0.00","0","","0.00",""
"FD3192W","FD3192","ﾑｼﾞﾅｶｼﾞｷｱﾆﾏﾙ","","","","60","","0","M","","0","","","","","105","","","0","1","0","0","0","0","0","1","1","0","0","2","0","2","0","0","2","016","3","","2026","000","2026","","128","","","","","","","","","","","","2","","30","20260417","0","","","","0","0","","","","","","","","","","","","","","","","","","","","","","","","","","","","","","","","","","","","","","","","","","","","","","","","","","","","","","","","","","","","","","","","","","","0.034","45","0.00","0","","0.00",""
"FD3192W","FD3192","ﾑｼﾞﾅｶｼﾞｷｱﾆﾏﾙ","","","","80","","0","M","","0","","","","","105","","","0","1","0","0","0","0","0","1","1","0","0","2","0","2","0","0","2","016","3","","2026","000","2026","","128","","","","","","","","","","","","2","","30","20260417","0","","","","0","0","","","","","","","","","","","","","","","","","","","","","","","","","","","","","","","","","","","","","","","","","","","","","","","","","","","","","","","","","","","","","","","","","","","0.034","45","0.00","0","","0.00",""
"FD3193W","FD3193","ﾑｼﾞﾅｶｼﾞｷｳｻｷﾞ","","","","11","","0","M","","0","","","","","105","","","0","1","0","0","0","0","0","1","1","0","0","2","0","2","0","0","2","016","3","","2026","000","2026","","128","","","","","","","","","","","","2","","30","20260417","0","","","","0","0","","","","","","","","","","","","","","","","","","","","","","","","","","","","","","","","","","","","","","","","","","","","","","","","","","","","","","","","","","","","","","","","","","","0.034","45","0.00","0","","0.00",""
"FD3194W","FD3194","ﾑｼﾞﾅｶｼﾞｷﾁｪｯｸ","","","","60","","0","M","","0","","","","","105","","","0","1","0","0","0","0","0","1","1","0","0","2","0","2","0","0","2","016","3","","2026","000","2026","","128","","","","","","","","","","","","2","","30","20260417","0","","","","0","0","","","","","","","","","","","","","","","","","","","","","","","","","","","","","","","","","","","","","","","","","","","","","","","","","","","","","","","","","","","","","","","","","","","0.034","45","0.00","0","","0.00",""
"FD3195W","FD3195","ﾑｼﾞﾅｶｼﾞｷﾁｪｯｸ","","","","11","","0","M","","0","","","","","105","","","0","1","0","0","0","0","0","1","1","0","0","2","0","2","0","0","2","016","3","","2026","000","2026","","128","","","","","","","","","","","","2","","30","20260417","0","","","","0","0","","","","","","","","","","","","","","","","","","","","","","","","","","","","","","","","","","","","","","","","","","","","","","","","","","","","","","","","","","","","","","","","","","","0.034","45","0.00","0","","0.00",""
"FD3196W","FD3196","ﾁｪｯｸ","","","","11","","0","M","","0","","","","","105","","","0","1","0","0","0","0","0","1","1","0","0","2","0","2","0","0","2","016","3","","2026","000","2026","","128","","","","","","","","","","","","2","","30","20260417","0","","","","0","0","","","","","","","","","","","","","","","","","","","","","","","","","","","","","","","","","","","","","","","","","","","","","","","","","","","","","","","","","","","","","","","","","","","0.034","45","0.00","0","","0.00",""
"FD3196W","FD3196","ﾁｪｯｸ","","","","11","","0","L","","0","","","","","105","","","0","1","0","0","0","0","0","1","1","0","0","2","0","2","0","0","2","016","3","","2026","000","2026","","128","","","","","","","","","","","","2","","30","20260417","0","","","","0","0","","","","","","","","","","","","","","","","","","","","","","","","","","","","","","","","","","","","","","","","","","","","","","","","","","","","","","","","","","","","","","","","","","","0.034","45","0.00","0","","0.00",""
"FD3197W","FD3197","ﾁｪｯｸ","","","","10","","0","M","","0","","","","","105","","","0","1","0","0","0","0","0","1","1","0","0","2","0","2","0","0","2","016","3","","2026","000","2026","","128","","","","","","","","","","","","2","","30","20260417","0","","","","0","0","","","","","","","","","","","","","","","","","","","","","","","","","","","","","","","","","","","","","","","","","","","","","","","","","","","","","","","","","","","","","","","","","","","0.034","45","0.00","0","","0.00",""
"FD3198W","FD3198","ﾑｼﾞ","","","","10","","0","M","","0","","","","","105","","","0","1","0","0","0","0","0","1","1","0","0","2","0","2","0","0","2","016","3","","2026","000","2026","","128","","","","","","","","","","","","2","","30","20260417","0","","","","0","0","","","","","","","","","","","","","","","","","","","","","","","","","","","","","","","","","","","","","","","","","","","","","","","","","","","","","","","","","","","","","","","","","","","0.034","45","0.00","0","","0.00",""
"FD3198W","FD3198","ﾑｼﾞ","","","","80","","0","M","","0","","","","","105","","","0","1","0","0","0","0","0","1","1","0","0","2","0","2","0","0","2","016","3","","2026","000","2026","","128","","","","","","","","","","","","2","","30","20260417","0","","","","0","0","","","","","","","","","","","","","","","","","","","","","","","","","","","","","","","","","","","","","","","","","","","","","","","","","","","","","","","","","","","","","","","","","","","0.034","45","0.00","0","","0.00",""
"FD3199F","FD3199","ｼﾞｬｶﾞｰﾄﾞﾉﾙﾄﾞ","","","","10","","0","M","","0","","","","","411","","","0","1","0","0","0","0","0","1","1","0","0","2","0","2","0","0","2","016","3","","2026","000","2026","","128","","","","","","","","","","","","2","","30","20260417","0","","","","0","0","","","","","","","","","","","","","","","","","","","","","","","","","","","","","","","","","","","","","","","","","","","","","","","","","","","","","","","","","","","","","","","","","","","0.034","42","0.00","0","","0.00",""
"FD3200F","FD3200","ｼﾞｬｶﾞｰﾄﾞｼﾞｸﾞｻﾞｸﾞ","","","","62","","0","M","","0","","","","","411","","","0","1","0","0","0","0","0","1","1","0","0","2","0","2","0","0","2","016","3","","2026","000","2026","","128","","","","","","","","","","","","2","","30","20260417","0","","","","0","0","","","","","","","","","","","","","","","","","","","","","","","","","","","","","","","","","","","","","","","","","","","","","","","","","","","","","","","","","","","","","","","","","","","0.034","42","0.00","0","","0.00",""
"FD3201F","FD3201","ｼﾞｬｶﾞｰﾄﾞﾁｪｯｸ","","","","32","","0","M","","0","","","","","411","","","0","1","0","0","0","0","0","1","1","0","0","2","0","2","0","0","2","016","3","","2026","000","2026","","128","","","","","","","","","","","","2","","30","20260417","0","","","","0","0","","","","","","","","","","","","","","","","","","","","","","","","","","","","","","","","","","","","","","","","","","","","","","","","","","","","","","","","","","","","","","","","","","","0.034","42","0.00","0","","0.00",""
"FD3202F","FD3202","ﾈｺｼｼｭｳ","","","","80","","0","M","","0","","","","","411","","","0","1","0","0","0","0","0","1","1","0","0","2","0","2","0","0","2","016","3","","2026","000","2026","","128","","","","","","","","","","","","2","","30","20260417","0","","","","0","0","","","","","","","","","","","","","","","","","","","","","","","","","","","","","","","","","","","","","","","","","","","","","","","","","","","","","","","","","","","","","","","","","","","0.034","42","0.00","0","","0.00",""
"FD3203F","FD3203","ｸﾏｼｼｭｳ","","","","40","","0","M","","0","","","","","411","","","0","1","0","0","0","0","0","1","1","0","0","2","0","2","0","0","2","016","3","","2026","000","2026","","128","","","","","","","","","","","","2","","30","20260417","0","","","","0","0","","","","","","","","","","","","","","","","","","","","","","","","","","","","","","","","","","","","","","","","","","","","","","","","","","","","","","","","","","","","","","","","","","","0.034","42","0.00","0","","0.00",""
"FD3204F","FD3204","ｳｻｷﾞｼｼｭｳ","","","","11","","0","M","","0","","","","","411","","","0","1","0","0","0","0","0","1","1","0","0","2","0","2","0","0","2","016","3","","2026","000","2026","","128","","","","","","","","","","","","2","","30","20260417","0","","","","0","0","","","","","","","","","","","","","","","","","","","","","","","","","","","","","","","","","","","","","","","","","","","","","","","","","","","","","","","","","","","","","","","","","","","0.034","42","0.00","0","","0.00",""
"FD3205F","FD3205","ﾋﾂｼﾞｼｼｭｳ","","","","60","","0","M","","0","","","","","411","","","0","1","0","0","0","0","0","1","1","0","0","2","0","2","0","0","2","016","3","","2026","000","2026","","128","","","","","","","","","","","","2","","30","20260417","0","","","","0","0","","","","","","","","","","","","","","","","","","","","","","","","","","","","","","","","","","","","","","","","","","","","","","","","","","","","","","","","","","","","","","","","","","","0.034","42","0.00","0","","0.00",""
"FD3206V","FD3206","ﾑｼﾞ","","","","11","","0","M","","0","","","","","437","","","0","1","0","0","0","0","0","1","1","0","0","2","0","2","0","0","2","016","3","","2026","000","2026","","128","","","","","","","","","","","","2","","30","20260417","0","","","","0","0","","","","","","","","","","","","","","","","","","","","","","","","","","","","","","","","","","","","","","","","","","","","","","","","","","","","","","","","","","","","","","","","","","","0.034","42","0.00","0","","0.00",""
"FD3206V","FD3206","ﾑｼﾞ","","","","62","","0","M","","0","","","","","437","","","0","1","0","0","0","0","0","1","1","0","0","2","0","2","0","0","2","016","3","","2026","000","2026","","128","","","","","","","","","","","","2","","30","20260417","0","","","","0","0","","","","","","","","","","","","","","","","","","","","","","","","","","","","","","","","","","","","","","","","","","","","","","","","","","","","","","","","","","","","","","","","","","","0.034","42","0.00","0","","0.00",""
"FD3207V","FD3207","ｱﾆﾏﾙﾊﾟﾝﾀﾞｿﾄﾇｲ","","","","60","","0","M","","0","","","","","437","","","0","1","0","0","0","0","0","1","1","0","0","2","0","2","0","0","2","016","3","","2026","000","2026","","122","","","","","","","","","","","","2","","30","20260417","0","","","","0","1500","","","","","","","","","","","","","","","","","","","","","","","","","","","","","","","","","","","","","","","","","","","","","","","","","","","","","","","","","","","","","","","","","","","0.08","42","0.00","0","","0.00",""
"FD3208V","FD3208","ｱﾆﾏﾙﾋﾞｼｮﾝｿﾄﾇｲ","","","","60","","0","M","","0","","","","","437","","","0","1","0","0","0","0","0","1","1","0","0","2","0","2","0","0","2","016","3","","2026","000","2026","","130","","","","","","","","","","","","2","","30","20260417","0","","","","0","1500","","","","","","","","","","","","","","","","","","","","","","","","","","","","","","","","","","","","","","","","","","","","","","","","","","","","","","","","","","","","","","","","","","","0.08","42","0.00","0","","0.00",""
"FD3209V","FD3209","ｱﾆﾏﾙﾁｬｲﾛｳｼｿﾄﾇｲ","","","","40","","0","M","","0","","","","","437","","","0","1","0","0","0","0","0","1","1","0","0","2","0","2","0","0","2","016","3","","2026","000","2026","","130","","","","","","","","","","","","2","","30","20260417","0","","","","0","1500","","","","","","","","","","","","","","","","","","","","","","","","","","","","","","","","","","","","","","","","","","","","","","","","","","","","","","","","","","","","","","","","","","","0.08","42","0.00","0","","0.00",""
"FD3210V","FD3210","ｱﾆﾏﾙｼﾛｸﾛｳｼｿﾄﾇｲ","","","","60","","0","M","","0","","","","","437","","","0","1","0","0","0","0","0","1","1","0","0","2","0","2","0","0","2","016","3","","2026","000","2026","","122","","","","","","","","","","","","2","","30","20260417","0","","","","0","1500","","","","","","","","","","","","","","","","","","","","","","","","","","","","","","","","","","","","","","","","","","","","","","","","","","","","","","","","","","","","","","","","","","","0.08","42","0.00","0","","0.00",""
"FD3211V","FD3211","ﾊﾁﾐﾂｸﾏｿﾄﾇｲ","","","","40","","0","M","","0","","","","","437","","","0","1","0","0","0","0","0","1","1","0","0","2","0","2","0","0","2","016","3","","2026","000","2026","","133","","","","","","","","","","","","2","","30","20260417","0","","","","0","1500","","","","","","","","","","","","","","","","","","","","","","","","","","","","","","","","","","","","","","","","","","","","","","","","","","","","","","","","","","","","","","","","","","","0.08","42","0.00","0","","0.00",""
"FD3212V","FD3212","ｼｭﾅｳｻﾞｰｿﾄﾇｲ","","","","80","","0","M","","0","","","","","437","","","0","1","0","0","0","0","0","1","1","0","0","2","0","2","0","0","2","016","3","","2026","000","2026","","133","","","","","","","","","","","","2","","30","20260417","0","","","","0","1500","","","","","","","","","","","","","","","","","","","","","","","","","","","","","","","","","","","","","","","","","","","","","","","","","","","","","","","","","","","","","","","","","","","0.08","42","0.00","0","","0.00",""
"FD3213V","FD3213","ｻﾒｿﾄﾇｲ","","","","80","","0","M","","0","","","","","437","","","0","1","0","0","0","0","0","1","1","0","0","2","0","2","0","0","2","016","3","","2026","000","2026","","133","","","","","","","","","","","","2","","30","20260417","0","","","","0","1500","","","","","","","","","","","","","","","","","","","","","","","","","","","","","","","","","","","","","","","","","","","","","","","","","","","","","","","","","","","","","","","","","","","0.08","42","0.00","0","","0.00",""
"FD3569W","FD3569","ﾑｼﾞﾅｶｼﾞｷﾘﾌﾞ","","","","20","","0","L","","0","","","","","105","","","0","1","0","0","0","0","0","1","1","0","0","2","0","2","0","0","2","017","3","","2026","000","2026","","128","","","","","","","","","","","","2","","30","20260417","0","","","","0","0","","","","","","","","","","","","","","","","","","","","","","","","","","","","","","","","","","","","","","","","","","","","","","","","","","","","","","","","","","","","","","","","","","","0.034","45","0.00","0","","0.00",""
"FD3569W","FD3569","ﾑｼﾞﾅｶｼﾞｷﾘﾌﾞ","","","","80","","0","L","","0","","","","","105","","","0","1","0","0","0","0","0","1","1","0","0","2","0","2","0","0","2","017","3","","2026","000","2026","","128","","","","","","","","","","","","2","","30","20260417","0","","","","0","0","","","","","","","","","","","","","","","","","","","","","","","","","","","","","","","","","","","","","","","","","","","","","","","","","","","","","","","","","","","","","","","","","","","0.034","45","0.00","0","","0.00",""
"FD3570W","FD3570","ﾑｼﾞﾅｶｼﾞｷﾁｪｯｸ","","","","90","","0","M","","0","","","","","105","","","0","1","0","0","0","0","0","1","1","0","0","2","0","2","0","0","2","017","3","","2026","000","2026","","128","","","","","","","","","","","","2","","30","20260417","0","","","","0","0","","","","","","","","","","","","","","","","","","","","","","","","","","","","","","","","","","","","","","","","","","","","","","","","","","","","","","","","","","","","","","","","","","","0.034","45","0.00","0","","0.00",""
"FD3570W","FD3570","ﾑｼﾞﾅｶｼﾞｷﾁｪｯｸ","","","","90","","0","L","","0","","","","","105","","","0","1","0","0","0","0","0","1","1","0","0","2","0","2","0","0","2","017","3","","2026","000","2026","","128","","","","","","","","","","","","2","","30","20260417","0","","","","0","0","","","","","","","","","","","","","","","","","","","","","","","","","","","","","","","","","","","","","","","","","","","","","","","","","","","","","","","","","","","","","","","","","","","0.034","45","0.00","0","","0.00",""
"FD3571W","FD3571","ﾑｼﾞﾅｶｼﾞｷﾁｪｯｸ","","","","32","","0","L","","0","","","","","105","","","0","1","0","0","0","0","0","1","1","0","0","2","0","2","0","0","2","017","3","","2026","000","2026","","128","","","","","","","","","","","","2","","30","20260417","0","","","","0","0","","","","","","","","","","","","","","","","","","","","","","","","","","","","","","","","","","","","","","","","","","","","","","","","","","","","","","","","","","","","","","","","","","","0.034","45","0.00","0","","0.00",""
"FD3572W","FD3572","ﾑｼﾞ","","","","32","","0","L","","0","","","","","105","","","0","1","0","0","0","0","0","1","1","0","0","2","0","2","0","0","2","017","3","","2026","000","2026","","128","","","","","","","","","","","","2","","30","20260417","0","","","","0","0","","","","","","","","","","","","","","","","","","","","","","","","","","","","","","","","","","","","","","","","","","","","","","","","","","","","","","","","","","","","","","","","","","","0.034","45","0.00","0","","0.00",""
"FD3572W","FD3572","ﾑｼﾞ","","","","42","","0","L","","0","","","","","105","","","0","1","0","0","0","0","0","1","1","0","0","2","0","2","0","0","2","017","3","","2026","000","2026","","128","","","","","","","","","","","","2","","30","20260417","0","","","","0","0","","","","","","","","","","","","","","","","","","","","","","","","","","","","","","","","","","","","","","","","","","","","","","","","","","","","","","","","","","","","","","","","","","","0.034","45","0.00","0","","0.00",""
"FD3573F","FD3573","ｼﾞｬｶﾞｰﾄﾞﾀﾞｲﾔ","","","","80","","0","L","","0","","","","","411","","","0","1","0","0","0","0","0","1","1","0","0","2","0","2","0","0","2","017","3","","2026","000","2026","","128","","","","","","","","","","","","2","","30","20260417","0","","","","0","0","","","","","","","","","","","","","","","","","","","","","","","","","","","","","","","","","","","","","","","","","","","","","","","","","","","","","","","","","","","","","","","","","","","0.034","42","0.00","0","","0.00",""
"FD3574F","FD3574","ｼﾞｬｶﾞｰﾄﾞﾓﾐﾉｷ","","","","32","","0","L","","0","","","","","411","","","0","1","0","0","0","0","0","1","1","0","0","2","0","2","0","0","2","017","3","","2026","000","2026","","128","","","","","","","","","","","","2","","30","20260417","0","","","","0","0","","","","","","","","","","","","","","","","","","","","","","","","","","","","","","","","","","","","","","","","","","","","","","","","","","","","","","","","","","","","","","","","","","","0.034","42","0.00","0","","0.00",""
"FD3575V","FD3575","ﾑｼﾞ","","","","60","","0","L","","0","","","","","437","","","0","1","0","0","0","0","0","1","1","0","0","2","0","2","0","0","2","017","3","","2026","000","2026","","128","","","","","","","","","","","","2","","30","20260417","0","","","","0","0","","","","","","","","","","","","","","","","","","","","","","","","","","","","","","","","","","","","","","","","","","","","","","","","","","","","","","","","","","","","","","","","","","","0.034","42","0.00","0","","0.00",""
"FD3575V","FD3575","ﾑｼﾞ","","","","80","","0","L","","0","","","","","437","","","0","1","0","0","0","0","0","1","1","0","0","2","0","2","0","0","2","017","3","","2026","000","2026","","128","","","","","","","","","","","","2","","30","20260417","0","","","","0","0","","","","","","","","","","","","","","","","","","","","","","","","","","","","","","","","","","","","","","","","","","","","","","","","","","","","","","","","","","","","","","","","","","","0.034","42","0.00","0","","0.00",""
"FD4500W","FD4500","ﾃﾝﾈﾝﾀﾀﾐﾁｮｳﾁﾝｵﾊﾞｹ","","","","30","","0","L","","0","","","","","105","","","0","1","0","0","0","0","0","1","1","0","0","2","0","2","0","0","2","017","2","","2026","000","2026","","012","","","","","","","","","","","","2","","30","20260417","0","","","","0","490","","","","","","","","","","","","","","","","","","","","","","","","","","","","","","","","","","","","","","","","","","","","","","","","","","","","","","","","","","","","","","","","","","","0.034","45","0.00","0","","0.00",""
"FD4501F","FD4501","ﾑｼﾞ　畳","","","","35","","0","L","","0","","","","","411","","","0","1","0","0","0","0","0","1","1","0","0","2","0","2","0","0","2","017","2","","2026","000","2026","","128","","","","","","","","","","","","2","","30","20260417","0","","","","0","0","","","","","","","","","","","","","","","","","","","","","","","","","","","","","","","","","","","","","","","","","","","","","","","","","","","","","","","","","","","","","","","","","","","0.034","42","0.00","0","","0.00",""
"FD4501F","FD4501","ﾑｼﾞ　畳","","","","85","","0","L","","0","","","","","411","","","0","1","0","0","0","0","0","1","1","0","0","2","0","2","0","0","2","017","2","","2026","000","2026","","128","","","","","","","","","","","","2","","30","20260417","0","","","","0","0","","","","","","","","","","","","","","","","","","","","","","","","","","","","","","","","","","","","","","","","","","","","","","","","","","","","","","","","","","","","","","","","","","","0.034","42","0.00","0","","0.00",""
"FD4502F","FD4502","ｽﾄﾗｲﾌﾟ　竹","","","","35","","0","L","","0","","","","","411","","","0","1","0","0","0","0","0","1","1","0","0","2","0","2","0","0","2","017","2","","2026","000","2026","","128","","","","","","","","","","","","2","","30","20260417","0","","","","0","0","","","","","","","","","","","","","","","","","","","","","","","","","","","","","","","","","","","","","","","","","","","","","","","","","","","","","","","","","","","","","","","","","","","0.034","42","0.00","0","","0.00",""
"FD4502F","FD4502","ｽﾄﾗｲﾌﾟ　竹","","","","95","","0","L","","0","","","","","411","","","0","1","0","0","0","0","0","1","1","0","0","2","0","2","0","0","2","017","2","","2026","000","2026","","128","","","","","","","","","","","","2","","30","20260417","0","","","","0","0","","","","","","","","","","","","","","","","","","","","","","","","","","","","","","","","","","","","","","","","","","","","","","","","","","","","","","","","","","","","","","","","","","","0.034","42","0.00","0","","0.00",""
"FD4503W","FD4503","ﾈｺｼﾙｴｯﾄ","","","","90","","0","L","","0","","","","","105","","","0","1","0","0","0","0","0","1","1","0","0","2","0","2","0","0","2","017","2","","2026","000","2026","","327","","","","","","","","","","","","2","","30","20260417","0","","","","1718","300","","","","","","","","","","","","","","","","","","","","","","","","","","","","","","","","","","","","","","","","","","","","","","","","","","","","","","","","","","","","","","","","","","","0.034","45","0.00","0","","10.05",""
"FD4504W","FD4504","ﾑｼﾞ　ﾚｲｶﾝ","","","","80","","0","L","","0","","","","","105","","","0","1","0","0","0","0","0","1","1","0","0","2","0","2","0","0","2","017","2","","2026","000","2026","","128","","","","","","","","","","","","2","","30","20260417","0","","","","1959","0","","","","","","","","","","","","","","","","","","","","","","","","","","","","","","","","","","","","","","","","","","","","","","","","","","","","","","","","","","","","","","","","","","","0.034","45","0.00","0","","11.50",""
"FD4504W","FD4504","ﾑｼﾞ　ﾚｲｶﾝ","","","","82","","0","L","","0","","","","","105","","","0","1","0","0","0","0","0","1","1","0","0","2","0","2","0","0","2","017","2","","2026","000","2026","","128","","","","","","","","","","","","2","","30","20260417","0","","","","1959","0","","","","","","","","","","","","","","","","","","","","","","","","","","","","","","","","","","","","","","","","","","","","","","","","","","","","","","","","","","","","","","","","","","","0.034","45","0.00","0","","11.50",""
"FD4505W","FD4505","ｲﾇ　ﾚｲｶﾝ","","","","20","","0","M","","0","","","","","105","","","0","1","0","0","0","0","0","1","1","0","0","2","0","2","0","0","2","017","2","","2026","000","2026","","128","","","","","","","","","","","","2","","30","20260417","0","","","","1959","0","","","","","","","","","","","","","","","","","","","","","","","","","","","","","","","","","","","","","","","","","","","","","","","","","","","","","","","","","","","","","","","","","","","0.034","45","0.00","0","","11.50",""
"FD4505W","FD4505","ｲﾇ　ﾚｲｶﾝ","","","","20","","0","L","","0","","","","","105","","","0","1","0","0","0","0","0","1","1","0","0","2","0","2","0","0","2","017","2","","2026","000","2026","","128","","","","","","","","","","","","2","","30","20260417","0","","","","1959","0","","","","","","","","","","","","","","","","","","","","","","","","","","","","","","","","","","","","","","","","","","","","","","","","","","","","","","","","","","","","","","","","","","","0.034","45","0.00","0","","11.50",""
"FD4505W","FD4505","ｲﾇ　ﾚｲｶﾝ","","","","60","","0","M","","0","","","","","105","","","0","1","0","0","0","0","0","1","1","0","0","2","0","2","0","0","2","017","2","","2026","000","2026","","128","","","","","","","","","","","","2","","30","20260417","0","","","","1959","0","","","","","","","","","","","","","","","","","","","","","","","","","","","","","","","","","","","","","","","","","","","","","","","","","","","","","","","","","","","","","","","","","","","0.034","45","0.00","0","","11.50",""
"FD4505W","FD4505","ｲﾇ　ﾚｲｶﾝ","","","","60","","0","L","","0","","","","","105","","","0","1","0","0","0","0","0","1","1","0","0","2","0","2","0","0","2","017","2","","2026","000","2026","","128","","","","","","","","","","","","2","","30","20260417","0","","","","1959","0","","","","","","","","","","","","","","","","","","","","","","","","","","","","","","","","","","","","","","","","","","","","","","","","","","","","","","","","","","","","","","","","","","","0.034","45","0.00","0","","11.50",""
"FD4506W","FD4506","ｸﾏ　ﾚｲｶﾝ","","","","30","","0","L","","0","","","","","105","","","0","1","0","0","0","0","0","1","1","0","0","2","0","2","0","0","2","017","2","","2026","000","2026","","128","","","","","","","","","","","","2","","30","20260417","0","","","","1959","0","","","","","","","","","","","","","","","","","","","","","","","","","","","","","","","","","","","","","","","","","","","","","","","","","","","","","","","","","","","","","","","","","","","0.034","45","0.00","0","","11.50",""
"FD4507V","FD4507","SX ﾃﾝﾈﾝｿﾄﾇｲｷｲﾛｲﾄﾘ","","","","90","","0","L","","0","","","","","437","","","0","1","0","0","0","0","0","1","1","0","0","2","0","2","0","0","2","017","2","","2026","006","2026","","327","","","","","","","","","","","","2","","30","20260417","0","","","","0","690","","","","","","","","","","","","","","","","","","","","","","","","","","","","","","","","","","","","","","","","","","","","","","","","","","","","","","","","","","","","","","","","","","","0.034","42","27.60","0","","0.00",""
"FD4508V","FD4508","ﾚｲｶﾝｱｻﾞﾗｼ","","","","80","","0","L","","0","","","","","437","","","0","1","0","0","0","0","0","1","1","0","0","2","0","2","0","0","2","017","2","","2026","000","2026","","327","","","","","","","","","","","","2","","30","20260417","0","","","","0","300","","","","","","","","","","","","","","","","","","","","","","","","","","","","","","","","","","","","","","","","","","","","","","","","","","","","","","","","","","","","","","","","","","","0.034","42","0.00","0","","0.00",""
"FD4509V","FD4509","ﾚｲｶﾝｼﾛｸﾏﾍﾟﾝｷﾞﾝ","","","","30","","0","L","","0","","","","","437","","","0","1","0","0","0","0","0","1","1","0","0","2","0","2","0","0","2","017","2","","2026","000","2026","","122","","","","","","","","","","","","2","","30","20260417","0","","","","0","300","","","","","","","","","","","","","","","","","","","","","","","","","","","","","","","","","","","","","","","","","","","","","","","","","","","","","","","","","","","","","","","","","","","0.034","42","0.00","0","","0.00",""
"FD4510W","FD4510","ﾊﾟｲﾅｯﾌﾟﾙﾀｹ","","","","30","","0","L","","0","","","","","105","","","0","1","0","0","0","0","0","1","1","0","0","2","0","2","0","0","2","017","2","","2026","000","2026","","116","","","","","","","","","","","","2","","30","20260417","0","","","","0","300","","","","","","","","","","","","","","","","","","","","","","","","","","","","","","","","","","","","","","","","","","","","","","","","","","","","","","","","","","","","","","","","","","","0.034","45","0.00","0","","0.00",""
"FD4511W","FD4511","ﾊﾅﾋﾞﾀｹ","","","","32","","0","L","","0","","","","","105","","","0","1","0","0","0","0","0","1","1","0","0","2","0","2","0","0","2","017","2","","2026","000","2026","","012","","","","","","","","","","","","2","","30","20260417","298","","","","0","300","","","","","","","","","","","","","","","","","","","","","","","","","","","","","","","","","","","","","","","","","","","","","","","","","","","","","","","","","","","","","","","","","","","0.034","45","0.00","0","","0.00",""
"FD4512V","FD4512","健康ｽﾘｯﾊﾟ","","","","80","","0","L","","0","","","","","437","","","0","1","0","0","0","0","0","1","1","0","0","2","0","2","0","0","2","017","2","","2026","000","2026","","128","","","","","","","","","","","","2","","30","20260417","0","","","","2833","0","","","","","","","","","","","","","","","","","","","","","","","","","","","","","","","","","","","","","","","","","","","","","","","","","","","","","","","","","","","","","","","","","","","0.08","42","0.00","0","","16.05",""
"FD4512V","FD4512","健康ｽﾘｯﾊﾟ","","","","90","","0","L","","0","","","","","437","","","0","1","0","0","0","0","0","1","1","0","0","2","0","2","0","0","2","017","2","","2026","000","2026","","128","","","","","","","","","","","","2","","30","20260417","0","","","","2833","0","","","","","","","","","","","","","","","","","","","","","","","","","","","","","","","","","","","","","","","","","","","","","","","","","","","","","","","","","","","","","","","","","","","0.08","42","0.00","0","","16.05",""
"FE2022V","FE2022","ｶﾗｰﾀｹｵﾘﾈｰﾑｺﾝﾌｫ","","","","72","","0","M","","0","","","","","437","","","0","1","0","0","0","0","0","1","1","0","0","2","0","2","0","0","2","037","2","","2026","000","2026","","133","","","","","","","","","","","","2","","30","20260417","0","","","","0","0","","","","","","","","","","","","","","","","","","","","","","","","","","","","","","","","","","","","","","","","","","","","","","","","","","","","","","","","","","","","","","","","","","","0.08","42","0.00","0","","0.00",""
"FE2022V","FE2022","ｶﾗｰﾀｹｵﾘﾈｰﾑｺﾝﾌｫ","","","","72","","0","L","","0","","","","","437","","","0","1","0","0","0","0","0","1","1","0","0","2","0","2","0","0","2","037","2","","2026","000","2026","","133","","","","","","","","","","","","2","","30","20260417","0","","","","0","0","","","","","","","","","","","","","","","","","","","","","","","","","","","","","","","","","","","","","","","","","","","","","","","","","","","","","","","","","","","","","","","","","","","0.08","42","0.00","0","","0.00",""
"FE2022V","FE2022","ｶﾗｰﾀｹｵﾘﾈｰﾑｺﾝﾌｫ","","","","80","","0","M","","0","","","","","437","","","0","1","0","0","0","0","0","1","1","0","0","2","0","2","0","0","2","037","2","","2026","000","2026","","133","","","","","","","","","","","","2","","30","20260417","0","","","","0","0","","","","","","","","","","","","","","","","","","","","","","","","","","","","","","","","","","","","","","","","","","","","","","","","","","","","","","","","","","","","","","","","","","","0.08","42","0.00","0","","0.00",""
"FE2022V","FE2022","ｶﾗｰﾀｹｵﾘﾈｰﾑｺﾝﾌｫ","","","","80","","0","L","","0","","","","","437","","","0","1","0","0","0","0","0","1","1","0","0","2","0","2","0","0","2","037","2","","2026","000","2026","","133","","","","","","","","","","","","2","","30","20260417","0","","","","0","0","","","","","","","","","","","","","","","","","","","","","","","","","","","","","","","","","","","","","","","","","","","","","","","","","","","","","","","","","","","","","","","","","","","0.08","42","0.00","0","","0.00",""
"FE2022V","FE2022","ｶﾗｰﾀｹｵﾘﾈｰﾑｺﾝﾌｫ","","","","82","","0","M","","0","","","","","437","","","0","1","0","0","0","0","0","1","1","0","0","2","0","2","0","0","2","037","2","","2026","000","2026","","133","","","","","","","","","","","","2","","30","20260417","0","","","","0","0","","","","","","","","","","","","","","","","","","","","","","","","","","","","","","","","","","","","","","","","","","","","","","","","","","","","","","","","","","","","","","","","","","","0.08","42","0.00","0","","0.00",""
"FE2022V","FE2022","ｶﾗｰﾀｹｵﾘﾈｰﾑｺﾝﾌｫ","","","","82","","0","L","","0","","","","","437","","","0","1","0","0","0","0","0","1","1","0","0","2","0","2","0","0","2","037","2","","2026","000","2026","","133","","","","","","","","","","","","2","","30","20260417","0","","","","0","0","","","","","","","","","","","","","","","","","","","","","","","","","","","","","","","","","","","","","","","","","","","","","","","","","","","","","","","","","","","","","","","","","","","0.08","42","0.00","0","","0.00",""
"FE2023W","FE2023","ﾚｲｶﾝﾑｼﾞ","","","","62","","0","M","","0","","","","","105","","","0","1","0","0","0","0","0","1","1","0","0","2","0","2","0","0","2","037","2","","2026","000","2026","","128","","","","","","","","","","","","2","","30","20260417","0","","","","2226","0","","","","","","","","","","","","","","","","","","","","","","","","","","","","","","","","","","","","","","","","","","","","","","","","","","","","","","","","","","","","","","","","","","","0.034","45","0.00","0","","13.10",""
"FE2024W","FE2024","ﾑｼﾞﾀｹ","","","","11","","0","M","","0","","","","","105","","","0","1","0","0","0","0","0","1","1","0","0","2","0","2","0","0","2","037","2","","2026","000","2026","","128","","","","","","","","","","","","2","","30","20260417","0","","","","2176","0","","","","","","","","","","","","","","","","","","","","","","","","","","","","","","","","","","","","","","","","","","","","","","","","","","","","","","","","","","","","","","","","","","","0.034","45","0.00","0","","12.80",""
"FE2025W","FE2025","ｽﾄﾗｲﾌﾟ　ﾀﾀﾐ","","","","60","","0","M","","0","","","","","105","","","0","1","0","0","0","0","0","1","1","0","0","2","0","2","0","0","2","037","2","","2026","000","2026","","128","","","","","","","","","","","","2","","30","20260417","0","","","","2143","0","","","","","","","","","","","","","","","","","","","","","","","","","","","","","","","","","","","","","","","","","","","","","","","","","","","","","","","","","","","","","","","","","","","0.034","45","0.00","0","","12.60",""
"FE2026W","FE2026","ｻｼｺ　ﾀﾀﾐ","","","","10","","0","M","","0","","","","","105","","","0","1","0","0","0","0","0","1","1","0","0","2","0","2","0","0","2","037","2","","2026","000","2026","","128","","","","","","","","","","","","2","","30","20260417","0","","","","2109","0","","","","","","","","","","","","","","","","","","","","","","","","","","","","","","","","","","","","","","","","","","","","","","","","","","","","","","","","","","","","","","","","","","","0.034","45","0.00","0","","12.40",""
"FE2027V","FE2027","ﾈｺﾖｶﾞ","","","","80","","0","M","","0","","","","","437","","","0","1","0","0","0","0","0","1","1","0","0","2","0","2","0","0","2","037","2","","2026","000","2026","","116","","","","","","","","","","","","2","","30","20260417","0","","","","2407","500","","","","","","","","","","","","","","","","","","","","","","","","","","","","","","","","","","","","","","","","","","","","","","","","","","","","","","","","","","","","","","","","","","","0.08","42","0.00","0","","13.60",""
"FE2028V","FE2028","ｷｮﾋｼﾊﾞ","","","","20","","0","M","","0","","","","","437","","","0","1","0","0","0","0","0","1","1","0","0","2","0","2","0","0","2","037","2","","2026","000","2026","","012","","","","","","","","","","","","2","","30","20260417","0","","","","2442","500","","","","","","","","","","","","","","","","","","","","","","","","","","","","","","","","","","","","","","","","","","","","","","","","","","","","","","","","","","","","","","","","","","","0.08","42","0.00","0","","13.80",""
"FE2029V","FE2029","ｼﾝｾｲｶﾂｵﾘﾈｰﾑ","","","","31","","0","M","","0","","","","","437","","","0","1","0","0","0","0","0","1","1","0","0","2","0","2","0","0","2","037","2","","2026","000","2026","","122","","","","","","","","","","","","2","","30","20260417","0","","","","2475","500","","","","","","","","","","","","","","","","","","","","","","","","","","","","","","","","","","","","","","","","","","","","","","","","","","","","","","","","","","","","","","","","","","","0.08","42","0.00","138","","13.20",""
"FE2029V","FE2029","ｼﾝｾｲｶﾂｵﾘﾈｰﾑ","","","","31","","0","L","","0","","","","","437","","","0","1","0","0","0","0","0","1","1","0","0","2","0","2","0","0","2","037","2","","2026","000","2026","","122","","","","","","","","","","","","2","","30","20260417","0","","","","2475","500","","","","","","","","","","","","","","","","","","","","","","","","","","","","","","","","","","","","","","","","","","","","","","","","","","","","","","","","","","","","","","","","","","","0.08","42","0.00","138","","13.20",""
"FE2029V","FE2029","ｼﾝｾｲｶﾂｵﾘﾈｰﾑ","","","","80","","0","M","","0","","","","","437","","","0","1","0","0","0","0","0","1","1","0","0","2","0","2","0","0","2","037","2","","2026","000","2026","","122","","","","","","","","","","","","2","","30","20260417","0","","","","2475","500","","","","","","","","","","","","","","","","","","","","","","","","","","","","","","","","","","","","","","","","","","","","","","","","","","","","","","","","","","","","","","","","","","","0.08","42","0.00","138","","13.20",""
"FE2029V","FE2029","ｼﾝｾｲｶﾂｵﾘﾈｰﾑ","","","","80","","0","L","","0","","","","","437","","","0","1","0","0","0","0","0","1","1","0","0","2","0","2","0","0","2","037","2","","2026","000","2026","","122","","","","","","","","","","","","2","","30","20260417","0","","","","2475","500","","","","","","","","","","","","","","","","","","","","","","","","","","","","","","","","","","","","","","","","","","","","","","","","","","","","","","","","","","","","","","","","","","","0.08","42","0.00","138","","13.20",""
"FE2029V","FE2029","ｼﾝｾｲｶﾂｵﾘﾈｰﾑ","","","","82","","0","M","","0","","","","","437","","","0","1","0","0","0","0","0","1","1","0","0","2","0","2","0","0","2","037","2","","2026","000","2026","","122","","","","","","","","","","","","2","","30","20260417","0","","","","2475","500","","","","","","","","","","","","","","","","","","","","","","","","","","","","","","","","","","","","","","","","","","","","","","","","","","","","","","","","","","","","","","","","","","","0.08","42","0.00","138","","13.20",""
"FE2029V","FE2029","ｼﾝｾｲｶﾂｵﾘﾈｰﾑ","","","","82","","0","L","","0","","","","","437","","","0","1","0","0","0","0","0","1","1","0","0","2","0","2","0","0","2","037","2","","2026","000","2026","","122","","","","","","","","","","","","2","","30","20260417","0","","","","2475","500","","","","","","","","","","","","","","","","","","","","","","","","","","","","","","","","","","","","","","","","","","","","","","","","","","","","","","","","","","","","","","","","","","","0.08","42","0.00","138","","13.20",""
"FE2030V","FE2030","ﾗｰﾒﾝｸﾏ","","","","11","","0","M","","0","","","","","437","","","0","1","0","0","0","0","0","1","1","0","0","2","0","2","0","0","2","037","2","","2026","000","2026","","133","","","","","","","","","","","","2","","30","20260417","0","","","","2563","500","","","","","","","","","","","","","","","","","","","","","","","","","","","","","","","","","","","","","","","","","","","","","","","","","","","","","","","","","","","","","","","","","","","0.08","42","0.00","0","","14.50",""
"FE2031V","FE2031","4KDｺﾝﾌｫﾑｼﾞｵﾘﾈｰﾑ BE B","","","","30","","0","M","","0","","","","","437","","","0","1","0","0","0","0","0","1","1","0","0","2","0","2","0","0","2","037","2","","2026","000","2026","","116","","","","","","","","","","","","2","","30","20260417","0","","","","2106","690","","","","","","","","","","","","","","","","","","","","","","","","","","","","","","","","","","","","","","","","","","","","","","","","","","","","","","","","","","","","","","","","","","","0.034","42","0.00","0","","12.40",""
"FE2031V","FE2031","4KDｺﾝﾌｫﾑｼﾞｵﾘﾈｰﾑ BE B","","","","30","","0","L","","0","","","","","437","","","0","1","0","0","0","0","0","1","1","0","0","2","0","2","0","0","2","037","2","","2026","000","2026","","116","","","","","","","","","","","","2","","30","20260417","0","","","","2106","690","","","","","","","","","","","","","","","","","","","","","","","","","","","","","","","","","","","","","","","","","","","","","","","","","","","","","","","","","","","","","","","","","","","0.034","42","0.00","0","","12.40",""
"FE2031V","FE2031","4KDｺﾝﾌｫﾑｼﾞｵﾘﾈｰﾑ BE B","","","","62","","0","M","","0","","","","","437","","","0","1","0","0","0","0","0","1","1","0","0","2","0","2","0","0","2","037","2","","2026","000","2026","","116","","","","","","","","","","","","2","","30","20260417","0","","","","2106","690","","","","","","","","","","","","","","","","","","","","","","","","","","","","","","","","","","","","","","","","","","","","","","","","","","","","","","","","","","","","","","","","","","","0.034","42","0.00","0","","12.40",""
"FE2031V","FE2031","4KDｺﾝﾌｫﾑｼﾞｵﾘﾈｰﾑ BE B","","","","62","","0","L","","0","","","","","437","","","0","1","0","0","0","0","0","1","1","0","0","2","0","2","0","0","2","037","2","","2026","000","2026","","116","","","","","","","","","","","","2","","30","20260417","0","","","","2106","690","","","","","","","","","","","","","","","","","","","","","","","","","","","","","","","","","","","","","","","","","","","","","","","","","","","","","","","","","","","","","","","","","","","0.034","42","0.00","0","","12.40",""
"FE2032V","FE2032","4KDｺﾝﾌｫﾑｼﾞｵﾘﾈｰﾑ P BK","","","","11","","0","M","","0","","","","","437","","","0","1","0","0","0","0","0","1","1","0","0","2","0","2","0","0","2","037","2","","2026","000","2026","","116","","","","","","","","","","","","2","","30","20260417","0","","","","2115","690","","","","","","","","","","","","","","","","","","","","","","","","","","","","","","","","","","","","","","","","","","","","","","","","","","","","","","","","","","","","","","","","","","","0.034","42","0.00","0","","12.45",""
"FE2032V","FE2032","4KDｺﾝﾌｫﾑｼﾞｵﾘﾈｰﾑ P BK","","","","11","","0","L","","0","","","","","437","","","0","1","0","0","0","0","0","1","1","0","0","2","0","2","0","0","2","037","2","","2026","000","2026","","116","","","","","","","","","","","","2","","30","20260417","0","","","","2115","690","","","","","","","","","","","","","","","","","","","","","","","","","","","","","","","","","","","","","","","","","","","","","","","","","","","","","","","","","","","","","","","","","","","0.034","42","0.00","0","","12.45",""
"FE2032V","FE2032","4KDｺﾝﾌｫﾑｼﾞｵﾘﾈｰﾑ P BK","","","","90","","0","M","","0","","","","","437","","","0","1","0","0","0","0","0","1","1","0","0","2","0","2","0","0","2","037","2","","2026","000","2026","","116","","","","","","","","","","","","2","","30","20260417","0","","","","2115","690","","","","","","","","","","","","","","","","","","","","","","","","","","","","","","","","","","","","","","","","","","","","","","","","","","","","","","","","","","","","","","","","","","","0.034","42","0.00","0","","12.45",""
"FE2032V","FE2032","4KDｺﾝﾌｫﾑｼﾞｵﾘﾈｰﾑ P BK","","","","90","","0","L","","0","","","","","437","","","0","1","0","0","0","0","0","1","1","0","0","2","0","2","0","0","2","037","2","","2026","000","2026","","116","","","","","","","","","","","","2","","30","20260417","0","","","","2115","690","","","","","","","","","","","","","","","","","","","","","","","","","","","","","","","","","","","","","","","","","","","","","","","","","","","","","","","","","","","","","","","","","","","0.034","42","0.00","0","","12.45",""
"FE2033V","FE2033","4KDｺﾝﾌｫﾀｲﾔｷﾈｺ","","","","80","","0","M","","0","","","","","437","","","0","1","0","0","0","0","0","1","1","0","0","2","0","2","0","0","2","037","2","","2026","000","2026","","133","","","","","","","","","","","","2","","30","20260417","0","","","","2190","690","","","","","","","","","","","","","","","","","","","","","","","","","","","","","","","","","","","","","","","","","","","","","","","","","","","","","","","","","","","","","","","","","","","0.034","42","0.00","0","","12.90",""
"FE2034V","FE2034","4KDｺﾝﾌｫﾄｰｽﾄｳｻｷﾞ","","","","21","","0","M","","0","","","","","437","","","0","1","0","0","0","0","0","1","1","0","0","2","0","2","0","0","2","037","2","","2026","000","2026","","133","","","","","","","","","","","","2","","30","20260417","0","","","","2298","690","","","","","","","","","","","","","","","","","","","","","","","","","","","","","","","","","","","","","","","","","","","","","","","","","","","","","","","","","","","","","","","","","","","0.034","42","0.00","0","","13.55",""
"FE2035V","FE2035","SR ﾊﾛｰｷﾃｨ ﾊﾅｶﾞﾗｺﾝﾌｫｰﾄ","","","","11","","0","M","","0","","","","","437","","","0","1","0","0","0","0","0","1","1","0","0","2","0","2","0","0","2","037","2","","2026","049","2026","","327","","","","","","","","","","","","2","","30","20260417","0","","","","0","1290","","","","","","","","","","","","","","","","","","","","","","","","","","","","","","","","","","","","","","","","","","","","","","","","","","","","","","","","","","","","","","","","","","","0.034","42","103.20","0","","0.00",""
"FE2036V","FE2036","SK ﾓﾝﾁｯﾁﾊﾟｲﾙｺﾝﾌｫｰﾄY","","","","70","","0","M","","0","","","","","437","","","0","1","0","0","0","0","0","1","1","0","0","2","0","2","0","0","2","037","2","","2026","144","2026","","012","","","","","","","","","","","","2","","30","20260417","550","","","","2917","890","","","","","","","","","","","","","","","","","","","","","","","","","","","","","","","","","","","","","","","","","","","","","","","","","","","","","","","","","","","","","","","","","","","0.034","42","44.50","0","","17.00",""
"FE2037V","FE2037","SK ﾓﾝﾁｯﾁﾊﾟｲﾙｺﾝﾌｫｰﾄOR","","","","73","","0","M","","0","","","","","437","","","0","1","0","0","0","0","0","1","1","0","0","2","0","2","0","0","2","037","2","","2026","144","2026","","012","","","","","","","","","","","","2","","30","20260417","550","","","","2800","890","","","","","","","","","","","","","","","","","","","","","","","","","","","","","","","","","","","","","","","","","","","","","","","","","","","","","","","","","","","","","","","","","","","0.034","42","44.50","0","","16.30",""
"FE2038V","FE2038","SK ﾓﾝﾁｯﾁﾊﾟｲﾙｺﾝﾌｫｰﾄ","","","","30","","0","M","","0","","","","","437","","","0","1","0","0","0","0","0","1","1","0","0","2","0","2","0","0","2","037","2","","2026","144","2026","","116","","","","","","","","","","","","2","","30","20260417","550","","","","2817","890","","","","","","","","","","","","","","","","","","","","","","","","","","","","","","","","","","","","","","","","","","","","","","","","","","","","","","","","","","","","","","","","","","","0.034","42","44.50","0","","16.40",""
"FE2039V","FE2039","SK ﾁﾑﾀﾝﾊﾟｲﾙｺﾝﾌｫｰﾄ","","","","11","","0","M","","0","","","","","437","","","0","1","0","0","0","0","0","1","1","0","0","2","0","2","0","0","2","037","2","","2026","144","2026","","116","","","","","","","","","","","","2","","30","20260417","550","","","","2950","890","","","","","","","","","","","","","","","","","","","","","","","","","","","","","","","","","","","","","","","","","","","","","","","","","","","","","","","","","","","","","","","","","","","0.034","42","44.50","0","","17.20",""
"FE2040V","FE2040","CM yumi ﾜｯﾌﾙｺﾝﾌｫ","","","","40","","0","M","","0","","","","","437","","","0","1","0","0","0","0","0","1","1","0","0","2","0","2","0","0","2","037","2","","2026","189","2026","","128","","","","","","","","","","","","2","","30","20260417","615","","","","2871","990","","","","","","","","","","","","","","","","","","","","","","","","","","","","","","","","","","","","","","","","","","","","","","","","","","","","","","","","","","","","","","","","","","","0.08","42","29.70","0","","16.10",""
"FE2040V","FE2040","CM yumi ﾜｯﾌﾙｺﾝﾌｫ","","","","42","","0","M","","0","","","","","437","","","0","1","0","0","0","0","0","1","1","0","0","2","0","2","0","0","2","037","2","","2026","189","2026","","128","","","","","","","","","","","","2","","30","20260417","615","","","","2871","990","","","","","","","","","","","","","","","","","","","","","","","","","","","","","","","","","","","","","","","","","","","","","","","","","","","","","","","","","","","","","","","","","","","0.08","42","29.70","0","","16.10",""
"FE2040V","FE2040","CM yumi ﾜｯﾌﾙｺﾝﾌｫ","","","","60","","0","M","","0","","","","","437","","","0","1","0","0","0","0","0","1","1","0","0","2","0","2","0","0","2","037","2","","2026","189","2026","","128","","","","","","","","","","","","2","","30","20260417","615","","","","2871","990","","","","","","","","","","","","","","","","","","","","","","","","","","","","","","","","","","","","","","","","","","","","","","","","","","","","","","","","","","","","","","","","","","","0.08","42","29.70","0","","16.10",""
"FE2040V","FE2040","CM yumi ﾜｯﾌﾙｺﾝﾌｫ","","","","62","","0","M","","0","","","","","437","","","0","1","0","0","0","0","0","1","1","0","0","2","0","2","0","0","2","037","2","","2026","189","2026","","128","","","","","","","","","","","","2","","30","20260417","615","","","","2871","990","","","","","","","","","","","","","","","","","","","","","","","","","","","","","","","","","","","","","","","","","","","","","","","","","","","","","","","","","","","","","","","","","","","0.08","42","29.70","0","","16.10",""
"FE2041V","FE2041","ｽｶﾌｫﾚｺﾝﾌｫﾀﾀﾐｾｲｵﾝ","","","","30","","0","M","","0","","","","","437","","","0","1","0","0","0","0","0","1","1","0","0","2","0","2","0","0","2","037","2","","2026","047","2026","","122","","","","","","","","","","","","2","","30","20260417","0","","","","2631","0","","","","","","","","","","","","","","","","","","","","","","","","","","","","","","","","","","","","","","","","","","","","","","","","","","","","","","","","","","","","","","","","","","","0.034","42","0.00","0","","15.55",""
"FE2041V","FE2041","ｽｶﾌｫﾚｺﾝﾌｫﾀﾀﾐｾｲｵﾝ","","","","30","","0","L","","0","","","","","437","","","0","1","0","0","0","0","0","1","1","0","0","2","0","2","0","0","2","037","2","","2026","047","2026","","122","","","","","","","","","","","","2","","30","20260417","0","","","","2631","0","","","","","","","","","","","","","","","","","","","","","","","","","","","","","","","","","","","","","","","","","","","","","","","","","","","","","","","","","","","","","","","","","","","0.034","42","0.00","0","","15.55",""
"FE2041V","FE2041","ｽｶﾌｫﾚｺﾝﾌｫﾀﾀﾐｾｲｵﾝ","","","","70","","0","M","","0","","","","","437","","","0","1","0","0","0","0","0","1","1","0","0","2","0","2","0","0","2","037","2","","2026","047","2026","","122","","","","","","","","","","","","2","","30","20260417","0","","","","2631","0","","","","","","","","","","","","","","","","","","","","","","","","","","","","","","","","","","","","","","","","","","","","","","","","","","","","","","","","","","","","","","","","","","","0.034","42","0.00","0","","15.55",""
"FE2041V","FE2041","ｽｶﾌｫﾚｺﾝﾌｫﾀﾀﾐｾｲｵﾝ","","","","70","","0","L","","0","","","","","437","","","0","1","0","0","0","0","0","1","1","0","0","2","0","2","0","0","2","037","2","","2026","047","2026","","122","","","","","","","","","","","","2","","30","20260417","0","","","","2631","0","","","","","","","","","","","","","","","","","","","","","","","","","","","","","","","","","","","","","","","","","","","","","","","","","","","","","","","","","","","","","","","","","","","0.034","42","0.00","0","","15.55",""
"FE2041V","FE2041","ｽｶﾌｫﾚｺﾝﾌｫﾀﾀﾐｾｲｵﾝ","","","","82","","0","M","","0","","","","","437","","","0","1","0","0","0","0","0","1","1","0","0","2","0","2","0","0","2","037","2","","2026","047","2026","","122","","","","","","","","","","","","2","","30","20260417","0","","","","2631","0","","","","","","","","","","","","","","","","","","","","","","","","","","","","","","","","","","","","","","","","","","","","","","","","","","","","","","","","","","","","","","","","","","","0.034","42","0.00","0","","15.55",""
"FE2041V","FE2041","ｽｶﾌｫﾚｺﾝﾌｫﾀﾀﾐｾｲｵﾝ","","","","82","","0","L","","0","","","","","437","","","0","1","0","0","0","0","0","1","1","0","0","2","0","2","0","0","2","037","2","","2026","047","2026","","122","","","","","","","","","","","","2","","30","20260417","0","","","","2631","0","","","","","","","","","","","","","","","","","","","","","","","","","","","","","","","","","","","","","","","","","","","","","","","","","","","","","","","","","","","","","","","","","","","0.034","42","0.00","0","","15.55",""
"FE2042V","FE2042","ﾎｿｶﾞﾀｺﾝﾌｫｰﾄｼｬｰﾘﾝｸﾞ","","","","11","","0","M","","0","","","","","437","","","0","1","0","0","0","0","0","1","1","0","0","2","0","2","0","0","2","037","2","","2026","000","2026","","122","","","","","","","","","","","","2","","30","20260417","0","","","","2622","990","","","","","","","","","","","","","","","","","","","","","","","","","","","","","","","","","","","","","","","","","","","","","","","","","","","","","","","","","","","","","","","","","","","0.034","42","0.00","0","","15.50",""
"FE2042V","FE2042","ﾎｿｶﾞﾀｺﾝﾌｫｰﾄｼｬｰﾘﾝｸﾞ","","","","62","","0","M","","0","","","","","437","","","0","1","0","0","0","0","0","1","1","0","0","2","0","2","0","0","2","037","2","","2026","000","2026","","122","","","","","","","","","","","","2","","30","20260417","0","","","","2622","990","","","","","","","","","","","","","","","","","","","","","","","","","","","","","","","","","","","","","","","","","","","","","","","","","","","","","","","","","","","","","","","","","","","0.034","42","0.00","0","","15.50",""
"FE2042V","FE2042","ﾎｿｶﾞﾀｺﾝﾌｫｰﾄｼｬｰﾘﾝｸﾞ","","","","80","","0","M","","0","","","","","437","","","0","1","0","0","0","0","0","1","1","0","0","2","0","2","0","0","2","037","2","","2026","000","2026","","122","","","","","","","","","","","","2","","30","20260417","0","","","","2622","990","","","","","","","","","","","","","","","","","","","","","","","","","","","","","","","","","","","","","","","","","","","","","","","","","","","","","","","","","","","","","","","","","","","0.034","42","0.00","0","","15.50",""
"FE2042V","FE2042","ﾎｿｶﾞﾀｺﾝﾌｫｰﾄｼｬｰﾘﾝｸﾞ","","","","90","","0","M","","0","","","","","437","","","0","1","0","0","0","0","0","1","1","0","0","2","0","2","0","0","2","037","2","","2026","000","2026","","122","","","","","","","","","","","","2","","30","20260417","0","","","","2622","990","","","","","","","","","","","","","","","","","","","","","","","","","","","","","","","","","","","","","","","","","","","","","","","","","","","","","","","","","","","","","","","","","","","0.034","42","0.00","0","","15.50",""
"FE2043V","FE2043","ｼｼｭｳｾｲｵﾝｿﾞｺBE","","","","62","","0","M","","0","","","","","437","","","0","1","0","0","0","0","0","1","1","0","0","2","0","2","0","0","2","037","2","","2026","000","2026","","012","","","","","","","","","","","","2","","30","20260417","0","","","","2697","990","","","","","","","","","","","","","","","","","","","","","","","","","","","","","","","","","","","","","","","","","","","","","","","","","","","","","","","","","","","","","","","","","","","0.034","42","0.00","0","","15.95",""
"FE2044V","FE2044","ｼｼｭｳｾｲｵﾝｿﾞｺGR","","","","80","","0","M","","0","","","","","437","","","0","1","0","0","0","0","0","1","1","0","0","2","0","2","0","0","2","037","2","","2026","000","2026","","012","","","","","","","","","","","","2","","30","20260417","0","","","","2697","990","","","","","","","","","","","","","","","","","","","","","","","","","","","","","","","","","","","","","","","","","","","","","","","","","","","","","","","","","","","","","","","","","","","0.034","42","0.00","0","","15.95",""
"FE2045V","FE2045","ｼｼｭｳｾｲｵﾝｿﾞｺB","","","","30","","0","M","","0","","","","","437","","","0","1","0","0","0","0","0","1","1","0","0","2","0","2","0","0","2","037","2","","2026","000","2026","","012","","","","","","","","","","","","2","","30","20260417","0","","","","2697","990","","","","","","","","","","","","","","","","","","","","","","","","","","","","","","","","","","","","","","","","","","","","","","","","","","","","","","","","","","","","","","","","","","","0.034","42","0.00","0","","15.95",""
"FE2046V","FE2046","ｼｼｭｳｾｲｵﾝｿﾞｺG","","","","20","","0","M","","0","","","","","437","","","0","1","0","0","0","0","0","1","1","0","0","2","0","2","0","0","2","037","2","","2026","000","2026","","012","","","","","","","","","","","","2","","30","20260417","0","","","","2697","990","","","","","","","","","","","","","","","","","","","","","","","","","","","","","","","","","","","","","","","","","","","","","","","","","","","","","","","","","","","","","","","","","","","0.034","42","0.00","0","","15.95",""
"FE2047V","FE2047","SFｽｶﾝｼﾞﾅﾋﾞｱﾝﾌｫﾚｽﾄ ｱｻｺﾝ","","","","11","","0","M","","0","","","","","437","","","0","1","0","0","0","0","0","1","1","0","0","2","0","2","0","0","2","037","2","","2026","047","2026","","116","","","","","","","","","","","","2","","30","20260417","0","","","","3074","1290","","","","","","","","","","","","","","","","","","","","","","","","","","","","","","","","","","","","","","","","","","","","","","","","","","","","","","","","","","","","","","","","","","","0.034","42","77.40","0","","17.75",""
"FE2047V","FE2047","SFｽｶﾝｼﾞﾅﾋﾞｱﾝﾌｫﾚｽﾄ ｱｻｺﾝ","","","","80","","0","M","","0","","","","","437","","","0","1","0","0","0","0","0","1","1","0","0","2","0","2","0","0","2","037","2","","2026","047","2026","","116","","","","","","","","","","","","2","","30","20260417","0","","","","3074","1290","","","","","","","","","","","","","","","","","","","","","","","","","","","","","","","","","","","","","","","","","","","","","","","","","","","","","","","","","","","","","","","","","","","0.034","42","77.40","0","","17.75",""
"FE2048V","FE2048","ﾁｭｰﾙﾎﾞｱｺﾝﾌｫｰﾄ","","","","11","","0","M","","0","","","","","437","","","0","1","0","0","0","0","0","1","1","0","0","2","0","2","0","0","2","037","2","","2026","000","2026","","116","","","","","","","","","","","","2","","30","20260417","0","","","","3080","990","","","","","","","","","","","","","","","","","","","","","","","","","","","","","","","","","","","","","","","","","","","","","","","","","","","","","","","","","","","","","","","","","","","0.034","42","0.00","0","","18.25",""
"FE2048V","FE2048","ﾁｭｰﾙﾎﾞｱｺﾝﾌｫｰﾄ","","","","31","","0","M","","0","","","","","437","","","0","1","0","0","0","0","0","1","1","0","0","2","0","2","0","0","2","037","2","","2026","000","2026","","116","","","","","","","","","","","","2","","30","20260417","0","","","","3080","990","","","","","","","","","","","","","","","","","","","","","","","","","","","","","","","","","","","","","","","","","","","","","","","","","","","","","","","","","","","","","","","","","","","0.034","42","0.00","0","","18.25",""
"FE2048V","FE2048","ﾁｭｰﾙﾎﾞｱｺﾝﾌｫｰﾄ","","","","60","","0","M","","0","","","","","437","","","0","1","0","0","0","0","0","1","1","0","0","2","0","2","0","0","2","037","2","","2026","000","2026","","116","","","","","","","","","","","","2","","30","20260417","0","","","","3080","990","","","","","","","","","","","","","","","","","","","","","","","","","","","","","","","","","","","","","","","","","","","","","","","","","","","","","","","","","","","","","","","","","","","0.034","42","0.00","0","","18.25",""
"FE2048V","FE2048","ﾁｭｰﾙﾎﾞｱｺﾝﾌｫｰﾄ","","","","90","","0","M","","0","","","","","437","","","0","1","0","0","0","0","0","1","1","0","0","2","0","2","0","0","2","037","2","","2026","000","2026","","116","","","","","","","","","","","","2","","30","20260417","0","","","","3080","990","","","","","","","","","","","","","","","","","","","","","","","","","","","","","","","","","","","","","","","","","","","","","","","","","","","","","","","","","","","","","","","","","","","0.034","42","0.00","0","","18.25",""
"FE2049V","FE2049","SF ｽｶﾌｫﾚﾎｿｶﾞﾀｺﾝﾌｫﾒｯｼｭ","","","","80","","0","M","","0","","","","","437","","","0","1","0","0","0","0","0","1","1","0","0","2","0","2","0","0","2","037","2","","2026","047","2026","","012","","","","","","","","","","","","2","","30","20260417","0","","","","3079","1490","","","","","","","","","","","","","","","","","","","","","","","","","","","","","","","","","","","","","","","","","","","","","","","","","","","","","","","","","","","","","","","","","","","0.08","42","89.40","0","","16.95",""
"FE2050V","FE2050","SR ｹﾛｯﾋﾟﾎｿｶﾞﾀｺﾝﾌｫﾒｯｼｭ","","","","20","","0","M","","0","","","","","437","","","0","1","0","0","0","0","0","1","1","0","0","2","0","2","0","0","2","037","2","","2026","066","2026","","122","","","","","","","","","","","","2","","30","20260417","0","","","","3335","1490","","","","","","","","","","","","","","","","","","","","","","","","","","","","","","","","","","","","","","","","","","","","","","","","","","","","","","","","","","","","","","","","","","","0.08","42","119.20","0","","18.25",""
"FE2051V","FE2051","SR ﾘﾄﾙﾂｲﾝｽﾀｰｽﾞｺﾝﾌｫｰﾄ","","","","50","","0","M","","0","","","","","437","","","0","1","0","0","0","0","0","1","1","0","0","2","0","2","0","0","2","037","2","","2026","140","2026","","116","","","","","","","","","","","","2","","30","20260417","0","","","","3404","1490","","","","","","","","","","","","","","","","","","","","","","","","","","","","","","","","","","","","","","","","","","","","","","","","","","","","","","","","","","","","","","","","","","","0.08","42","119.20","0","","18.65",""
"FE2052V","FE2052","SR ﾘﾄﾙﾂｲﾝスターズｺﾝﾌｫｰﾄ","","","","30","","0","M","","0","","","","","437","","","0","1","0","0","0","0","0","1","1","0","0","2","0","2","0","0","2","037","2","","2026","140","2026","","327","","","","","","","","","","","","2","","30","20260417","0","","","","3050","1290","","","","","","","","","","","","","","","","","","","","","","","","","","","","","","","","","","","","","","","","","","","","","","","","","","","","","","","","","","","","","","","","","","","0.034","42","103.20","0","","17.45",""
"FE2053V","FE2053","SR ﾊﾛｰｷﾃｨﾎｿｶﾞﾀｺﾝﾌｫｰﾄ","","","","11","","0","M","","0","","","","","437","","","0","1","0","0","0","0","0","1","1","0","0","2","0","2","0","0","2","037","2","","2026","049","2026","","012","","","","","","","","","","","","2","","30","20260417","0","","","","3083","1290","","","","","","","","","","","","","","","","","","","","","","","","","","","","","","","","","","","","","","","","","","","","","","","","","","","","","","","","","","","","","","","","","","","0.034","42","103.20","0","","17.65",""
"FE2054V","FE2054","SR ﾏﾛﾝｸﾘｰﾑﾎｿｶﾞﾀｺﾝﾌｫｰﾄ","","","","62","","0","M","","0","","","","","437","","","0","1","0","0","0","0","0","1","1","0","0","2","0","2","0","0","2","037","2","","2026","213","2026","","012","","","","","","","","","","","","2","","30","20260417","0","","","","3017","1290","","","","","","","","","","","","","","","","","","","","","","","","","","","","","","","","","","","","","","","","","","","","","","","","","","","","","","","","","","","","","","","","","","","0.034","42","103.20","0","","17.25",""
"FE2055V","FE2055","SR ﾊﾛｰｷﾃｨﾒｯｼｭｺﾝﾌｫ","","","","10","","0","M","","0","","","","","437","","","0","1","0","0","0","0","0","1","1","0","0","2","0","2","0","0","2","037","2","","2026","049","2026","","133","","","","","","","","","","","","2","","30","20260417","0","","","","3258","1290","","","","","","","","","","","","","","","","","","","","","","","","","","","","","","","","","","","","","","","","","","","","","","","","","","","","","","","","","","","","","","","","","","","0.08","42","103.20","0","","17.90",""
"FE2056V","FE2056","ﾃﾝﾈﾝﾑｼﾞﾀｹ","","","","73","","0","M","","0","","","","","437","","","0","1","0","0","0","0","0","1","1","0","0","2","0","2","0","0","2","037","2","","2026","000","2026","","133","","","","","","","","","","","","2","","30","20260417","0","","","","2206","690","","","","","","","","","","","","","","","","","","","","","","","","","","","","","","","","","","","","","","","","","","","","","","","","","","","","","","","","","","","","","","","","","","","0.034","42","0.00","0","","13.00",""
"FE2056V","FE2056","ﾃﾝﾈﾝﾑｼﾞﾀｹ","","","","73","","0","L","","0","","","","","437","","","0","1","0","0","0","0","0","1","1","0","0","2","0","2","0","0","2","037","2","","2026","000","2026","","133","","","","","","","","","","","","2","","30","20260417","0","","","","2206","690","","","","","","","","","","","","","","","","","","","","","","","","","","","","","","","","","","","","","","","","","","","","","","","","","","","","","","","","","","","","","","","","","","","0.034","42","0.00","0","","13.00",""
"FE2056V","FE2056","ﾃﾝﾈﾝﾑｼﾞﾀｹ","","","","80","","0","M","","0","","","","","437","","","0","1","0","0","0","0","0","1","1","0","0","2","0","2","0","0","2","037","2","","2026","000","2026","","133","","","","","","","","","","","","2","","30","20260417","0","","","","2206","690","","","","","","","","","","","","","","","","","","","","","","","","","","","","","","","","","","","","","","","","","","","","","","","","","","","","","","","","","","","","","","","","","","","0.034","42","0.00","0","","13.00",""
"FE2056V","FE2056","ﾃﾝﾈﾝﾑｼﾞﾀｹ","","","","80","","0","L","","0","","","","","437","","","0","1","0","0","0","0","0","1","1","0","0","2","0","2","0","0","2","037","2","","2026","000","2026","","133","","","","","","","","","","","","2","","30","20260417","0","","","","2206","690","","","","","","","","","","","","","","","","","","","","","","","","","","","","","","","","","","","","","","","","","","","","","","","","","","","","","","","","","","","","","","","","","","","0.034","42","0.00","0","","13.00",""
"FE2057V","FE2057","ﾃﾝﾈﾝｽｲｶﾀｹ","","","","20","","0","M","","0","","","","","437","","","0","1","0","0","0","0","0","1","1","0","0","2","0","2","0","0","2","037","2","","2026","000","2026","","012","","","","","","","","","","","","2","","30","20260417","0","","","","2273","690","","","","","","","","","","","","","","","","","","","","","","","","","","","","","","","","","","","","","","","","","","","","","","","","","","","","","","","","","","","","","","","","","","","0.034","42","0.00","0","","13.40",""
"FE2058V","FE2058","ﾃﾝﾈﾝﾀﾀﾐｴﾀﾞﾏﾒ","","","","80","","0","M","","0","","","","","437","","","0","1","0","0","0","0","0","1","1","0","0","2","0","2","0","0","2","037","2","","2026","000","2026","","116","","","","","","","","","","","","2","","30","20260417","0","","","","2289","690","","","","","","","","","","","","","","","","","","","","","","","","","","","","","","","","","","","","","","","","","","","","","","","","","","","","","","","","","","","","","","","","","","","0.034","42","0.00","0","","13.50",""
"FE2059V","FE2059","ﾃﾝﾈﾝｱﾎﾞｶﾄﾞﾀｹ","","","","90","","0","L","","0","","","","","437","","","0","1","0","0","0","0","0","1","1","0","0","2","0","2","0","0","2","037","2","","2026","000","2026","","012","","","","","","","","","","","","2","","30","20260417","0","","","","0","690","","","","","","","","","","","","","","","","","","","","","","","","","","","","","","","","","","","","","","","","","","","","","","","","","","","","","","","","","","","","","","","","","","","0.034","42","0.00","0","","0.00",""
"FE2060V","FE2060","PO ﾒｶﾞﾈｳｻｷﾞﾟﾎｿｶﾞﾀｺﾝﾌｫﾒｯｼｭ","","","","11","","0","M","","0","","","","","437","","","0","1","0","0","0","0","0","1","1","0","0","2","0","2","0","0","2","037","2","","2026","107","2026","","327","","","","","","","","","","","","2","","30","20260417","0","","","","3232","1290","","","","","","","","","","","","","","","","","","","","","","","","","","","","","","","","","","","","","","","","","","","","","","","","","","","","","","","","","","","","","","","","","","","0.08","42","77.40","0","","17.90",""
"FE2061V","FE2061","ﾃﾝﾈﾝﾁｬﾀｹｶﾄﾘｾﾝｺｳﾈｰﾑ","","","","22","","0","M","","0","","","","","437","","","0","1","0","0","0","0","0","1","1","0","0","2","0","2","0","0","2","037","2","","2026","000","2026","","122","","","","","","","","","","","","2","","30","20260417","0","","","","2190","690","","","","","","","","","","","","","","","","","","","","","","","","","","","","","","","","","","","","","","","","","","","","","","","","","","","","","","","","","","","","","","","","","","","0.034","42","0.00","0","","12.90",""
"FE2061V","FE2061","ﾃﾝﾈﾝﾁｬﾀｹｶﾄﾘｾﾝｺｳﾈｰﾑ","","","","22","","0","L","","0","","","","","437","","","0","1","0","0","0","0","0","1","1","0","0","2","0","2","0","0","2","037","2","","2026","000","2026","","122","","","","","","","","","","","","2","","30","20260417","0","","","","2190","690","","","","","","","","","","","","","","","","","","","","","","","","","","","","","","","","","","","","","","","","","","","","","","","","","","","","","","","","","","","","","","","","","","","0.034","42","0.00","0","","12.90",""
"FE2061V","FE2061","ﾃﾝﾈﾝﾁｬﾀｹｶﾄﾘｾﾝｺｳﾈｰﾑ","","","","70","","0","M","","0","","","","","437","","","0","1","0","0","0","0","0","1","1","0","0","2","0","2","0","0","2","037","2","","2026","000","2026","","122","","","","","","","","","","","","2","","30","20260417","0","","","","2190","690","","","","","","","","","","","","","","","","","","","","","","","","","","","","","","","","","","","","","","","","","","","","","","","","","","","","","","","","","","","","","","","","","","","0.034","42","0.00","0","","12.90",""
"FE2061V","FE2061","ﾃﾝﾈﾝﾁｬﾀｹｶﾄﾘｾﾝｺｳﾈｰﾑ","","","","70","","0","L","","0","","","","","437","","","0","1","0","0","0","0","0","1","1","0","0","2","0","2","0","0","2","037","2","","2026","000","2026","","122","","","","","","","","","","","","2","","30","20260417","0","","","","2190","690","","","","","","","","","","","","","","","","","","","","","","","","","","","","","","","","","","","","","","","","","","","","","","","","","","","","","","","","","","","","","","","","","","","0.034","42","0.00","0","","12.90",""
"FE2062V","FE2062","4KDｺﾝﾌｫﾈｰﾑ","","","","32","","0","M","","0","","","","","437","","","0","1","0","0","0","0","0","1","1","0","0","2","0","2","0","0","2","037","2","","2026","000","2026","","012","","","","","","","","","","","","2","","30","20260417","0","","","","0","690","","","","","","","","","","","","","","","","","","","","","","","","","","","","","","","","","","","","","","","","","","","","","","","","","","","","","","","","","","","","","","","","","","","0.034","42","0.00","0","","0.00",""
"FE2062V","FE2062","4KDｺﾝﾌｫﾈｰﾑ","","","","32","","0","L","","0","","","","","437","","","0","1","0","0","0","0","0","1","1","0","0","2","0","2","0","0","2","037","2","","2026","000","2026","","012","","","","","","","","","","","","2","","30","20260417","0","","","","0","690","","","","","","","","","","","","","","","","","","","","","","","","","","","","","","","","","","","","","","","","","","","","","","","","","","","","","","","","","","","","","","","","","","","0.034","42","0.00","0","","0.00",""
"FE2062V","FE2062","4KDｺﾝﾌｫﾈｰﾑ","","","","50","","0","M","","0","","","","","437","","","0","1","0","0","0","0","0","1","1","0","0","2","0","2","0","0","2","037","2","","2026","000","2026","","012","","","","","","","","","","","","2","","30","20260417","0","","","","0","690","","","","","","","","","","","","","","","","","","","","","","","","","","","","","","","","","","","","","","","","","","","","","","","","","","","","","","","","","","","","","","","","","","","0.034","42","0.00","0","","0.00",""
"FE2062V","FE2062","4KDｺﾝﾌｫﾈｰﾑ","","","","50","","0","L","","0","","","","","437","","","0","1","0","0","0","0","0","1","1","0","0","2","0","2","0","0","2","037","2","","2026","000","2026","","012","","","","","","","","","","","","2","","30","20260417","0","","","","0","690","","","","","","","","","","","","","","","","","","","","","","","","","","","","","","","","","","","","","","","","","","","","","","","","","","","","","","","","","","","","","","","","","","","0.034","42","0.00","0","","0.00",""
"FE2062V","FE2062","4KDｺﾝﾌｫﾈｰﾑ","","","","80","","0","M","","0","","","","","437","","","0","1","0","0","0","0","0","1","1","0","0","2","0","2","0","0","2","037","2","","2026","000","2026","","012","","","","","","","","","","","","2","","30","20260417","0","","","","0","690","","","","","","","","","","","","","","","","","","","","","","","","","","","","","","","","","","","","","","","","","","","","","","","","","","","","","","","","","","","","","","","","","","","0.034","42","0.00","0","","0.00",""
"FE2062V","FE2062","4KDｺﾝﾌｫﾈｰﾑ","","","","80","","0","L","","0","","","","","437","","","0","1","0","0","0","0","0","1","1","0","0","2","0","2","0","0","2","037","2","","2026","000","2026","","012","","","","","","","","","","","","2","","30","20260417","0","","","","0","690","","","","","","","","","","","","","","","","","","","","","","","","","","","","","","","","","","","","","","","","","","","","","","","","","","","","","","","","","","","","","","","","","","","0.034","42","0.00","0","","0.00",""
"FE2062V","FE2062","4KDｺﾝﾌｫﾈｰﾑ","","","","90","","0","M","","0","","","","","437","","","0","1","0","0","0","0","0","1","1","0","0","2","0","2","0","0","2","037","2","","2026","000","2026","","012","","","","","","","","","","","","2","","30","20260417","0","","","","0","690","","","","","","","","","","","","","","","","","","","","","","","","","","","","","","","","","","","","","","","","","","","","","","","","","","","","","","","","","","","","","","","","","","","0.034","42","0.00","0","","0.00",""
"FE2062V","FE2062","4KDｺﾝﾌｫﾈｰﾑ","","","","90","","0","L","","0","","","","","437","","","0","1","0","0","0","0","0","1","1","0","0","2","0","2","0","0","2","037","2","","2026","000","2026","","012","","","","","","","","","","","","2","","30","20260417","0","","","","0","690","","","","","","","","","","","","","","","","","","","","","","","","","","","","","","","","","","","","","","","","","","","","","","","","","","","","","","","","","","","","","","","","","","","0.034","42","0.00","0","","0.00",""
"FE2063V","FE2063","4KDｺﾝﾌｫﾏｸﾞﾛﾋﾞｼｮﾝﾌﾘｰｾﾞ","","","","20","","0","M","","0","","","","","437","","","0","1","0","0","0","0","0","1","1","0","0","2","0","2","0","0","2","037","2","","2026","000","2026","","116","","","","","","","","","","","","2","","30","20260417","0","","","","0","690","","","","","","","","","","","","","","","","","","","","","","","","","","","","","","","","","","","","","","","","","","","","","","","","","","","","","","","","","","","","","","","","","","","0.034","42","0.00","0","","0.00",""
"FE2064V","FE2064","4KDｺﾝﾌｫﾈｺｵﾘﾈｰﾑ","","","","11","","0","M","","0","","","","","437","","","0","1","0","0","0","0","0","1","1","0","0","2","0","2","0","0","2","037","2","","2026","000","2026","","116","","","","","","","","","","","","2","","30","20260417","0","","","","0","690","","","","","","","","","","","","","","","","","","","","","","","","","","","","","","","","","","","","","","","","","","","","","","","","","","","","","","","","","","","","","","","","","","","0.034","42","0.00","0","","0.00",""
"FE2065V","FE2065","ﾃﾝﾈﾝｼﾛｸﾏ","","","","31","","0","M","","0","","","","","437","","","0","1","0","0","0","0","0","1","1","0","0","2","0","2","0","0","2","037","2","","2026","000","2026","","133","","","","","","","","","","","","2","","30","20260417","0","","","","0","690","","","","","","","","","","","","","","","","","","","","","","","","","","","","","","","","","","","","","","","","","","","","","","","","","","","","","","","","","","","","","","","","","","","0.034","42","0.00","0","","0.00",""
"FE2065V","FE2065","ﾃﾝﾈﾝｼﾛｸﾏ","","","","31","","0","L","","0","","","","","437","","","0","1","0","0","0","0","0","1","1","0","0","2","0","2","0","0","2","037","2","","2026","000","2026","","133","","","","","","","","","","","","2","","30","20260417","0","","","","0","690","","","","","","","","","","","","","","","","","","","","","","","","","","","","","","","","","","","","","","","","","","","","","","","","","","","","","","","","","","","","","","","","","","","0.034","42","0.00","0","","0.00",""
"FE2065V","FE2065","ﾃﾝﾈﾝｼﾛｸﾏ","","","","32","","0","M","","0","","","","","437","","","0","1","0","0","0","0","0","1","1","0","0","2","0","2","0","0","2","037","2","","2026","000","2026","","133","","","","","","","","","","","","2","","30","20260417","0","","","","0","690","","","","","","","","","","","","","","","","","","","","","","","","","","","","","","","","","","","","","","","","","","","","","","","","","","","","","","","","","","","","","","","","","","","0.034","42","0.00","0","","0.00",""
"FE2065V","FE2065","ﾃﾝﾈﾝｼﾛｸﾏ","","","","32","","0","L","","0","","","","","437","","","0","1","0","0","0","0","0","1","1","0","0","2","0","2","0","0","2","037","2","","2026","000","2026","","133","","","","","","","","","","","","2","","30","20260417","0","","","","0","690","","","","","","","","","","","","","","","","","","","","","","","","","","","","","","","","","","","","","","","","","","","","","","","","","","","","","","","","","","","","","","","","","","","0.034","42","0.00","0","","0.00",""
"FE2066V","FE2066","ﾃﾝﾈﾝｼﾛｸﾏ","","","","31","","0","M","","0","","","","","437","","","0","1","0","0","0","0","0","1","1","0","0","2","0","2","0","0","2","037","2","","2026","000","2026","","012","","","","","","","","","","","","2","","30","20260417","0","","","","0","690","","","","","","","","","","","","","","","","","","","","","","","","","","","","","","","","","","","","","","","","","","","","","","","","","","","","","","","","","","","","","","","","","","","0.034","42","0.00","0","","0.00",""
"FE2066V","FE2066","ﾃﾝﾈﾝｼﾛｸﾏ","","","","31","","0","L","","0","","","","","437","","","0","1","0","0","0","0","0","1","1","0","0","2","0","2","0","0","2","037","2","","2026","000","2026","","012","","","","","","","","","","","","2","","30","20260417","0","","","","0","690","","","","","","","","","","","","","","","","","","","","","","","","","","","","","","","","","","","","","","","","","","","","","","","","","","","","","","","","","","","","","","","","","","","0.034","42","0.00","0","","0.00",""
"FE2066V","FE2066","ﾃﾝﾈﾝｼﾛｸﾏ","","","","32","","0","M","","0","","","","","437","","","0","1","0","0","0","0","0","1","1","0","0","2","0","2","0","0","2","037","2","","2026","000","2026","","012","","","","","","","","","","","","2","","30","20260417","0","","","","0","690","","","","","","","","","","","","","","","","","","","","","","","","","","","","","","","","","","","","","","","","","","","","","","","","","","","","","","","","","","","","","","","","","","","0.034","42","0.00","0","","0.00",""
"FE2066V","FE2066","ﾃﾝﾈﾝｼﾛｸﾏ","","","","32","","0","L","","0","","","","","437","","","0","1","0","0","0","0","0","1","1","0","0","2","0","2","0","0","2","037","2","","2026","000","2026","","012","","","","","","","","","","","","2","","30","20260417","0","","","","0","690","","","","","","","","","","","","","","","","","","","","","","","","","","","","","","","","","","","","","","","","","","","","","","","","","","","","","","","","","","","","","","","","","","","0.034","42","0.00","0","","0.00",""
"FE2067V","FE2067","ﾃﾝﾈﾝﾀｹﾑｼﾞP BK","","","","11","","0","M","","0","","","","","437","","","0","1","0","0","0","0","0","1","1","0","0","2","0","2","0","0","2","037","2","","2026","000","2026","","116","","","","","","","","","","","","2","","30","20260417","0","","","","0","690","","","","","","","","","","","","","","","","","","","","","","","","","","","","","","","","","","","","","","","","","","","","","","","","","","","","","","","","","","","","","","","","","","","0.034","42","0.00","0","","0.00",""
"FE2067V","FE2067","ﾃﾝﾈﾝﾀｹﾑｼﾞP BK","","","","11","","0","L","","0","","","","","437","","","0","1","0","0","0","0","0","1","1","0","0","2","0","2","0","0","2","037","2","","2026","000","2026","","116","","","","","","","","","","","","2","","30","20260417","0","","","","0","690","","","","","","","","","","","","","","","","","","","","","","","","","","","","","","","","","","","","","","","","","","","","","","","","","","","","","","","","","","","","","","","","","","","0.034","42","0.00","0","","0.00",""
"FE2067V","FE2067","ﾃﾝﾈﾝﾀｹﾑｼﾞP BK","","","","90","","0","M","","0","","","","","437","","","0","1","0","0","0","0","0","1","1","0","0","2","0","2","0","0","2","037","2","","2026","000","2026","","116","","","","","","","","","","","","2","","30","20260417","0","","","","0","690","","","","","","","","","","","","","","","","","","","","","","","","","","","","","","","","","","","","","","","","","","","","","","","","","","","","","","","","","","","","","","","","","","","0.034","42","0.00","0","","0.00",""
"FE2067V","FE2067","ﾃﾝﾈﾝﾀｹﾑｼﾞP BK","","","","90","","0","L","","0","","","","","437","","","0","1","0","0","0","0","0","1","1","0","0","2","0","2","0","0","2","037","2","","2026","000","2026","","116","","","","","","","","","","","","2","","30","20260417","0","","","","0","690","","","","","","","","","","","","","","","","","","","","","","","","","","","","","","","","","","","","","","","","","","","","","","","","","","","","","","","","","","","","","","","","","","","0.034","42","0.00","0","","0.00",""
"FE2068V","FE2068","ﾃﾝﾈﾝﾑｼﾞｷｼﾞ","","","","62","","0","M","","0","","","","","437","","","0","1","0","0","0","0","0","1","1","0","0","2","0","2","0","0","2","037","2","","2026","000","2026","","012","","","","","","","","","","","","2","","30","20260417","0","","","","0","690","","","","","","","","","","","","","","","","","","","","","","","","","","","","","","","","","","","","","","","","","","","","","","","","","","","","","","","","","","","","","","","","","","","0.034","42","0.00","0","","0.00",""
"FE2068V","FE2068","ﾃﾝﾈﾝﾑｼﾞｷｼﾞ","","","","62","","0","L","","0","","","","","437","","","0","1","0","0","0","0","0","1","1","0","0","2","0","2","0","0","2","037","2","","2026","000","2026","","012","","","","","","","","","","","","2","","30","20260417","0","","","","0","690","","","","","","","","","","","","","","","","","","","","","","","","","","","","","","","","","","","","","","","","","","","","","","","","","","","","","","","","","","","","","","","","","","","0.034","42","0.00","0","","0.00",""
"FE2068V","FE2068","ﾃﾝﾈﾝﾑｼﾞｷｼﾞ","","","","80","","0","M","","0","","","","","437","","","0","1","0","0","0","0","0","1","1","0","0","2","0","2","0","0","2","037","2","","2026","000","2026","","012","","","","","","","","","","","","2","","30","20260417","0","","","","0","690","","","","","","","","","","","","","","","","","","","","","","","","","","","","","","","","","","","","","","","","","","","","","","","","","","","","","","","","","","","","","","","","","","","0.034","42","0.00","0","","0.00",""
"FE2068V","FE2068","ﾃﾝﾈﾝﾑｼﾞｷｼﾞ","","","","80","","0","L","","0","","","","","437","","","0","1","0","0","0","0","0","1","1","0","0","2","0","2","0","0","2","037","2","","2026","000","2026","","012","","","","","","","","","","","","2","","30","20260417","0","","","","0","690","","","","","","","","","","","","","","","","","","","","","","","","","","","","","","","","","","","","","","","","","","","","","","","","","","","","","","","","","","","","","","","","","","","0.034","42","0.00","0","","0.00",""
"FE2069V","FE2069","ﾃﾝﾈﾝﾀｹｵﾆｷﾞﾘﾀﾏｺﾞﾔｷ","","","","73","","0","M","","0","","","","","437","","","0","1","0","0","0","0","0","1","1","0","0","2","0","2","0","0","2","037","2","","2026","000","2026","","116","","","","","","","","","","","","2","","30","20260417","0","","","","0","690","","","","","","","","","","","","","","","","","","","","","","","","","","","","","","","","","","","","","","","","","","","","","","","","","","","","","","","","","","","","","","","","","","","0.034","42","0.00","0","","0.00",""
"FE2070V","FE2070","ﾃﾝﾈﾝﾑｼﾞｷｼﾞ","","","","62","","0","M","","0","","","","","437","","","0","1","0","0","0","0","0","1","1","0","0","2","0","2","0","0","2","037","2","","2026","000","2026","","133","","","","","","","","","","","","2","","30","20260417","0","","","","0","690","","","","","","","","","","","","","","","","","","","","","","","","","","","","","","","","","","","","","","","","","","","","","","","","","","","","","","","","","","","","","","","","","","","0.034","42","0.00","0","","0.00",""
"FE2070V","FE2070","ﾃﾝﾈﾝﾑｼﾞｷｼﾞ","","","","62","","0","L","","0","","","","","437","","","0","1","0","0","0","0","0","1","1","0","0","2","0","2","0","0","2","037","2","","2026","000","2026","","133","","","","","","","","","","","","2","","30","20260417","0","","","","0","690","","","","","","","","","","","","","","","","","","","","","","","","","","","","","","","","","","","","","","","","","","","","","","","","","","","","","","","","","","","","","","","","","","","0.034","42","0.00","0","","0.00",""
"FE2070V","FE2070","ﾃﾝﾈﾝﾑｼﾞｷｼﾞ","","","","82","","0","M","","0","","","","","437","","","0","1","0","0","0","0","0","1","1","0","0","2","0","2","0","0","2","037","2","","2026","000","2026","","133","","","","","","","","","","","","2","","30","20260417","0","","","","0","690","","","","","","","","","","","","","","","","","","","","","","","","","","","","","","","","","","","","","","","","","","","","","","","","","","","","","","","","","","","","","","","","","","","0.034","42","0.00","0","","0.00",""
"FE2070V","FE2070","ﾃﾝﾈﾝﾑｼﾞｷｼﾞ","","","","82","","0","L","","0","","","","","437","","","0","1","0","0","0","0","0","1","1","0","0","2","0","2","0","0","2","037","2","","2026","000","2026","","133","","","","","","","","","","","","2","","30","20260417","0","","","","0","690","","","","","","","","","","","","","","","","","","","","","","","","","","","","","","","","","","","","","","","","","","","","","","","","","","","","","","","","","","","","","","","","","","","0.034","42","0.00","0","","0.00",""
"FE2071V","FE2071","TTﾆｬﾝｺｾﾝｾｲｳｨﾝｸｺﾝﾌｫ","","","","70","","0","M","","0","","","","","437","","","0","1","0","0","0","0","0","1","1","0","0","2","0","2","0","0","2","037","2","","2026","102","2026","","116","","","","","","","","","","","","2","","30","20260417","570","","","","2775","890","","","","","","","","","","","","","","","","","","","","","","","","","","","","","","","","","","","","","","","","","","","","","","","","","","","","","","","","","","","","","","","","","","","0.034","42","44.50","0","","16.15",""
"FE2072V","FE2072","TT ﾆｬﾝｺｾﾝｾｲｺﾝﾌｫｰﾄGR","","","","80","","0","M","","0","","","","","437","","","0","1","0","0","0","0","0","1","1","0","0","2","0","2","0","0","2","037","2","","2026","102","2026","","327","","","","","","","","","","","","2","","30","20260417","570","","","","2808","890","","","","","","","","","","","","","","","","","","","","","","","","","","","","","","","","","","","","","","","","","","","","","","","","","","","","","","","","","","","","","","","","","","","0.034","42","44.50","0","","16.35",""
"FE2073V","FE2073","TTﾆｬﾝｺｾﾝｾｲｳｨﾝｸｺﾝﾌｫG","","","","20","","0","M","","0","","","","","437","","","0","1","0","0","0","0","0","1","1","0","0","2","0","2","0","0","2","037","2","","2026","102","2026","","012","","","","","","","","","","","","2","","30","20260417","570","","","","2667","890","","","","","","","","","","","","","","","","","","","","","","","","","","","","","","","","","","","","","","","","","","","","","","","","","","","","","","","","","","","","","","","","","","","0.034","42","44.50","0","","15.50",""
"FE2074V","FE2074","TT ﾅﾂﾒｺﾝﾌｫｰﾄP","","","","11","","0","M","","0","","","","","437","","","0","1","0","0","0","0","0","1","1","0","0","2","0","2","0","0","2","037","2","","2026","102","2026","","133","","","","","","","","","","","","2","","30","20260417","570","","","","2667","890","","","","","","","","","","","","","","","","","","","","","","","","","","","","","","","","","","","","","","","","","","","","","","","","","","","","","","","","","","","","","","","","","","","0.034","42","44.50","0","","15.50",""
"FE2075V","FE2075","CR ﾋﾅ kanna あさどん　ｱﾂｿﾞｺ","","","","11","","0","00","","0","","","","","437","","","0","1","0","0","0","0","0","1","1","0","0","2","0","2","0","0","2","037","2","","2026","197","2026","","117","","","","","","","","","","","","2","","30","20260417","0","","","","3241","0","","","","","","","","","","","","","","","","","","","","","","","","","","","","","","","","","","","","","","","","","","","","","","","","","","","","","","","","","","","","","","","","","","","0.08","42","0.00","0","","18.40",""
"FE2075V","FE2075","CR ﾋﾅ kanna あさどん　ｱﾂｿﾞｺ","","","","80","","0","00","","0","","","","","437","","","0","1","0","0","0","0","0","1","1","0","0","2","0","2","0","0","2","037","2","","2026","197","2026","","117","","","","","","","","","","","","2","","30","20260417","0","","","","3241","0","","","","","","","","","","","","","","","","","","","","","","","","","","","","","","","","","","","","","","","","","","","","","","","","","","","","","","","","","","","","","","","","","","","0.08","42","0.00","0","","18.40",""
"FE2076W","FE2076","ﾃﾝﾈﾝﾁｬﾀｹﾜﾌｳﾑｼﾞ","","","","62","","0","M","","0","","","","","105","","","0","1","0","0","0","0","0","1","1","0","0","2","0","2","0","0","2","037","2","","2026","000","2026","","122","","","","","","","","","","","","2","","30","20260417","0","","","","0","690","","","","","","","","","","","","","","","","","","","","","","","","","","","","","","","","","","","","","","","","","","","","","","","","","","","","","","","","","","","","","","","","","","","0.034","45","0.00","0","","0.00",""
"FE2076W","FE2076","ﾃﾝﾈﾝﾁｬﾀｹﾜﾌｳﾑｼﾞ","","","","62","","0","L","","0","","","","","105","","","0","1","0","0","0","0","0","1","1","0","0","2","0","2","0","0","2","037","2","","2026","000","2026","","122","","","","","","","","","","","","2","","30","20260417","0","","","","0","690","","","","","","","","","","","","","","","","","","","","","","","","","","","","","","","","","","","","","","","","","","","","","","","","","","","","","","","","","","","","","","","","","","","0.034","45","0.00","0","","0.00",""
"FE2076W","FE2076","ﾃﾝﾈﾝﾁｬﾀｹﾜﾌｳﾑｼﾞ","","","","82","","0","M","","0","","","","","105","","","0","1","0","0","0","0","0","1","1","0","0","2","0","2","0","0","2","037","2","","2026","000","2026","","122","","","","","","","","","","","","2","","30","20260417","0","","","","0","690","","","","","","","","","","","","","","","","","","","","","","","","","","","","","","","","","","","","","","","","","","","","","","","","","","","","","","","","","","","","","","","","","","","0.034","45","0.00","0","","0.00",""
"FE2076W","FE2076","ﾃﾝﾈﾝﾁｬﾀｹﾜﾌｳﾑｼﾞ","","","","82","","0","L","","0","","","","","105","","","0","1","0","0","0","0","0","1","1","0","0","2","0","2","0","0","2","037","2","","2026","000","2026","","122","","","","","","","","","","","","2","","30","20260417","0","","","","0","690","","","","","","","","","","","","","","","","","","","","","","","","","","","","","","","","","","","","","","","","","","","","","","","","","","","","","","","","","","","","","","","","","","","0.034","45","0.00","0","","0.00",""
"FE2077W","FE2077","ﾃﾝﾈﾝﾀﾀﾐｼﾊﾞｲﾇﾈｰﾑ","","","","70","","0","M","","0","","","","","105","","","0","1","0","0","0","0","0","1","1","0","0","2","0","2","0","0","2","037","2","","2026","000","2026","","122","","","","","","","","","","","","2","","30","20260417","0","","","","0","690","","","","","","","","","","","","","","","","","","","","","","","","","","","","","","","","","","","","","","","","","","","","","","","","","","","","","","","","","","","","","","","","","","","0.034","45","0.00","0","","0.00",""
"FE2078W","FE2078","ﾃﾝﾈﾝﾀｹｲｸﾗｸﾞﾝｶﾝ","","","","73","","0","M","","0","","","","","105","","","0","1","0","0","0","0","0","1","1","0","0","2","0","2","0","0","2","037","2","","2026","000","2026","","116","","","","","","","","","","","","2","","30","20260417","0","","","","0","690","","","","","","","","","","","","","","","","","","","","","","","","","","","","","","","","","","","","","","","","","","","","","","","","","","","","","","","","","","","","","","","","","","","0.034","45","0.00","0","","0.00",""
"FE2079W","FE2079","ﾃﾝﾈﾝﾀｹﾈｺP","","","","11","","0","M","","0","","","","","105","","","0","1","0","0","0","0","0","1","1","0","0","2","0","2","0","0","2","037","2","","2026","000","2026","","133","","","","","","","","","","","","2","","30","20260417","0","","","","0","690","","","","","","","","","","","","","","","","","","","","","","","","","","","","","","","","","","","","","","","","","","","","","","","","","","","","","","","","","","","","","","","","","","","0.034","45","0.00","0","","0.00",""
"FE2080V","FE2080","ｸﾛｽﾊﾞﾝﾄﾞｺﾝﾌｫ ﾀｹ","","","","42","","0","M","","0","","","","","437","","","0","1","0","0","0","0","0","1","1","0","0","2","0","2","0","0","2","037","2","","2026","000","2026","","116","","","","","","","","","","","","2","","30","20260417","0","","","","2448","0","","","","","","","","","","","","","","","","","","","","","","","","","","","","","","","","","","","","","","","","","","","","","","","","","","","","","","","","","","","","","","","","","","","0.034","42","0.00","0","","14.45",""
"FE2080V","FE2080","ｸﾛｽﾊﾞﾝﾄﾞｺﾝﾌｫ ﾀｹ","","","","60","","0","M","","0","","","","","437","","","0","1","0","0","0","0","0","1","1","0","0","2","0","2","0","0","2","037","2","","2026","000","2026","","116","","","","","","","","","","","","2","","30","20260417","0","","","","2448","0","","","","","","","","","","","","","","","","","","","","","","","","","","","","","","","","","","","","","","","","","","","","","","","","","","","","","","","","","","","","","","","","","","","0.034","42","0.00","0","","14.45",""
"FE2080V","FE2080","ｸﾛｽﾊﾞﾝﾄﾞｺﾝﾌｫ ﾀｹ","","","","62","","0","M","","0","","","","","437","","","0","1","0","0","0","0","0","1","1","0","0","2","0","2","0","0","2","037","2","","2026","000","2026","","116","","","","","","","","","","","","2","","30","20260417","0","","","","2448","0","","","","","","","","","","","","","","","","","","","","","","","","","","","","","","","","","","","","","","","","","","","","","","","","","","","","","","","","","","","","","","","","","","","0.034","42","0.00","0","","14.45",""
"FE2080V","FE2080","ｸﾛｽﾊﾞﾝﾄﾞｺﾝﾌｫ ﾀｹ","","","","80","","0","M","","0","","","","","437","","","0","1","0","0","0","0","0","1","1","0","0","2","0","2","0","0","2","037","2","","2026","000","2026","","116","","","","","","","","","","","","2","","30","20260417","0","","","","2448","0","","","","","","","","","","","","","","","","","","","","","","","","","","","","","","","","","","","","","","","","","","","","","","","","","","","","","","","","","","","","","","","","","","","0.034","42","0.00","0","","14.45",""
"FE2081L","FE2081","ｻﾗｯﾄﾌﾝﾜﾘｲｴﾈｰﾑ","","","","11","","0","M","","0","","","","","213","","","0","1","0","0","0","0","0","1","1","0","0","2","0","2","0","0","2","037","2","","2026","000","2026","","116","","","","","","","","","","","","2","","30","20260417","0","","","","0","0","","","","","","","","","","","","","","","","","","","","","","","","","","","","","","","","","","","","","","","","","","","","","","","","","","","","","","","","","","","","","","","","","","","0","9","0.00","0","","0.00",""
"FE2081L","FE2081","ｻﾗｯﾄﾌﾝﾜﾘｲｴﾈｰﾑ","","","","11","","0","L","","0","","","","","213","","","0","1","0","0","0","0","0","1","1","0","0","2","0","2","0","0","2","037","2","","2026","000","2026","","116","","","","","","","","","","","","2","","30","20260417","0","","","","0","0","","","","","","","","","","","","","","","","","","","","","","","","","","","","","","","","","","","","","","","","","","","","","","","","","","","","","","","","","","","","","","","","","","","0","9","0.00","0","","0.00",""
"FE2081L","FE2081","ｻﾗｯﾄﾌﾝﾜﾘｲｴﾈｰﾑ","","","","80","","0","M","","0","","","","","213","","","0","1","0","0","0","0","0","1","1","0","0","2","0","2","0","0","2","037","2","","2026","000","2026","","116","","","","","","","","","","","","2","","30","20260417","0","","","","0","0","","","","","","","","","","","","","","","","","","","","","","","","","","","","","","","","","","","","","","","","","","","","","","","","","","","","","","","","","","","","","","","","","","","0","9","0.00","0","","0.00",""
"FE2081L","FE2081","ｻﾗｯﾄﾌﾝﾜﾘｲｴﾈｰﾑ","","","","80","","0","L","","0","","","","","213","","","0","1","0","0","0","0","0","1","1","0","0","2","0","2","0","0","2","037","2","","2026","000","2026","","116","","","","","","","","","","","","2","","30","20260417","0","","","","0","0","","","","","","","","","","","","","","","","","","","","","","","","","","","","","","","","","","","","","","","","","","","","","","","","","","","","","","","","","","","","","","","","","","","0","9","0.00","0","","0.00",""
"FE2081L","FE2081","ｻﾗｯﾄﾌﾝﾜﾘｲｴﾈｰﾑ","","","","82","","0","M","","0","","","","","213","","","0","1","0","0","0","0","0","1","1","0","0","2","0","2","0","0","2","037","2","","2026","000","2026","","116","","","","","","","","","","","","2","","30","20260417","0","","","","0","0","","","","","","","","","","","","","","","","","","","","","","","","","","","","","","","","","","","","","","","","","","","","","","","","","","","","","","","","","","","","","","","","","","","0","9","0.00","0","","0.00",""
"FE2081L","FE2081","ｻﾗｯﾄﾌﾝﾜﾘｲｴﾈｰﾑ","","","","82","","0","L","","0","","","","","213","","","0","1","0","0","0","0","0","1","1","0","0","2","0","2","0","0","2","037","2","","2026","000","2026","","116","","","","","","","","","","","","2","","30","20260417","0","","","","0","0","","","","","","","","","","","","","","","","","","","","","","","","","","","","","","","","","","","","","","","","","","","","","","","","","","","","","","","","","","","","","","","","","","","0","9","0.00","0","","0.00",""
"FE2081L","FE2081","ｻﾗｯﾄﾌﾝﾜﾘｲｴﾈｰﾑ","","","","90","","0","M","","0","","","","","213","","","0","1","0","0","0","0","0","1","1","0","0","2","0","2","0","0","2","037","2","","2026","000","2026","","116","","","","","","","","","","","","2","","30","20260417","0","","","","0","0","","","","","","","","","","","","","","","","","","","","","","","","","","","","","","","","","","","","","","","","","","","","","","","","","","","","","","","","","","","","","","","","","","","0","9","0.00","0","","0.00",""
"FE2081L","FE2081","ｻﾗｯﾄﾌﾝﾜﾘｲｴﾈｰﾑ","","","","90","","0","L","","0","","","","","213","","","0","1","0","0","0","0","0","1","1","0","0","2","0","2","0","0","2","037","2","","2026","000","2026","","116","","","","","","","","","","","","2","","30","20260417","0","","","","0","0","","","","","","","","","","","","","","","","","","","","","","","","","","","","","","","","","","","","","","","","","","","","","","","","","","","","","","","","","","","","","","","","","","","0","9","0.00","0","","0.00",""
"FE2082L","FE2082","ｻﾗｯﾄﾌﾝﾜﾘｷｼｮｳ","","","","70","","0","M","","0","","","","","213","","","0","1","0","0","0","0","0","1","1","0","0","2","0","2","0","0","2","037","2","","2026","000","2026","","116","","","","","","","","","","","","2","","30","20260417","0","","","","0","0","","","","","","","","","","","","","","","","","","","","","","","","","","","","","","","","","","","","","","","","","","","","","","","","","","","","","","","","","","","","","","","","","","","0","9","0.00","0","","0.00",""
"FE2083L","FE2083","ｻﾗｯﾄﾌﾝﾜﾘｽｲﾐﾝ","","","","20","","0","M","","0","","","","","213","","","0","1","0","0","0","0","0","1","1","0","0","2","0","2","0","0","2","037","2","","2026","000","2026","","116","","","","","","","","","","","","2","","30","20260417","0","","","","0","0","","","","","","","","","","","","","","","","","","","","","","","","","","","","","","","","","","","","","","","","","","","","","","","","","","","","","","","","","","","","","","","","","","","0","9","0.00","0","","0.00",""
"FE2084L","FE2084","ｻﾗｯﾄﾌﾝﾜﾘﾈｺｾﾘﾌﾈｰﾑ","","","","62","","0","M","","0","","","","","213","","","0","1","0","0","0","0","0","1","1","0","0","2","0","2","0","0","2","037","2","","2026","000","2026","","116","","","","","","","","","","","","2","","30","20260417","0","","","","0","0","","","","","","","","","","","","","","","","","","","","","","","","","","","","","","","","","","","","","","","","","","","","","","","","","","","","","","","","","","","","","","","","","","","0","9","0.00","0","","0.00",""
"FE2085L","FE2085","ｻﾗｯﾄﾌﾝﾜﾘｼﾛｸﾏﾈｰﾑ","","","","20","","0","M","","0","","","","","213","","","0","1","0","0","0","0","0","1","1","0","0","2","0","2","0","0","2","037","2","","2026","000","2026","","116","","","","","","","","","","","","2","","30","20260417","0","","","","0","0","","","","","","","","","","","","","","","","","","","","","","","","","","","","","","","","","","","","","","","","","","","","","","","","","","","","","","","","","","","","","","","","","","","0","9","0.00","0","","0.00",""
"FE2085L","FE2085","ｻﾗｯﾄﾌﾝﾜﾘｼﾛｸﾏﾈｰﾑ","","","","30","","0","M","","0","","","","","213","","","0","1","0","0","0","0","0","1","1","0","0","2","0","2","0","0","2","037","2","","2026","000","2026","","116","","","","","","","","","","","","2","","30","20260417","0","","","","0","0","","","","","","","","","","","","","","","","","","","","","","","","","","","","","","","","","","","","","","","","","","","","","","","","","","","","","","","","","","","","","","","","","","","0","9","0.00","0","","0.00",""
"FE2086L","FE2086","ｻﾗｯﾄﾌﾝﾜﾘﾄﾘｼｼｭｳ","","","","30","","0","M","","0","","","","","213","","","0","1","0","0","0","0","0","1","1","0","0","2","0","2","0","0","2","037","2","","2026","000","2026","","122","","","","","","","","","","","","2","","30","20260417","0","","","","449","0","","","","","","","","","","","","","","","","","","","","","","","","","","","","","","","","","","","","","","","","","","","","","","","","","","","","","","","","","","","","","","","","","","","0","9","0.00","0","","2.73",""
"FE2087L","FE2087","ｻﾗｯﾄﾌﾝﾜﾘｸﾛﾈｺｼｼｭｳ","","","","11","","0","M","","0","","","","","213","","","0","1","0","0","0","0","0","1","1","0","0","2","0","2","0","0","2","037","2","","2026","000","2026","","122","","","","","","","","","","","","2","","30","20260417","0","","","","449","0","","","","","","","","","","","","","","","","","","","","","","","","","","","","","","","","","","","","","","","","","","","","","","","","","","","","","","","","","","","","","","","","","","","0","9","0.00","0","","2.73",""
"FE2088L","FE2088","ｻﾗｯﾄﾌﾝﾜﾘｸﾏﾈｰﾑ","","","","81","","0","M","","0","","","","","213","","","0","1","0","0","0","0","0","1","1","0","0","2","0","2","0","0","2","037","2","","2026","000","2026","","122","","","","","","","","","","","","2","","30","20260417","0","","","","449","890","","","","","","","","","","","","","","","","","","","","","","","","","","","","","","","","","","","","","","","","","","","","","","","","","","","","","","","","","","","","","","","","","","","0","9","0.00","0","","2.73",""
"FE2089L","FE2089","ｻﾗｯﾄﾌﾝﾜﾘﾈｺﾈｰﾑ","","","","70","","0","M","","0","","","","","213","","","0","1","0","0","0","0","0","1","1","0","0","2","0","2","0","0","2","037","2","","2026","000","2026","","122","","","","","","","","","","","","2","","30","20260417","0","","","","449","890","","","","","","","","","","","","","","","","","","","","","","","","","","","","","","","","","","","","","","","","","","","","","","","","","","","","","","","","","","","","","","","","","","","0","9","0.00","0","","2.73",""
"FE2090L","FE2090","ｻﾗｯﾄﾌﾝﾜﾘｵﾘﾈｰﾑ","","","","31","","0","M","","0","","","","","213","","","0","1","0","0","0","0","0","1","1","0","0","2","0","2","0","0","2","037","2","","2026","000","2026","","012","","","","","","","","","","","","2","","30","20260417","550","","","","449","890","","","","","","","","","","","","","","","","","","","","","","","","","","","","","","","","","","","","","","","","","","","","","","","","","","","","","","","","","","","","","","","","","","","0","9","0.00","0","","2.73",""
"FE2090L","FE2090","ｻﾗｯﾄﾌﾝﾜﾘｵﾘﾈｰﾑ","","","","62","","0","M","","0","","","","","213","","","0","1","0","0","0","0","0","1","1","0","0","2","0","2","0","0","2","037","2","","2026","000","2026","","012","","","","","","","","","","","","2","","30","20260417","550","","","","449","890","","","","","","","","","","","","","","","","","","","","","","","","","","","","","","","","","","","","","","","","","","","","","","","","","","","","","","","","","","","","","","","","","","","0","9","0.00","0","","2.73",""
"FE2091L","FE2091","ｻﾗｯﾄﾌﾝﾜﾘ ﾑｼﾞﾈｰﾑ","","","","32","","0","M","","0","","","","","213","","","0","1","0","0","0","0","0","1","1","0","0","2","0","2","0","0","2","037","2","","2026","000","2026","","133","","","","","","","","","","","","2","","30","20260417","0","","","","0","890","","","","","","","","","","","","","","","","","","","","","","","","","","","","","","","","","","","","","","","","","","","","","","","","","","","","","","","","","","","","","","","","","","","0","9","0.00","0","","0.00",""
"FE2091L","FE2091","ｻﾗｯﾄﾌﾝﾜﾘ ﾑｼﾞﾈｰﾑ","","","","32","","0","L","","0","","","","","213","","","0","1","0","0","0","0","0","1","1","0","0","2","0","2","0","0","2","037","2","","2026","000","2026","","133","","","","","","","","","","","","2","","30","20260417","0","","","","0","890","","","","","","","","","","","","","","","","","","","","","","","","","","","","","","","","","","","","","","","","","","","","","","","","","","","","","","","","","","","","","","","","","","","0","9","0.00","0","","0.00",""
"FE2091L","FE2091","ｻﾗｯﾄﾌﾝﾜﾘ ﾑｼﾞﾈｰﾑ","","","","50","","0","M","","0","","","","","213","","","0","1","0","0","0","0","0","1","1","0","0","2","0","2","0","0","2","037","2","","2026","000","2026","","133","","","","","","","","","","","","2","","30","20260417","0","","","","0","890","","","","","","","","","","","","","","","","","","","","","","","","","","","","","","","","","","","","","","","","","","","","","","","","","","","","","","","","","","","","","","","","","","","0","9","0.00","0","","0.00",""
"FE2091L","FE2091","ｻﾗｯﾄﾌﾝﾜﾘ ﾑｼﾞﾈｰﾑ","","","","50","","0","L","","0","","","","","213","","","0","1","0","0","0","0","0","1","1","0","0","2","0","2","0","0","2","037","2","","2026","000","2026","","133","","","","","","","","","","","","2","","30","20260417","0","","","","0","890","","","","","","","","","","","","","","","","","","","","","","","","","","","","","","","","","","","","","","","","","","","","","","","","","","","","","","","","","","","","","","","","","","","0","9","0.00","0","","0.00",""
"FE2091L","FE2091","ｻﾗｯﾄﾌﾝﾜﾘ ﾑｼﾞﾈｰﾑ","","","","61","","0","M","","0","","","","","213","","","0","1","0","0","0","0","0","1","1","0","0","2","0","2","0","0","2","037","2","","2026","000","2026","","133","","","","","","","","","","","","2","","30","20260417","0","","","","0","890","","","","","","","","","","","","","","","","","","","","","","","","","","","","","","","","","","","","","","","","","","","","","","","","","","","","","","","","","","","","","","","","","","","0","9","0.00","0","","0.00",""
"FE2091L","FE2091","ｻﾗｯﾄﾌﾝﾜﾘ ﾑｼﾞﾈｰﾑ","","","","61","","0","L","","0","","","","","213","","","0","1","0","0","0","0","0","1","1","0","0","2","0","2","0","0","2","037","2","","2026","000","2026","","133","","","","","","","","","","","","2","","30","20260417","0","","","","0","890","","","","","","","","","","","","","","","","","","","","","","","","","","","","","","","","","","","","","","","","","","","","","","","","","","","","","","","","","","","","","","","","","","","0","9","0.00","0","","0.00",""
"FE2091L","FE2091","ｻﾗｯﾄﾌﾝﾜﾘ ﾑｼﾞﾈｰﾑ","","","","90","","0","M","","0","","","","","213","","","0","1","0","0","0","0","0","1","1","0","0","2","0","2","0","0","2","037","2","","2026","000","2026","","133","","","","","","","","","","","","2","","30","20260417","0","","","","0","890","","","","","","","","","","","","","","","","","","","","","","","","","","","","","","","","","","","","","","","","","","","","","","","","","","","","","","","","","","","","","","","","","","","0","9","0.00","0","","0.00",""
"FE2091L","FE2091","ｻﾗｯﾄﾌﾝﾜﾘ ﾑｼﾞﾈｰﾑ","","","","90","","0","L","","0","","","","","213","","","0","1","0","0","0","0","0","1","1","0","0","2","0","2","0","0","2","037","2","","2026","000","2026","","133","","","","","","","","","","","","2","","30","20260417","0","","","","0","890","","","","","","","","","","","","","","","","","","","","","","","","","","","","","","","","","","","","","","","","","","","","","","","","","","","","","","","","","","","","","","","","","","","0","9","0.00","0","","0.00",""
"FE2092L","FE2092","ｻﾗｯﾄﾌﾝﾜﾘ ﾋﾞｼｮﾝﾌﾘｰｾﾞ","","","","80","","0","M","","0","","","","","213","","","0","1","0","0","0","0","0","1","1","0","0","2","0","2","0","0","2","037","2","","2026","000","2026","","327","","","","","","","","","","","","2","","30","20260417","0","","","","0","0","","","","","","","","","","","","","","","","","","","","","","","","","","","","","","","","","","","","","","","","","","","","","","","","","","","","","","","","","","","","","","","","","","","0","9","0.00","0","","0.00",""
"FE2093L","FE2093","ｻﾗｯﾄﾌﾝﾜﾘ ｼﾊﾞｲﾇ","","","","11","","0","M","","0","","","","","213","","","0","1","0","0","0","0","0","1","1","0","0","2","0","2","0","0","2","037","2","","2026","000","2026","","327","","","","","","","","","","","","2","","30","20260417","0","","","","0","0","","","","","","","","","","","","","","","","","","","","","","","","","","","","","","","","","","","","","","","","","","","","","","","","","","","","","","","","","","","","","","","","","","","0","9","0.00","0","","0.00",""
"FE2093L","FE2093","ｻﾗｯﾄﾌﾝﾜﾘ ｼﾊﾞｲﾇ","","","","73","","0","M","","0","","","","","213","","","0","1","0","0","0","0","0","1","1","0","0","2","0","2","0","0","2","037","2","","2026","000","2026","","327","","","","","","","","","","","","2","","30","20260417","0","","","","0","0","","","","","","","","","","","","","","","","","","","","","","","","","","","","","","","","","","","","","","","","","","","","","","","","","","","","","","","","","","","","","","","","","","","0","9","0.00","0","","0.00",""
"FE2094L","FE2094","ｻﾗｯﾄﾌﾝﾜﾘ ﾈｺﾀﾍﾞﾓﾉﾈｰﾑ","","","","20","","0","M","","0","","","","","213","","","0","1","0","0","0","0","0","1","1","0","0","2","0","2","0","0","2","037","2","","2026","000","2026","","327","","","","","","","","","","","","2","","30","20260417","0","","","","0","0","","","","","","","","","","","","","","","","","","","","","","","","","","","","","","","","","","","","","","","","","","","","","","","","","","","","","","","","","","","","","","","","","","","0","9","0.00","0","","0.00",""
"FE2095L","FE2095","ｻﾗｯﾄﾌﾝﾜﾘ ｸﾏﾀﾍﾞﾓﾉﾈｰﾑ","","","","30","","0","M","","0","","","","","213","","","0","1","0","0","0","0","0","1","1","0","0","2","0","2","0","0","2","037","2","","2026","000","2026","","327","","","","","","","","","","","","2","","30","20260417","0","","","","0","0","","","","","","","","","","","","","","","","","","","","","","","","","","","","","","","","","","","","","","","","","","","","","","","","","","","","","","","","","","","","","","","","","","","0","9","0.00","0","","0.00",""
"FE2096V","FE2096","KO 11ﾋﾟｷﾉﾈｺ　ｺﾝﾌｫ","","","","11","","0","M","","0","","","","","437","","","0","1","0","0","0","0","0","1","1","0","0","2","0","2","0","0","2","037","2","","2026","081","2026","","116","","","","","","","","","","","","2","","30","20260417","0","","","","0","890","","","","","","","","","","","","","","","","","","","","","","","","","","","","","","","","","","","","","","","","","","","","","","","","","","","","","","","","","","","","","","","","","","","0.034","42","44.50","0","","0.00",""
"FE2096V","FE2096","KO 11ﾋﾟｷﾉﾈｺ　ｺﾝﾌｫ","","","","11","","0","L","","0","","","","","437","","","0","1","0","0","0","0","0","1","1","0","0","2","0","2","0","0","2","037","2","","2026","081","2026","","116","","","","","","","","","","","","2","","30","20260417","0","","","","0","890","","","","","","","","","","","","","","","","","","","","","","","","","","","","","","","","","","","","","","","","","","","","","","","","","","","","","","","","","","","","","","","","","","","0.034","42","44.50","0","","0.00",""
"FE2096V","FE2096","KO 11ﾋﾟｷﾉﾈｺ　ｺﾝﾌｫ","","","","80","","0","M","","0","","","","","437","","","0","1","0","0","0","0","0","1","1","0","0","2","0","2","0","0","2","037","2","","2026","081","2026","","116","","","","","","","","","","","","2","","30","20260417","0","","","","0","890","","","","","","","","","","","","","","","","","","","","","","","","","","","","","","","","","","","","","","","","","","","","","","","","","","","","","","","","","","","","","","","","","","","0.034","42","44.50","0","","0.00",""
"FE2096V","FE2096","KO 11ﾋﾟｷﾉﾈｺ　ｺﾝﾌｫ","","","","80","","0","L","","0","","","","","437","","","0","1","0","0","0","0","0","1","1","0","0","2","0","2","0","0","2","037","2","","2026","081","2026","","116","","","","","","","","","","","","2","","30","20260417","0","","","","0","890","","","","","","","","","","","","","","","","","","","","","","","","","","","","","","","","","","","","","","","","","","","","","","","","","","","","","","","","","","","","","","","","","","","0.034","42","44.50","0","","0.00",""
"FE2097V","FE2097","SRｷﾃｨｺﾝﾌｫ","","","","10","","0","M","","0","","","","","437","","","0","1","0","0","0","0","0","1","1","0","0","2","0","2","0","0","2","037","2","","2026","049","2026","","012","","","","","","","","","","","","2","","30","20260417","528","","","","0","890","","","","","","","","","","","","","","","","","","","","","","","","","","","","","","","","","","","","","","","","","","","","","","","","","","","","","","","","","","","","","","","","","","","0.034","42","71.20","0","","0.00",""
"FE2098V","FE2098","ﾁｪｯｸｶﾞﾗ ﾈｰﾑ　竹","","","","40","","0","M","","0","","","","","437","","","0","1","0","0","0","0","0","1","1","0","0","2","0","2","0","0","2","037","2","","2026","000","2026","","128","","","","","","","","","","","","2","","30","20260417","610","","","","2597","1590","","","","","","","","","","","","","","","","","","","","","","","","","","","","","","","","","","","","","","","","","","","","","","","","","","","","","","","","","","","","","","","","","","","0.034","42","0.00","0","","15.35",""
"FE2098V","FE2098","ﾁｪｯｸｶﾞﾗ ﾈｰﾑ　竹","","","","40","","0","L","","0","","","","","437","","","0","1","0","0","0","0","0","1","1","0","0","2","0","2","0","0","2","037","2","","2026","000","2026","","128","","","","","","","","","","","","2","","30","20260417","610","","","","2597","1590","","","","","","","","","","","","","","","","","","","","","","","","","","","","","","","","","","","","","","","","","","","","","","","","","","","","","","","","","","","","","","","","","","","0.034","42","0.00","0","","15.35",""
"FE2098V","FE2098","ﾁｪｯｸｶﾞﾗ ﾈｰﾑ　竹","","","","80","","0","M","","0","","","","","437","","","0","1","0","0","0","0","0","1","1","0","0","2","0","2","0","0","2","037","2","","2026","000","2026","","128","","","","","","","","","","","","2","","30","20260417","610","","","","2597","1590","","","","","","","","","","","","","","","","","","","","","","","","","","","","","","","","","","","","","","","","","","","","","","","","","","","","","","","","","","","","","","","","","","","0.034","42","0.00","0","","15.35",""
"FE2098V","FE2098","ﾁｪｯｸｶﾞﾗ ﾈｰﾑ　竹","","","","80","","0","L","","0","","","","","437","","","0","1","0","0","0","0","0","1","1","0","0","2","0","2","0","0","2","037","2","","2026","000","2026","","128","","","","","","","","","","","","2","","30","20260417","610","","","","2597","1590","","","","","","","","","","","","","","","","","","","","","","","","","","","","","","","","","","","","","","","","","","","","","","","","","","","","","","","","","","","","","","","","","","","0.034","42","0.00","0","","15.35",""
"FE2099V","FE2099","ｷｶｶﾞｸｶﾞﾗ ﾈｰﾑ　竹","","","","32","","0","M","","0","","","","","437","","","0","1","0","0","0","0","0","1","1","0","0","2","0","2","0","0","2","037","2","","2026","000","2026","","128","","","","","","","","","","","","2","","30","20260417","610","","","","2489","1590","","","","","","","","","","","","","","","","","","","","","","","","","","","","","","","","","","","","","","","","","","","","","","","","","","","","","","","","","","","","","","","","","","","0.034","42","0.00","0","","14.70",""
"FE2099V","FE2099","ｷｶｶﾞｸｶﾞﾗ ﾈｰﾑ　竹","","","","32","","0","L","","0","","","","","437","","","0","1","0","0","0","0","0","1","1","0","0","2","0","2","0","0","2","037","2","","2026","000","2026","","128","","","","","","","","","","","","2","","30","20260417","610","","","","2489","1590","","","","","","","","","","","","","","","","","","","","","","","","","","","","","","","","","","","","","","","","","","","","","","","","","","","","","","","","","","","","","","","","","","","0.034","42","0.00","0","","14.70",""
"FE2099V","FE2099","ｷｶｶﾞｸｶﾞﾗ ﾈｰﾑ　竹","","","","62","","0","M","","0","","","","","437","","","0","1","0","0","0","0","0","1","1","0","0","2","0","2","0","0","2","037","2","","2026","000","2026","","128","","","","","","","","","","","","2","","30","20260417","610","","","","2489","1590","","","","","","","","","","","","","","","","","","","","","","","","","","","","","","","","","","","","","","","","","","","","","","","","","","","","","","","","","","","","","","","","","","","0.034","42","0.00","0","","14.70",""
"FE2099V","FE2099","ｷｶｶﾞｸｶﾞﾗ ﾈｰﾑ　竹","","","","62","","0","L","","0","","","","","437","","","0","1","0","0","0","0","0","1","1","0","0","2","0","2","0","0","2","037","2","","2026","000","2026","","128","","","","","","","","","","","","2","","30","20260417","610","","","","2489","1590","","","","","","","","","","","","","","","","","","","","","","","","","","","","","","","","","","","","","","","","","","","","","","","","","","","","","","","","","","","","","","","","","","","0.034","42","0.00","0","","14.70",""
"FE2100V","FE2100","SKﾓﾝﾁｯﾁﾁｬﾀｹOR","","","","73","","0","M","","0","","","","","437","","","0","1","0","0","0","0","0","1","1","0","0","2","0","2","0","0","2","037","2","","2026","144","2026","","012","","","","","","","","","","","","2","","30","20260417","0","","","","0","890","","","","","","","","","","","","","","","","","","","","","","","","","","","","","","","","","","","","","","","","","","","","","","","","","","","","","","","","","","","","","","","","","","","0.034","42","44.50","0","","0.00",""
"FE2101V","FE2101","SKﾓﾝﾁｯﾁﾁｬﾀｹB","","","","30","","0","M","","0","","","","","437","","","0","1","0","0","0","0","0","1","1","0","0","2","0","2","0","0","2","037","2","","2026","144","2026","","012","","","","","","","","","","","","2","","30","20260417","0","","","","0","890","","","","","","","","","","","","","","","","","","","","","","","","","","","","","","","","","","","","","","","","","","","","","","","","","","","","","","","","","","","","","","","","","","","0.034","42","44.50","0","","0.00",""
"FE2102F","FE2102","DSｽﾞｰﾄﾋﾟｱｱｯﾌﾟﾄｩ","","","","11","","0","M","","0","","","","","411","","","0","1","0","0","0","0","0","1","1","0","0","2","0","2","0","0","2","037","2","","2026","005","2026","","122","","","","","","","","","","","","2","","30","20260417","0","","","","0","1290","","","","","","","","","","","","","","","","","","","","","","","","","","","","","","","","","","","","","","","","","","","","","","","","","","","","","","","","","","","","","","","","","","","0.034","42","135.45","0","","0.00",""
"FE2103V","FE2103","SKﾓﾝﾁｯﾁﾁｬﾀｹY","","","","70","","0","M","","0","","","","","437","","","0","1","0","0","0","0","0","1","1","0","0","2","0","2","0","0","2","037","2","","2026","144","2026","","327","","","","","","","","","","","","2","","30","20260417","0","","","","0","890","","","","","","","","","","","","","","","","","","","","","","","","","","","","","","","","","","","","","","","","","","","","","","","","","","","","","","","","","","","","","","","","","","","0.034","42","44.50","0","","0.00",""
"FE2104V","FE2104","SKﾁﾑﾀﾝﾁｬﾀｹP","","","","11","","0","M","","0","","","","","437","","","0","1","0","0","0","0","0","1","1","0","0","2","0","2","0","0","2","037","2","","2026","144","2026","","327","","","","","","","","","","","","2","","30","20260417","0","","","","0","890","","","","","","","","","","","","","","","","","","","","","","","","","","","","","","","","","","","","","","","","","","","","","","","","","","","","","","","","","","","","","","","","","","","0.034","42","44.50","0","","0.00",""
"FE2105W","FE2105","SR ｷﾃｨﾊﾟｲﾙｺﾝﾌｫｰﾄ","","","","11","","0","M","","0","","","","","105","","","0","1","0","0","0","0","0","1","1","0","0","2","0","2","0","0","2","037","2","","2026","049","2026","","116","","","","","","","","","","","","2","","30","20260417","550","","","","2497","890","","","","","","","","","","","","","","","","","","","","","","","","","","","","","","","","","","","","","","","","","","","","","","","","","","","","","","","","","","","","","","","","","","","0.034","45","71.20","0","","14.30",""
"FE2106W","FE2106","SR ﾊﾝｷﾞｮﾄﾞﾝﾊﾟｲﾙｺﾝﾌｫｰﾄ","","","","30","","0","M","","0","","","","","105","","","0","1","0","0","0","0","0","1","1","0","0","2","0","2","0","0","2","037","2","","2026","133","2026","","116","","","","","","","","","","","","2","","30","20260417","550","","","","2497","890","","","","","","","","","","","","","","","","","","","","","","","","","","","","","","","","","","","","","","","","","","","","","","","","","","","","","","","","","","","","","","","","","","","0.034","45","71.20","0","","14.30",""
"FE2107W","FE2107","SR ﾎﾟﾁｬｯｺﾊﾟｲﾙｺﾝﾌｫｰﾄ","","","","20","","0","M","","0","","","","","105","","","0","1","0","0","0","0","0","1","1","0","0","2","0","2","0","0","2","037","2","","2026","080","2026","","327","","","","","","","","","","","","2","","30","20260417","550","","","","2497","890","","","","","","","","","","","","","","","","","","","","","","","","","","","","","","","","","","","","","","","","","","","","","","","","","","","","","","","","","","","","","","","","","","","0.034","45","71.20","0","","14.30",""
"FE2108W","FE2108","SR ﾎﾟﾑﾎﾟﾑﾌﾟﾘﾝﾊﾟｲﾙｺﾝﾌｫｰﾄ","","","","40","","0","M","","0","","","","","105","","","0","1","0","0","0","0","0","1","1","0","0","2","0","2","0","0","2","037","2","","2026","044","2026","","327","","","","","","","","","","","","2","","30","20260417","550","","","","2497","890","","","","","","","","","","","","","","","","","","","","","","","","","","","","","","","","","","","","","","","","","","","","","","","","","","","","","","","","","","","","","","","","","","","0.034","45","71.20","0","","14.30",""
"FE2109V","FE2109","SKﾓﾝﾁｯﾁﾁｬﾀｹP","","","","11","","0","M","","0","","","","","437","","","0","1","0","0","0","0","0","1","1","0","0","2","0","2","0","0","2","037","2","","2026","144","2026","","327","","","","","","","","","","","","2","","30","20260417","0","","","","0","890","","","","","","","","","","","","","","","","","","","","","","","","","","","","","","","","","","","","","","","","","","","","","","","","","","","","","","","","","","","","","","","","","","","0.034","42","44.50","0","","0.00",""
"FE2110F","FE2110","DS ｽﾃｨｯﾁｱｯﾌﾟﾄｩ","","","","30","","0","M","","0","","","","","411","","","0","1","0","0","0","0","0","1","1","0","0","2","0","2","0","0","2","037","2","","2026","005","2026","","133","","","","","","","","","","","","2","","30","20260417","0","","","","0","1290","","","","","","","","","","","","","","","","","","","","","","","","","","","","","","","","","","","","","","","","","","","","","","","","","","","","","","","","","","","","","","","","","","","0.034","42","135.45","0","","0.00",""
"FE2111V","FE2111","CR ﾋﾅﾌﾘﾙｺﾝﾌｫｰﾄ","","","","62","","0","00","","0","","","","","437","","","0","1","0","0","0","0","0","1","1","0","0","2","0","2","0","0","2","037","2","","2026","197","2026","","012","","","","","","","","","","","","2","","30","20260417","0","","","","0","990","","","","","","","","","","","","","","","","","","","","","","","","","","","","","","","","","","","","","","","","","","","","","","","","","","","","","","","","","","","","","","","","","","","0.08","42","24.75","0","","0.00",""
"FE2111V","FE2111","CR ﾋﾅﾌﾘﾙｺﾝﾌｫｰﾄ","","","","90","","0","00","","0","","","","","437","","","0","1","0","0","0","0","0","1","1","0","0","2","0","2","0","0","2","037","2","","2026","197","2026","","012","","","","","","","","","","","","2","","30","20260417","0","","","","0","990","","","","","","","","","","","","","","","","","","","","","","","","","","","","","","","","","","","","","","","","","","","","","","","","","","","","","","","","","","","","","","","","","","","0.08","42","24.75","0","","0.00",""
"FE2112V","FE2112","CR ﾋﾅﾘﾎﾞﾝｺﾝﾌｫｰﾄ","","","","11","","0","00","","0","","","","","437","","","0","1","0","0","0","0","0","1","1","0","0","2","0","2","0","0","2","037","2","","2026","197","2026","","012","","","","","","","","","","","","2","","30","20260417","0","","","","0","990","","","","","","","","","","","","","","","","","","","","","","","","","","","","","","","","","","","","","","","","","","","","","","","","","","","","","","","","","","","","","","","","","","","0.08","42","24.75","0","","0.00",""
"FE2112V","FE2112","CR ﾋﾅﾘﾎﾞﾝｺﾝﾌｫｰﾄ","","","","90","","0","00","","0","","","","","437","","","0","1","0","0","0","0","0","1","1","0","0","2","0","2","0","0","2","037","2","","2026","197","2026","","012","","","","","","","","","","","","2","","30","20260417","0","","","","0","990","","","","","","","","","","","","","","","","","","","","","","","","","","","","","","","","","","","","","","","","","","","","","","","","","","","","","","","","","","","","","","","","","","","0.08","42","24.75","0","","0.00",""
"FE2113V","FE2113","SKﾓﾝﾁｯﾁﾁｬﾀｹﾁｪｯｸR","","","","10","","0","M","","0","","","","","437","","","0","1","0","0","0","0","0","1","1","0","0","2","0","2","0","0","2","037","2","","2026","144","2026","","122","","","","","","","","","","","","2","","30","20260417","0","","","","0","890","","","","","","","","","","","","","","","","","","","","","","","","","","","","","","","","","","","","","","","","","","","","","","","","","","","","","","","","","","","","","","","","","","","0.034","42","44.50","0","","0.00",""
"FE2114V","FE2114","SKﾓﾝﾁｯﾁﾁｬﾀｹﾁｪｯｸLB","","","","31","","0","M","","0","","","","","437","","","0","1","0","0","0","0","0","1","1","0","0","2","0","2","0","0","2","037","2","","2026","144","2026","","122","","","","","","","","","","","","2","","30","20260417","0","","","","0","890","","","","","","","","","","","","","","","","","","","","","","","","","","","","","","","","","","","","","","","","","","","","","","","","","","","","","","","","","","","","","","","","","","","0.034","42","44.50","0","","0.00",""
"FE2115V","FE2115","SRﾊﾛｰｷﾃｨﾋｮｳ","","","","62","","0","M","","0","","","","","437","","","0","1","0","0","0","0","0","1","1","0","0","2","0","2","0","0","2","037","2","","2026","049","2026","","116","","","","","","","","","","","","2","","30","20260417","0","","","","0","890","","","","","","","","","","","","","","","","","","","","","","","","","","","","","","","","","","","","","","","","","","","","","","","","","","","","","","","","","","","","","","","","","","","0.034","42","71.20","0","","0.00",""
"FE2116V","FE2116","SRｸﾛﾐﾋｮｳ","","","","80","","0","M","","0","","","","","437","","","0","1","0","0","0","0","0","1","1","0","0","2","0","2","0","0","2","037","2","","2026","126","2026","","116","","","","","","","","","","","","2","","30","20260417","0","","","","0","890","","","","","","","","","","","","","","","","","","","","","","","","","","","","","","","","","","","","","","","","","","","","","","","","","","","","","","","","","","","","","","","","","","","0.034","42","71.20","0","","0.00",""
"FE2117V","FE2117","SRﾊﾛｰｷﾃｨﾋｮｳP","","","","11","","0","M","","0","","","","","437","","","0","1","0","0","0","0","0","1","1","0","0","2","0","2","0","0","2","037","2","","2026","049","2026","","116","","","","","","","","","","","","2","","30","20260417","0","","","","0","890","","","","","","","","","","","","","","","","","","","","","","","","","","","","","","","","","","","","","","","","","","","","","","","","","","","","","","","","","","","","","","","","","","","0.034","42","71.20","0","","0.00",""
"FE2118V","FE2118","SRｸﾛﾐﾋｮｳPU","","","","50","","0","M","","0","","","","","437","","","0","1","0","0","0","0","0","1","1","0","0","2","0","2","0","0","2","037","2","","2026","126","2026","","116","","","","","","","","","","","","2","","30","20260417","0","","","","0","890","","","","","","","","","","","","","","","","","","","","","","","","","","","","","","","","","","","","","","","","","","","","","","","","","","","","","","","","","","","","","","","","","","","0.034","42","71.20","0","","0.00",""
"FE2119V","FE2119","SRﾋﾔｹﾎﾟﾁｬｯｺ","","","","20","","0","M","","0","","","","","437","","","0","1","0","0","0","0","0","1","1","0","0","2","0","2","0","0","2","037","2","","2026","080","2026","","012","","","","","","","","","","","","2","","30","20260417","0","","","","0","890","","","","","","","","","","","","","","","","","","","","","","","","","","","","","","","","","","","","","","","","","","","","","","","","","","","","","","","","","","","","","","","","","","","0.034","42","71.20","0","","0.00",""
"FE2120V","FE2120","SRﾋﾔｹｳｻﾊﾅ","","","","30","","0","M","","0","","","","","437","","","0","1","0","0","0","0","0","1","1","0","0","2","0","2","0","0","2","037","2","","2026","219","2026","","012","","","","","","","","","","","","2","","30","20260417","0","","","","0","890","","","","","","","","","","","","","","","","","","","","","","","","","","","","","","","","","","","","","","","","","","","","","","","","","","","","","","","","","","","","","","","","","","","0.034","42","71.20","0","","0.00",""
"FE2121V","FE2121","SRﾋﾔｹｷﾃｨﾀｹ","","","","11","","0","M","","0","","","","","437","","","0","1","0","0","0","0","0","1","1","0","0","2","0","2","0","0","2","037","2","","2026","049","2026","","327","","","","","","","","","","","","2","","30","20260417","0","","","","0","890","","","","","","","","","","","","","","","","","","","","","","","","","","","","","","","","","","","","","","","","","","","","","","","","","","","","","","","","","","","","","","","","","","","0.034","42","71.20","0","","0.00",""
"FE2122V","FE2122","SRｸﾛﾐﾀｹ","","","","32","","0","M","","0","","","","","437","","","0","1","0","0","0","0","0","1","1","0","0","2","0","2","0","0","2","037","2","","2026","126","2026","","327","","","","","","","","","","","","2","","30","20260417","0","","","","0","890","","","","","","","","","","","","","","","","","","","","","","","","","","","","","","","","","","","","","","","","","","","","","","","","","","","","","","","","","","","","","","","","","","","0.034","42","71.20","0","","0.00",""
"FE2123V","FE2123","SR ﾋﾔｹｷﾃｨ","","","","11","","0","M","","0","","","","","437","","","0","1","0","0","0","0","0","1","1","0","0","2","0","2","0","0","2","037","2","","2026","049","2026","","133","","","","","","","","","","","","2","","30","20260417","0","","","","0","890","","","","","","","","","","","","","","","","","","","","","","","","","","","","","","","","","","","","","","","","","","","","","","","","","","","","","","","","","","","","","","","","","","","0.034","42","0.00","0","","0.00",""
"FE2124V","FE2124","SR ﾋﾔｹｸﾛﾐ","","","","50","","0","M","","0","","","","","437","","","0","1","0","0","0","0","0","1","1","0","0","2","0","2","0","0","2","037","2","","2026","126","2026","","133","","","","","","","","","","","","2","","30","20260417","0","","","","0","890","","","","","","","","","","","","","","","","","","","","","","","","","","","","","","","","","","","","","","","","","","","","","","","","","","","","","","","","","","","","","","","","","","","0.034","42","0.00","0","","0.00",""
"FE2523W","FE2523","ﾚｲｶﾝﾑｼﾞ","","","","32","","0","L","","0","","","","","105","","","0","1","0","0","0","0","0","1","1","0","0","2","0","2","0","0","2","038","2","","2026","000","2026","","128","","","","","","","","","","","","2","","30","20260417","0","","","","2276","0","","","","","","","","","","","","","","","","","","","","","","","","","","","","","","","","","","","","","","","","","","","","","","","","","","","","","","","","","","","","","","","","","","","0.034","45","0.00","0","","13.40",""
"FE2524W","FE2524","ﾑｼﾞﾀｹ","","","","90","","0","L","","0","","","","","105","","","0","1","0","0","0","0","0","1","1","0","0","2","0","2","0","0","2","038","2","","2026","000","2026","","128","","","","","","","","","","","","2","","30","20260417","0","","","","2226","0","","","","","","","","","","","","","","","","","","","","","","","","","","","","","","","","","","","","","","","","","","","","","","","","","","","","","","","","","","","","","","","","","","","0.034","45","0.00","0","","13.10",""
"FE2525W","FE2525","ｽﾄﾗｲﾌﾟ　ﾀｹ","","","","32","","0","L","","0","","","","","105","","","0","1","0","0","0","0","0","1","1","0","0","2","0","2","0","0","2","038","2","","2026","000","2026","","128","","","","","","","","","","","","2","","30","20260417","0","","","","2193","0","","","","","","","","","","","","","","","","","","","","","","","","","","","","","","","","","","","","","","","","","","","","","","","","","","","","","","","","","","","","","","","","","","","0.034","45","0.00","0","","12.90",""
"FE2526W","FE2526","ﾑｼﾞ　ﾀﾀﾐ","","","","30","","0","L","","0","","","","","105","","","0","1","0","0","0","0","0","1","1","0","0","2","0","2","0","0","2","038","2","","2026","000","2026","","128","","","","","","","","","","","","2","","30","20260417","0","","","","2193","0","","","","","","","","","","","","","","","","","","","","","","","","","","","","","","","","","","","","","","","","","","","","","","","","","","","","","","","","","","","","","","","","","","","0.034","45","0.00","0","","12.90",""
"FE2527W","FE2527","ｻｼｺ　ﾀﾀﾐ","","","","32","","0","L","","0","","","","","105","","","0","1","0","0","0","0","0","1","1","0","0","2","0","2","0","0","2","038","2","","2026","000","2026","","128","","","","","","","","","","","","2","","30","20260417","0","","","","2159","0","","","","","","","","","","","","","","","","","","","","","","","","","","","","","","","","","","","","","","","","","","","","","","","","","","","","","","","","","","","","","","","","","","","0.034","45","0.00","0","","12.70",""
"FE2528V","FE2528","ﾑｼﾞ　ｱｻｺﾝﾊﾟｲﾙ","","","","32","","0","L","","0","","","","","437","","","0","1","0","0","0","0","0","1","1","0","0","2","0","2","0","0","2","038","2","","2026","000","2026","","128","","","","","","","","","","","","2","","30","20260417","0","","","","2589","0","","","","","","","","","","","","","","","","","","","","","","","","","","","","","","","","","","","","","","","","","","","","","","","","","","","","","","","","","","","","","","","","","","","0.034","42","0.00","0","","15.30",""
"FE2528V","FE2528","ﾑｼﾞ　ｱｻｺﾝﾊﾟｲﾙ","","","","42","","0","L","","0","","","","","437","","","0","1","0","0","0","0","0","1","1","0","0","2","0","2","0","0","2","038","2","","2026","000","2026","","128","","","","","","","","","","","","2","","30","20260417","0","","","","2589","0","","","","","","","","","","","","","","","","","","","","","","","","","","","","","","","","","","","","","","","","","","","","","","","","","","","","","","","","","","","","","","","","","","","0.034","42","0.00","0","","15.30",""
"FE2528W","FE2528","ﾑｼﾞ　ｱｻｺﾝﾊﾟｲﾙ","","","","32","","0","L","","0","","","","","105","","","0","1","0","0","0","0","0","1","1","0","0","2","0","2","0","0","2","038","2","","2026","000","2026","","128","","","","","","","","","","","","2","","30","20260417","0","","","","0","0","","","","","","","","","","","","","","","","","","","","","","","","","","","","","","","","","","","","","","","","","","","","","","","","","","","","","","","","","","","","","","","","","","","0.034","45","0.00","0","","0.00",""
"FE2528W","FE2528","ﾑｼﾞ　ｱｻｺﾝﾊﾟｲﾙ","","","","42","","0","L","","0","","","","","105","","","0","1","0","0","0","0","0","1","1","0","0","2","0","2","0","0","2","038","2","","2026","000","2026","","128","","","","","","","","","","","","2","","30","20260417","0","","","","0","0","","","","","","","","","","","","","","","","","","","","","","","","","","","","","","","","","","","","","","","","","","","","","","","","","","","","","","","","","","","","","","","","","","","0.034","45","0.00","0","","0.00",""
"FE2529V","FE2529","4KDｺﾝﾌｫｾﾝﾍﾞｲｸﾏ","","","","82","","0","L","","0","","","","","437","","","0","1","0","0","0","0","0","1","1","0","0","2","0","2","0","0","2","038","2","","2026","000","2026","","133","","","","","","","","","","","","2","","30","20260417","0","","","","2256","690","","","","","","","","","","","","","","","","","","","","","","","","","","","","","","","","","","","","","","","","","","","","","","","","","","","","","","","","","","","","","","","","","","","0.034","42","0.00","0","","13.30",""
"FE2530V","FE2530","4KDｺﾝﾌｫｶﾚｰﾄﾗ","","","","32","","0","L","","0","","","","","437","","","0","1","0","0","0","0","0","1","1","0","0","2","0","2","0","0","2","038","2","","2026","000","2026","","133","","","","","","","","","","","","2","","30","20260417","0","","","","2373","690","","","","","","","","","","","","","","","","","","","","","","","","","","","","","","","","","","","","","","","","","","","","","","","","","","","","","","","","","","","","","","","","","","","0.034","42","0.00","0","","14.00",""
"FE2531V","FE2531","KE ﾍﾞﾃｨｺﾝﾌｫｰﾄ","","","","90","","0","L","","0","","","","","437","","","0","1","0","0","0","0","0","1","1","0","0","2","0","2","0","0","2","038","2","","2026","101","2026","","116","","","","","","","","","","","","2","","30","20260417","0","","","","3450","0","","","","","","","","","","","","","","","","","","","","","","","","","","","","","","","","","","","","","","","","","","","","","","","","","","","","","","","","","","","","","","","","","","","0.08","42","0.00","0","","19.60",""
"FE2532V","FE2532","KE ﾍﾞﾃｨｺﾝﾌｫｰﾄ","","","","10","","0","L","","0","","","","","437","","","0","1","0","0","0","0","0","1","1","0","0","2","0","2","0","0","2","038","2","","2026","101","2026","","116","","","","","","","","","","","","2","","30","20260417","0","","","","3450","0","","","","","","","","","","","","","","","","","","","","","","","","","","","","","","","","","","","","","","","","","","","","","","","","","","","","","","","","","","","","","","","","","","","0.08","42","0.00","0","","19.60",""
"FE2533V","FE2533","ﾃﾝﾈﾝﾀﾀﾐｼｮｳﾁｭｳ","","","","32","","0","L","","0","","","","","437","","","0","1","0","0","0","0","0","1","1","0","0","2","0","2","0","0","2","038","2","","2026","000","2026","","116","","","","","","","","","","","","2","","30","20260417","0","","","","2381","690","","","","","","","","","","","","","","","","","","","","","","","","","","","","","","","","","","","","","","","","","","","","","","","","","","","","","","","","","","","","","","","","","","","0.034","42","0.00","0","","14.05",""
"FE2534V","FE2534","ﾃﾝﾈﾝｱﾎﾞｶﾄﾞﾀｹ","","","","90","","0","L","","0","","","","","437","","","0","1","0","0","0","0","0","1","1","0","0","2","0","2","0","0","2","038","2","","2026","000","2026","","012","","","","","","","","","","","","2","","30","20260417","0","","","","2339","690","","","","","","","","","","","","","","","","","","","","","","","","","","","","","","","","","","","","","","","","","","","","","","","","","","","","","","","","","","","","","","","","","","","0.034","42","0.00","0","","13.80",""
"FE2535V","FE2535","4KDｺﾝﾌｫﾀﾏｺﾞｼﾛｲﾙｶ","","","","30","","0","L","","0","","","","","437","","","0","1","0","0","0","0","0","1","1","0","0","2","0","2","0","0","2","038","2","","2026","000","2026","","116","","","","","","","","","","","","2","","30","20260417","0","","","","0","690","","","","","","","","","","","","","","","","","","","","","","","","","","","","","","","","","","","","","","","","","","","","","","","","","","","","","","","","","","","","","","","","","","","0.034","42","0.00","0","","0.00",""
"FE2536V","FE2536","4KDｺﾝﾌｫｸﾏｵﾘﾈｰﾑ","","","","40","","0","L","","0","","","","","437","","","0","1","0","0","0","0","0","1","1","0","0","2","0","2","0","0","2","038","2","","2026","000","2026","","116","","","","","","","","","","","","2","","30","20260417","0","","","","0","690","","","","","","","","","","","","","","","","","","","","","","","","","","","","","","","","","","","","","","","","","","","","","","","","","","","","","","","","","","","","","","","","","","","0.034","42","0.00","0","","0.00",""
"FE2536V","FE2536","4KDｺﾝﾌｫｸﾏｵﾘﾈｰﾑ","","","","82","","0","L","","0","","","","","437","","","0","1","0","0","0","0","0","1","1","0","0","2","0","2","0","0","2","038","2","","2026","000","2026","","116","","","","","","","","","","","","2","","30","20260417","0","","","","0","690","","","","","","","","","","","","","","","","","","","","","","","","","","","","","","","","","","","","","","","","","","","","","","","","","","","","","","","","","","","","","","","","","","","0.034","42","0.00","0","","0.00",""
"FE2537V","FE2537","ﾃﾝﾈﾝﾀｹﾁｬﾂﾞｹﾋﾔﾔｯｺ","","","","80","","0","L","","0","","","","","437","","","0","1","0","0","0","0","0","1","1","0","0","2","0","2","0","0","2","038","2","","2026","000","2026","","116","","","","","","","","","","","","2","","30","20260417","0","","","","0","690","","","","","","","","","","","","","","","","","","","","","","","","","","","","","","","","","","","","","","","","","","","","","","","","","","","","","","","","","","","","","","","","","","","0.034","42","0.00","0","","0.00",""
"FE2538W","FE2538","ﾃﾝﾈﾝﾀﾀﾐｼﾊﾞｲﾇﾈｰﾑ","","","","20","","0","L","","0","","","","","105","","","0","1","0","0","0","0","0","1","1","0","0","2","0","2","0","0","2","038","2","","2026","000","2026","","122","","","","","","","","","","","","2","","30","20260417","0","","","","0","690","","","","","","","","","","","","","","","","","","","","","","","","","","","","","","","","","","","","","","","","","","","","","","","","","","","","","","","","","","","","","","","","","","","0.034","45","0.00","0","","0.00",""
"FE2539W","FE2539","ﾃﾝﾈﾝﾀｹｾﾞｲﾀｸﾌﾄﾏｷ","","","","80","","0","L","","0","","","","","105","","","0","1","0","0","0","0","0","1","1","0","0","2","0","2","0","0","2","038","2","","2026","000","2026","","116","","","","","","","","","","","","2","","30","20260417","0","","","","0","690","","","","","","","","","","","","","","","","","","","","","","","","","","","","","","","","","","","","","","","","","","","","","","","","","","","","","","","","","","","","","","","","","","","0.034","45","0.00","0","","0.00",""
"FE2540W","FE2540","ﾃﾝﾈﾝﾀｹﾈｺDB","","","","32","","0","L","","0","","","","","105","","","0","1","0","0","0","0","0","1","1","0","0","2","0","2","0","0","2","038","2","","2026","000","2026","","133","","","","","","","","","","","","2","","30","20260417","0","","","","0","690","","","","","","","","","","","","","","","","","","","","","","","","","","","","","","","","","","","","","","","","","","","","","","","","","","","","","","","","","","","","","","","","","","","0.034","45","0.00","0","","0.00",""
"FE2541F","FE2541","TT ﾆｬﾝｺｾﾝｾｲｻﾝｸﾞﾗｽ","","","","20","","0","L","","0","","","","","411","","","0","1","0","0","0","0","0","1","1","0","0","2","0","2","0","0","2","038","2","","2026","102","2026","","116","","","","","","","","","","","","2","","30","20260417","0","","","","3610","1800","","","","","","","","","","","","","","","","","","","","","","","","","","","","","","","","","","","","","","","","","","","","","","","","","","","","","","","","","","","","","","","","","","","0.08","42","90.00","0","","20.00",""
"FE2542F","FE2542","TT ﾆｬﾝｺｾﾝｾｲﾂﾎﾞ","","","","62","","0","L","","0","","","","","411","","","0","1","0","0","0","0","0","1","1","0","0","2","0","2","0","0","2","038","2","","2026","102","2026","","122","","","","","","","","","","","","2","","30","20260417","0","","","","3610","1800","","","","","","","","","","","","","","","","","","","","","","","","","","","","","","","","","","","","","","","","","","","","","","","","","","","","","","","","","","","","","","","","","","","0.08","42","90.00","0","","20.00",""
"FE2543L","FE2543","ｻﾗｯﾄﾌﾝﾜﾘｵﾘﾈｰﾑ","","","","80","","0","L","","0","","","","","213","","","0","1","0","0","0","0","0","1","1","0","0","2","0","2","0","0","2","038","2","","2026","000","2026","","012","","","","","","","","","","","","2","","30","20260417","550","","","","449","890","","","","","","","","","","","","","","","","","","","","","","","","","","","","","","","","","","","","","","","","","","","","","","","","","","","","","","","","","","","","","","","","","","","0","9","0.00","0","","2.73",""
"FE2543L","FE2543","ｻﾗｯﾄﾌﾝﾜﾘｵﾘﾈｰﾑ","","","","90","","0","L","","0","","","","","213","","","0","1","0","0","0","0","0","1","1","0","0","2","0","2","0","0","2","038","2","","2026","000","2026","","012","","","","","","","","","","","","2","","30","20260417","550","","","","449","890","","","","","","","","","","","","","","","","","","","","","","","","","","","","","","","","","","","","","","","","","","","","","","","","","","","","","","","","","","","","","","","","","","","0","9","0.00","0","","2.73",""
"FE2544V","FE2544","SRｷﾃｨﾒﾝｽﾞｺﾝﾌｫ","","","","90","","0","L","","0","","","","","437","","","0","1","0","0","0","0","0","1","1","0","0","2","0","2","0","0","2","038","2","","2026","049","2026","","012","","","","","","","","","","","","2","","30","20260417","528","","","","0","890","","","","","","","","","","","","","","","","","","","","","","","","","","","","","","","","","","","","","","","","","","","","","","","","","","","","","","","","","","","","","","","","","","","0.034","42","71.20","0","","0.00",""
"FE2545F","FE2545","SRﾅﾐﾉﾘｷﾃｨｺﾝﾌｫ","","","","80","","0","L","","0","","","","","411","","","0","1","0","0","0","0","0","1","1","0","0","2","0","2","0","0","2","038","2","","2026","049","2026","","012","","","","","","","","","","","","2","","30","20260417","0","","","","3924","1800","","","","","","","","","","","","","","","","","","","","","","","","","","","","","","","","","","","","","","","","","","","","","","","","","","","","","","","","","","","","","","","","","","","0.08","42","144.00","0","","21.50",""
"FE2546F","FE2546","SR ﾋﾔｹｷﾃｨｺﾝﾌｫBK","","","","90","","0","L","","0","","","","","411","","","0","1","0","0","0","0","0","1","1","0","0","2","0","2","0","0","2","038","2","","2026","049","2026","","133","","","","","","","","","","","","2","","30","20260417","0","","","","3924","1800","","","","","","","","","","","","","","","","","","","","","","","","","","","","","","","","","","","","","","","","","","","","","","","","","","","","","","","","","","","","","","","","","","","0.08","42","144.00","0","","21.50",""
"FE2547V","FE2547","SRﾊﾝｷﾞｮﾄﾞﾝﾒﾝｽﾞｺﾝﾌｫｰﾄ","","","","30","","0","L","","0","","","","","437","","","0","1","0","0","0","0","0","1","1","0","0","2","0","2","0","0","2","038","2","","2026","133","2026","","327","","","","","","","","","","","","2","","30","20260417","0","","","","3742","1800","","","","","","","","","","","","","","","","","","","","","","","","","","","","","","","","","","","","","","","","","","","","","","","","","","","","","","","","","","","","","","","","","","","0.08","42","144.00","0","","20.45",""
"FE2548V","FE2548","SRﾎﾟﾑﾎﾟﾑﾌﾟﾘﾝﾒｯｼｭDB","","","","32","","0","L","","0","","","","","437","","","0","1","0","0","0","0","0","1","1","0","0","2","0","2","0","0","2","038","2","","2026","044","2026","","122","","","","","","","","","","","","2","","30","20260417","0","","","","3724","1800","","","","","","","","","","","","","","","","","","","","","","","","","","","","","","","","","","","","","","","","","","","","","","","","","","","","","","","","","","","","","","","","","","","0.08","42","144.00","0","","20.35",""
"FE2549V","FE2549","SRﾎﾟﾑﾎﾟﾑﾌﾟﾘﾝﾒｯｼｭY","","","","70","","0","L","","0","","","","","437","","","0","1","0","0","0","0","0","1","1","0","0","2","0","2","0","0","2","038","2","","2026","044","2026","","122","","","","","","","","","","","","2","","30","20260417","0","","","","3724","1800","","","","","","","","","","","","","","","","","","","","","","","","","","","","","","","","","","","","","","","","","","","","","","","","","","","","","","","","","","","","","","","","","","","0.08","42","144.00","0","","20.35",""
"FE2550F","FE2550","DSｽﾃｨｯﾁｺﾝﾌｫDB","","","","32","","0","L","","0","","","","","411","","","0","1","0","0","0","0","0","1","1","0","0","2","0","2","0","0","2","038","2","","2026","005","2026","","327","","","","","","","","","","","","2","","30","20260417","0","","","","4393","1800","","","","","","","","","","","","","","","","","","","","","","","","","","","","","","","","","","","","","","","","","","","","","","","","","","","","","","","","","","","","","","","","","","","0.034","42","189.00","0","","25.00",""
"FE2551F","FE2551","DSｽﾃｨｯﾁｺﾝﾌｫLB","","","","31","","0","L","","0","","","","","411","","","0","1","0","0","0","0","0","1","1","0","0","2","0","2","0","0","2","038","2","","2026","005","2026","","327","","","","","","","","","","","","2","","30","20260417","0","","","","4393","1800","","","","","","","","","","","","","","","","","","","","","","","","","","","","","","","","","","","","","","","","","","","","","","","","","","","","","","","","","","","","","","","","","","","0.034","42","189.00","0","","25.00",""
"FE2552F","FE2552","DSﾄﾞﾅﾙﾄﾞﾀﾞｯｸｺﾝﾌｫｰﾄ","","","","30","","0","L","","0","","","","","411","","","0","1","0","0","0","0","0","1","1","0","0","2","0","2","0","0","2","038","2","","2026","005","2026","","012","","","","","","","","","","","","2","","30","20260417","0","","","","4230","1800","","","","","","","","","","","","","","","","","","","","","","","","","","","","","","","","","","","","","","","","","","","","","","","","","","","","","","","","","","","","","","","","","","","0.08","42","189.00","0","","23.00",""
"FE2553F","FE2553","DSﾘﾄﾙ・ｸﾞﾘｰﾝ・ﾒﾝ ｺﾝﾌｫ","","","","20","","0","L","","0","","","","","411","","","0","1","0","0","0","0","0","1","1","0","0","2","0","2","0","0","2","038","2","","2026","005","2026","","012","","","","","","","","","","","","2","","30","20260417","0","","","","4226","1800","","","","","","","","","","","","","","","","","","","","","","","","","","","","","","","","","","","","","","","","","","","","","","","","","","","","","","","","","","","","","","","","","","","0.034","42","189.00","0","","24.00",""
"FE2554F","FE2554","DSﾊﾑ ｺﾝﾌｫ","","","","30","","0","L","","0","","","","","411","","","0","1","0","0","0","0","0","1","1","0","0","2","0","2","0","0","2","038","2","","2026","005","2026","","012","","","","","","","","","","","","2","","30","20260417","0","","","","3993","1800","","","","","","","","","","","","","","","","","","","","","","","","","","","","","","","","","","","","","","","","","","","","","","","","","","","","","","","","","","","","","","","","","","","0.034","42","189.00","0","","22.60",""
"FE2555W","FE2555","マルチｽﾄﾗｲﾌﾟ　麻","","","","31","","0","L","","0","","","","","105","","","0","1","0","0","0","0","0","1","1","0","0","2","0","2","0","0","2","038","2","","2026","000","2026","","128","","","","","","","","","","","","2","","30","20260417","550","","","","2217","890","","","","","","","","","","","","","","","","","","","","","","","","","","","","","","","","","","","","","","","","","","","","","","","","","","","","","","","","","","","","","","","","","","","0.034","45","0.00","0","","13.05",""
"FE2555W","FE2555","マルチｽﾄﾗｲﾌﾟ　麻","","","","32","","0","L","","0","","","","","105","","","0","1","0","0","0","0","0","1","1","0","0","2","0","2","0","0","2","038","2","","2026","000","2026","","128","","","","","","","","","","","","2","","30","20260417","550","","","","2217","890","","","","","","","","","","","","","","","","","","","","","","","","","","","","","","","","","","","","","","","","","","","","","","","","","","","","","","","","","","","","","","","","","","","0.034","45","0.00","0","","13.05",""
"FE2556W","FE2556","市松　麻","","","","80","","0","LL","","0","","","","","105","","","0","1","0","0","0","0","0","1","1","0","0","2","0","2","0","0","2","038","2","","2026","000","2026","","128","","","","","","","","","","","","2","","30","20260417","550","","","","0","890","","","","","","","","","","","","","","","","","","","","","","","","","","","","","","","","","","","","","","","","","","","","","","","","","","","","","","","","","","","","","","","","","","","0.034","45","0.00","0","","0.00",""
"FE2557W","FE2557","ｽｼ刺繍　麻","","","","22","","0","L","","0","","","","","105","","","0","1","0","0","0","0","0","1","1","0","0","2","0","2","0","0","2","038","2","","2026","000","2026","","128","","","","","","","","","","","","2","","30","20260417","550","","","","2217","890","","","","","","","","","","","","","","","","","","","","","","","","","","","","","","","","","","","","","","","","","","","","","","","","","","","","","","","","","","","","","","","","","","","0.034","45","0.00","0","","13.05",""
"FE2558W","FE2558","サケ刺繍　麻","","","","90","","0","LL","","0","","","","","105","","","0","1","0","0","0","0","0","1","1","0","0","2","0","2","0","0","2","038","2","","2026","000","2026","","128","","","","","","","","","","","","2","","30","20260417","550","","","","2217","890","","","","","","","","","","","","","","","","","","","","","","","","","","","","","","","","","","","","","","","","","","","","","","","","","","","","","","","","","","","","","","","","","","","0.034","45","0.00","0","","13.05",""
"FE3006V","FE3006","ﾎﾞﾘｭｰﾑﾌｧｰ前開ｺﾝﾌｫ","","","","11","","0","M","","0","","","","","437","","","0","1","0","0","0","0","0","1","1","0","0","2","0","2","0","0","2","037","3","","2026","000","2026","","130","","","","","","","","","","","","2","","30","20260417","0","","","","3511","0","","","","","","","","","","","","","","","","","","","","","","","","","","","","","","","","","","","","","","","","","","","","","","","","","","","","","","","","","","","","","","","","","","","0.08","42","0.00","0","","19.95",""
"FE3006V","FE3006","ﾎﾞﾘｭｰﾑﾌｧｰ前開ｺﾝﾌｫ","","","","80","","0","M","","0","","","","","437","","","0","1","0","0","0","0","0","1","1","0","0","2","0","2","0","0","2","037","3","","2026","000","2026","","130","","","","","","","","","","","","2","","30","20260417","0","","","","3511","0","","","","","","","","","","","","","","","","","","","","","","","","","","","","","","","","","","","","","","","","","","","","","","","","","","","","","","","","","","","","","","","","","","","0.08","42","0.00","0","","19.95",""
"FE3006V","FE3006","ﾎﾞﾘｭｰﾑﾌｧｰ前開ｺﾝﾌｫ","","","","90","","0","M","","0","","","","","437","","","0","1","0","0","0","0","0","1","1","0","0","2","0","2","0","0","2","037","3","","2026","000","2026","","130","","","","","","","","","","","","2","","30","20260417","0","","","","3511","0","","","","","","","","","","","","","","","","","","","","","","","","","","","","","","","","","","","","","","","","","","","","","","","","","","","","","","","","","","","","","","","","","","","0.08","42","0.00","0","","19.95",""
"FE3007V","FE3007","ﾎﾞﾘｭｰﾑﾌｧｰｸﾛｽﾋｮｳGR","","","","80","","0","M","","0","","","","","437","","","0","1","0","0","0","0","0","1","1","0","0","2","0","2","0","0","2","037","3","","2026","000","2026","","130","","","","","","","","","","","","2","","30","20260417","0","","","","3380","0","","","","","","","","","","","","","","","","","","","","","","","","","","","","","","","","","","","","","","","","","","","","","","","","","","","","","","","","","","","","","","","","","","","0.08","42","0.00","0","","19.20",""
"FE3008V","FE3008","ﾎﾞﾘｭｰﾑﾌｧｰｸﾛｽﾋｮｳP","","","","11","","0","M","","0","","","","","437","","","0","1","0","0","0","0","0","1","1","0","0","2","0","2","0","0","2","037","3","","2026","000","2026","","130","","","","","","","","","","","","2","","30","20260417","0","","","","3137","0","","","","","","","","","","","","","","","","","","","","","","","","","","","","","","","","","","","","","","","","","","","","","","","","","","","","","","","","","","","","","","","","","","","0.08","42","0.00","0","","17.80",""
"FE3009V","FE3009","ﾀﾞﾌﾞﾙｸﾛｽﾊﾞﾝﾄﾞﾑｼﾞ","","","","11","","0","M","","0","","","","","437","","","0","1","0","0","0","0","0","1","1","0","0","2","0","2","0","0","2","037","3","","2026","000","2026","","122","","","","","","","","","","","","2","","30","20260417","0","","","","0","1800","","","","","","","","","","","","","","","","","","","","","","","","","","","","","","","","","","","","","","","","","","","","","","","","","","","","","","","","","","","","","","","","","","","0.08","42","0.00","0","","0.00",""
"FE3009V","FE3009","ﾀﾞﾌﾞﾙｸﾛｽﾊﾞﾝﾄﾞﾑｼﾞ","","","","80","","0","M","","0","","","","","437","","","0","1","0","0","0","0","0","1","1","0","0","2","0","2","0","0","2","037","3","","2026","000","2026","","122","","","","","","","","","","","","2","","30","20260417","0","","","","0","1800","","","","","","","","","","","","","","","","","","","","","","","","","","","","","","","","","","","","","","","","","","","","","","","","","","","","","","","","","","","","","","","","","","","0.08","42","0.00","0","","0.00",""
"FE3009V","FE3009","ﾀﾞﾌﾞﾙｸﾛｽﾊﾞﾝﾄﾞﾑｼﾞ","","","","90","","0","M","","0","","","","","437","","","0","1","0","0","0","0","0","1","1","0","0","2","0","2","0","0","2","037","3","","2026","000","2026","","122","","","","","","","","","","","","2","","30","20260417","0","","","","0","1800","","","","","","","","","","","","","","","","","","","","","","","","","","","","","","","","","","","","","","","","","","","","","","","","","","","","","","","","","","","","","","","","","","","0.08","42","0.00","0","","0.00",""
"FE3010V","FE3010","ﾀﾞﾌﾞﾙｸﾛｽﾊﾞﾝﾄﾞｼﾛﾋｮｳ","","","","60","","0","M","","0","","","","","437","","","0","1","0","0","0","0","0","1","1","0","0","2","0","2","0","0","2","037","3","","2026","000","2026","","122","","","","","","","","","","","","2","","30","20260417","0","","","","0","1800","","","","","","","","","","","","","","","","","","","","","","","","","","","","","","","","","","","","","","","","","","","","","","","","","","","","","","","","","","","","","","","","","","","0.08","42","0.00","0","","0.00",""
"FE3011V","FE3011","ﾀﾞﾌﾞﾙｸﾛｽﾊﾞﾝﾄﾞﾁｬﾋｮｳ","","","","62","","0","M","","0","","","","","437","","","0","1","0","0","0","0","0","1","1","0","0","2","0","2","0","0","2","037","3","","2026","000","2026","","122","","","","","","","","","","","","2","","30","20260417","0","","","","0","1800","","","","","","","","","","","","","","","","","","","","","","","","","","","","","","","","","","","","","","","","","","","","","","","","","","","","","","","","","","","","","","","","","","","0.08","42","0.00","0","","0.00",""
"FE3012V","FE3012","ﾁｪｯｸﾘﾎﾞﾝｺﾝﾌｫ","","","","11","","0","M","","0","","","","","437","","","0","1","0","0","0","0","0","1","1","0","0","2","0","2","0","0","2","037","3","","2026","000","2026","","133","","","","","","","","","","","","2","","30","20260417","0","","","","0","1500","","","","","","","","","","","","","","","","","","","","","","","","","","","","","","","","","","","","","","","","","","","","","","","","","","","","","","","","","","","","","","","","","","","0.08","42","0.00","0","","0.00",""
"FE3012V","FE3012","ﾁｪｯｸﾘﾎﾞﾝｺﾝﾌｫ","","","","90","","0","M","","0","","","","","437","","","0","1","0","0","0","0","0","1","1","0","0","2","0","2","0","0","2","037","3","","2026","000","2026","","133","","","","","","","","","","","","2","","30","20260417","0","","","","0","1500","","","","","","","","","","","","","","","","","","","","","","","","","","","","","","","","","","","","","","","","","","","","","","","","","","","","","","","","","","","","","","","","","","","0.08","42","0.00","0","","0.00",""
"FE3013F","FE3013","SR ｷﾃｨﾇｲﾎﾞｱ","","","","90","","0","M","","0","","","","","411","","","0","1","0","0","0","0","0","1","1","0","0","2","0","2","0","0","2","037","3","","2026","049","2026","","116","","","","","","","","","","","","2","","30","20260417","0","","","","0","2800","","","","","","","","","","","","","","","","","","","","","","","","","","","","","","","","","","","","","","","","","","","","","","","","","","","","","","","","","","","","","","","","","","","0.08","42","224.00","0","","0.00",""
"FH2084V","FH2084","SRﾎﾟﾑﾎﾟﾑﾌﾟﾘﾝﾊﾟﾝﾀﾛﾝBR","","","","40","","0","M","","0","","","","","437","","","0","1","0","0","0","0","0","1","1","0","0","2","0","2","0","0","2","040","2","","2026","044","2026","","122","","","","","","","","","","","","2","","30","20260417","0","","","","3170","1500","","","","","","","","","","","","","","","","","","","","","","","","","","","","","","","","","","","","","","","","","","","","","","","","","","","","","","","","","","","","","","","","","","","0.08","42","120.00","0","","17.30",""
"FH2085V","FH2085","SRﾎﾟﾑﾎﾟﾑﾌﾟﾘﾝﾊﾟﾝﾀﾛﾝOR","","","","73","","0","M","","0","","","","","437","","","0","1","0","0","0","0","0","1","1","0","0","2","0","2","0","0","2","040","2","","2026","044","2026","","116","","","","","","","","","","","","2","","30","20260417","0","","","","3135","1500","","","","","","","","","","","","","","","","","","","","","","","","","","","","","","","","","","","","","","","","","","","","","","","","","","","","","","","","","","","","","","","","","","","0.08","42","120.00","0","","17.10",""
"FH2086V","FH2086","ｶﾗｰﾀｹｵﾘﾈｰﾑﾊｲｶｯﾄ","","","","11","","0","S","","0","","","","","437","","","0","1","0","0","0","0","0","1","1","0","0","2","0","2","0","0","2","040","2","","2026","000","2026","","133","","","","","","","","","","","","2","","30","20260417","0","","","","0","0","","","","","","","","","","","","","","","","","","","","","","","","","","","","","","","","","","","","","","","","","","","","","","","","","","","","","","","","","","","","","","","","","","","0.08","42","0.00","0","","0.00",""
"FH2086V","FH2086","ｶﾗｰﾀｹｵﾘﾈｰﾑﾊｲｶｯﾄ","","","","11","","0","M","","0","","","","","437","","","0","1","0","0","0","0","0","1","1","0","0","2","0","2","0","0","2","040","2","","2026","000","2026","","133","","","","","","","","","","","","2","","30","20260417","0","","","","0","0","","","","","","","","","","","","","","","","","","","","","","","","","","","","","","","","","","","","","","","","","","","","","","","","","","","","","","","","","","","","","","","","","","","0.08","42","0.00","0","","0.00",""
"FH2086V","FH2086","ｶﾗｰﾀｹｵﾘﾈｰﾑﾊｲｶｯﾄ","","","","31","","0","S","","0","","","","","437","","","0","1","0","0","0","0","0","1","1","0","0","2","0","2","0","0","2","040","2","","2026","000","2026","","133","","","","","","","","","","","","2","","30","20260417","0","","","","0","0","","","","","","","","","","","","","","","","","","","","","","","","","","","","","","","","","","","","","","","","","","","","","","","","","","","","","","","","","","","","","","","","","","","0.08","42","0.00","0","","0.00",""
"FH2086V","FH2086","ｶﾗｰﾀｹｵﾘﾈｰﾑﾊｲｶｯﾄ","","","","31","","0","M","","0","","","","","437","","","0","1","0","0","0","0","0","1","1","0","0","2","0","2","0","0","2","040","2","","2026","000","2026","","133","","","","","","","","","","","","2","","30","20260417","0","","","","0","0","","","","","","","","","","","","","","","","","","","","","","","","","","","","","","","","","","","","","","","","","","","","","","","","","","","","","","","","","","","","","","","","","","","0.08","42","0.00","0","","0.00",""
"FH2087V","FH2087","SP mofusandﾊﾘﾈｽﾞﾐﾊｲｶｯﾄ","","","","11","","0","M","","0","","","","","437","","","0","1","0","0","0","0","0","1","1","0","0","2","0","2","0","0","2","040","2","","2026","165","2026","","116","","","","","","","","","","","","2","","30","20260417","0","","","","3286","1500","","","","","","","","","","","","","","","","","","","","","","","","","","","","","","","","","","","","","","","","","","","","","","","","","","","","","","","","","","","","","","","","","","","0.08","42","105.00","0","","18.05",""
"FH2088V","FH2088","SP mofusandﾘｽﾊｲｶｯﾄ","","","","32","","0","M","","0","","","","","437","","","0","1","0","0","0","0","0","1","1","0","0","2","0","2","0","0","2","040","2","","2026","165","2026","","116","","","","","","","","","","","","2","","30","20260417","0","","","","3251","1500","","","","","","","","","","","","","","","","","","","","","","","","","","","","","","","","","","","","","","","","","","","","","","","","","","","","","","","","","","","","","","","","","","","0.08","42","105.00","0","","17.85",""
"FH2089V","FH2089","KE ﾍﾞﾃｨﾌﾞｰﾌﾟ ﾀｹ","","","","90","","0","M","","0","","","","","437","","","0","1","0","0","0","0","0","1","1","0","0","2","0","2","0","0","2","040","2","","2026","101","2026","","012","","","","","","","","","","","","2","","30","20260417","0","","","","3201","1500","","","","","","","","","","","","","","","","","","","","","","","","","","","","","","","","","","","","","","","","","","","","","","","","","","","","","","","","","","","","","","","","","","","0.08","42","90.00","0","","17.65",""
"FH2090V","FH2090","ゼブラ柄メッシュパンタ","","","","90","","0","M","","0","","","","","437","","","0","1","0","0","0","0","0","1","1","0","0","2","0","2","0","0","2","040","2","","2026","000","2026","","130","","","","","","","","","","","","2","","30","20260417","0","","","","2963","1200","","","","","","","","","","","","","","","","","","","","","","","","","","","","","","","","","","","","","","","","","","","","","","","","","","","","","","","","","","","","","","","","","","","0.08","42","0.00","0","","16.80",""
"FH2091V","FH2091","ヒョウ柄メッシュパンタ","","","","11","","0","M","","0","","","","","437","","","0","1","0","0","0","0","0","1","1","0","0","2","0","2","0","0","2","040","2","","2026","000","2026","","130","","","","","","","","","","","","2","","30","20260417","0","","","","2963","1200","","","","","","","","","","","","","","","","","","","","","","","","","","","","","","","","","","","","","","","","","","","","","","","","","","","","","","","","","","","","","","","","","","","0.08","42","0.00","0","","16.80",""
"FH2092V","FH2092","SB ﾌﾞﾘﾌﾞﾘｻﾞｴﾓﾝﾒｯｼｭﾊﾟﾝﾀ","","","","50","","0","M","","0","","","","","437","","","0","1","0","0","0","0","0","1","1","0","0","2","0","2","0","0","2","040","2","","2026","131","2026","","133","","","","","","","","","","","","2","","30","20260417","0","","","","3383","1500","","","","","","","","","","","","","","","","","","","","","","","","","","","","","","","","","","","","","","","","","","","","","","","","","","","","","","","","","","","","","","","","","","","0.08","42","150.00","0","","18.35",""
"FH2093V","FH2093","SK ﾓﾝﾁｯﾁﾃﾝﾈﾝﾊﾟﾝﾀ","","","","10","","0","M","","0","","","","","437","","","0","1","0","0","0","0","0","1","1","0","0","2","0","2","0","0","2","040","2","","2026","144","2026","","133","","","","","","","","","","","","2","","30","20260417","0","","","","3151","1500","","","","","","","","","","","","","","","","","","","","","","","","","","","","","","","","","","","","","","","","","","","","","","","","","","","","","","","","","","","","","","","","","","","0.08","42","75.00","0","","17.45",""
"FH2094V","FH2094","SR ﾋﾔｹｷﾃｨﾋｮｳﾃﾝﾈﾝﾊﾟﾝﾀ","","","","40","","0","M","","0","","","","","437","","","0","1","0","0","0","0","0","1","1","0","0","2","0","2","0","0","2","040","2","","2026","049","2026","","116","","","","","","","","","","","","2","","30","20260417","0","","","","3276","1500","","","","","","","","","","","","","","","","","","","","","","","","","","","","","","","","","","","","","","","","","","","","","","","","","","","","","","","","","","","","","","","","","","","0.08","42","0.00","0","","18.60",""
"FH2095W","FH2095","ﾚｲｶﾝﾑｼﾞ","","","","11","","0","M","","0","","","","","105","","","0","1","0","0","0","0","0","1","1","0","0","2","0","2","0","0","2","040","2","","2026","000","2026","","128","","","","","","","","","","","","2","","30","20260417","0","","","","2109","0","","","","","","","","","","","","","","","","","","","","","","","","","","","","","","","","","","","","","","","","","","","","","","","","","","","","","","","","","","","","","","","","","","","0.034","45","0.00","0","","12.40",""
"FH2095W","FH2095","ﾚｲｶﾝﾑｼﾞ","","","","90","","0","M","","0","","","","","105","","","0","1","0","0","0","0","0","1","1","0","0","2","0","2","0","0","2","040","2","","2026","000","2026","","128","","","","","","","","","","","","2","","30","20260417","0","","","","2109","0","","","","","","","","","","","","","","","","","","","","","","","","","","","","","","","","","","","","","","","","","","","","","","","","","","","","","","","","","","","","","","","","","","","0.034","45","0.00","0","","12.40",""
"FH2096V","FH2096","ﾑｼﾞ　ｱｻｺﾝﾊﾟｲﾙ","","","","20","","0","M","","0","","","","","437","","","0","1","0","0","0","0","0","1","1","0","0","2","0","2","0","0","2","040","2","","2026","000","2026","","128","","","","","","","","","","","","2","","30","20260417","0","","","","2473","0","","","","","","","","","","","","","","","","","","","","","","","","","","","","","","","","","","","","","","","","","","","","","","","","","","","","","","","","","","","","","","","","","","","0.034","42","0.00","0","","14.60",""
"FH2096V","FH2096","ﾑｼﾞ　ｱｻｺﾝﾊﾟｲﾙ","","","","60","","0","M","","0","","","","","437","","","0","1","0","0","0","0","0","1","1","0","0","2","0","2","0","0","2","040","2","","2026","000","2026","","128","","","","","","","","","","","","2","","30","20260417","0","","","","2473","0","","","","","","","","","","","","","","","","","","","","","","","","","","","","","","","","","","","","","","","","","","","","","","","","","","","","","","","","","","","","","","","","","","","0.034","42","0.00","0","","14.60",""
"FH2096W","FH2096","ﾑｼﾞ　ｱｻｺﾝﾊﾟｲﾙ","","","","20","","0","M","","0","","","","","105","","","0","1","0","0","0","0","0","1","1","0","0","2","0","2","0","0","2","040","2","","2026","000","2026","","128","","","","","","","","","","","","2","","30","20260417","0","","","","0","0","","","","","","","","","","","","","","","","","","","","","","","","","","","","","","","","","","","","","","","","","","","","","","","","","","","","","","","","","","","","","","","","","","","0.034","45","0.00","0","","0.00",""
"FH2096W","FH2096","ﾑｼﾞ　ｱｻｺﾝﾊﾟｲﾙ","","","","60","","0","M","","0","","","","","105","","","0","1","0","0","0","0","0","1","1","0","0","2","0","2","0","0","2","040","2","","2026","000","2026","","128","","","","","","","","","","","","2","","30","20260417","0","","","","0","0","","","","","","","","","","","","","","","","","","","","","","","","","","","","","","","","","","","","","","","","","","","","","","","","","","","","","","","","","","","","","","","","","","","0.034","45","0.00","0","","0.00",""
"FH2097V","FH2097","ﾘﾎﾞﾝｺｳ　","","","","30","","0","M","","0","","","","","437","","","0","1","0","0","0","0","0","1","1","0","0","2","0","2","0","0","2","040","2","","2026","000","2026","","128","","","","","","","","","","","","2","","30","20260417","0","","","","2456","0","","","","","","","","","","","","","","","","","","","","","","","","","","","","","","","","","","","","","","","","","","","","","","","","","","","","","","","","","","","","","","","","","","","0.034","42","0.00","0","","14.50",""
"FH2097V","FH2097","ﾘﾎﾞﾝｺｳ　","","","","62","","0","M","","0","","","","","437","","","0","1","0","0","0","0","0","1","1","0","0","2","0","2","0","0","2","040","2","","2026","000","2026","","128","","","","","","","","","","","","2","","30","20260417","0","","","","2456","0","","","","","","","","","","","","","","","","","","","","","","","","","","","","","","","","","","","","","","","","","","","","","","","","","","","","","","","","","","","","","","","","","","","0.034","42","0.00","0","","14.50",""
"FH2098V","FH2098","ｲﾁﾏｲｺｳ　","","","","11","","0","M","","0","","","","","437","","","0","1","0","0","0","0","0","1","1","0","0","2","0","2","0","0","2","040","2","","2026","000","2026","","128","","","","","","","","","","","","2","","30","20260417","0","","","","2448","0","","","","","","","","","","","","","","","","","","","","","","","","","","","","","","","","","","","","","","","","","","","","","","","","","","","","","","","","","","","","","","","","","","","0.034","42","0.00","0","","14.45",""
"FH2098V","FH2098","ｲﾁﾏｲｺｳ　","","","","40","","0","M","","0","","","","","437","","","0","1","0","0","0","0","0","1","1","0","0","2","0","2","0","0","2","040","2","","2026","000","2026","","128","","","","","","","","","","","","2","","30","20260417","0","","","","2448","0","","","","","","","","","","","","","","","","","","","","","","","","","","","","","","","","","","","","","","","","","","","","","","","","","","","","","","","","","","","","","","","","","","","0.034","42","0.00","0","","14.45",""
"FH2099V","FH2099","SR ﾊﾞﾂﾏﾙﾊﾟﾝﾀﾛﾝ","","","","90","","0","M","","0","","","","","437","","","0","1","0","0","0","0","0","1","1","0","0","2","0","2","0","0","2","040","2","","2026","216","2026","","012","","","","","","","","","","","","2","","30","20260417","0","","","","3379","1500","","","","","","","","","","","","","","","","","","","","","","","","","","","","","","","","","","","","","","","","","","","","","","","","","","","","","","","","","","","","","","","","","","","0.08","42","120.00","0","","18.50",""
"FH2100V","FH2100","SR ﾊﾟﾃｨｼﾞﾐﾒｯｼｭﾊﾟﾝﾀ","","","","10","","0","M","","0","","","","","437","","","0","1","0","0","0","0","0","1","1","0","0","2","0","2","0","0","2","040","2","","2026","202","2026","","122","","","","","","","","","","","","2","","30","20260417","0","","","","3379","1500","","","","","","","","","","","","","","","","","","","","","","","","","","","","","","","","","","","","","","","","","","","","","","","","","","","","","","","","","","","","","","","","","","","0.08","42","120.00","0","","18.50",""
"FH2101V","FH2101","KOｵﾌﾞﾝｸﾞﾄｲｯｼｮﾒｯｼｭﾊﾟﾝﾀ","","","","20","","0","M","","0","","","","","437","","","0","1","0","0","0","0","0","1","1","0","0","2","0","2","0","0","2","040","2","","2026","217","2026","","122","","","","","","","","","","","","2","","30","20260417","0","","","","3349","1500","","","","","","","","","","","","","","","","","","","","","","","","","","","","","","","","","","","","","","","","","","","","","","","","","","","","","","","","","","","","","","","","","","","0.08","42","90.00","0","","18.50",""
"FH2102V","FH2102","SRﾊﾝｷﾞｮﾄﾞﾝ　ﾀｹ","","","","31","","0","M","","0","","","","","437","","","0","1","0","0","0","0","0","1","1","0","0","2","0","2","0","0","2","040","2","","2026","133","2026","","122","","","","","","","","","","","","2","","30","20260417","0","","","","3135","1500","","","","","","","","","","","","","","","","","","","","","","","","","","","","","","","","","","","","","","","","","","","","","","","","","","","","","","","","","","","","","","","","","","","0.08","42","120.00","0","","17.10",""
"FH2103V","FH2103","SR ｸﾛﾐﾒｯｼｭﾊﾟﾝﾀﾛﾝ","","","","50","","0","M","","0","","","","","437","","","0","1","0","0","0","0","0","1","1","0","0","2","0","2","0","0","2","040","2","","2026","126","2026","","133","","","","","","","","","","","","2","","30","20260417","0","","","","3344","1500","","","","","","","","","","","","","","","","","","","","","","","","","","","","","","","","","","","","","","","","","","","","","","","","","","","","","","","","","","","","","","","","","","","0.08","42","120.00","0","","18.30",""
"FH2104V","FH2104","BO ﾗｸﾞｱｳﾄﾘﾎﾞﾝﾊｲｶｯﾄ","","","","80","","0","M","","0","","","","","437","","","0","1","0","0","0","0","0","1","1","0","0","2","0","2","0","0","2","040","2","","2026","156","2026","","116","","","","","","","","","","","","2","","30","20260417","0","","","","3259","0","","","","","","","","","","","","","","","","","","","","","","","","","","","","","","","","","","","","","","","","","","","","","","","","","","","","","","","","","","","","","","","","","","","0.08","42","0.00","0","","18.50",""
"FH2105V","FH2105","SRﾊﾟﾃｨｱﾝﾄﾞｼﾞﾐ-　ﾀｹ","","","","61","","0","M","","0","","","","","437","","","0","1","0","0","0","0","0","1","1","0","0","2","0","2","0","0","2","040","2","","2026","202","2026","","122","","","","","","","","","","","","2","","30","20260417","0","","","","3153","1500","","","","","","","","","","","","","","","","","","","","","","","","","","","","","","","","","","","","","","","","","","","","","","","","","","","","","","","","","","","","","","","","","","","0.08","42","120.00","0","","17.20",""
"FH2106V","FH2106","SR ﾋﾔｹｷﾃｨｽｲｶﾒｯｼｭﾊﾟﾝﾀ","","","","11","","0","M","","0","","","","","437","","","0","1","0","0","0","0","0","1","1","0","0","2","0","2","0","0","2","040","2","","2026","049","2026","","116","","","","","","","","","","","","2","","30","20260417","0","","","","3379","1500","","","","","","","","","","","","","","","","","","","","","","","","","","","","","","","","","","","","","","","","","","","","","","","","","","","","","","","","","","","","","","","","","","","0.08","42","120.00","0","","18.50",""
"FH2106V","FH2106","SR ﾋﾔｹｷﾃｨｽｲｶﾒｯｼｭﾊﾟﾝﾀ","","","","62","","0","M","","0","","","","","437","","","0","1","0","0","0","0","0","1","1","0","0","2","0","2","0","0","2","040","2","","2026","049","2026","","116","","","","","","","","","","","","2","","30","20260417","0","","","","3379","1500","","","","","","","","","","","","","","","","","","","","","","","","","","","","","","","","","","","","","","","","","","","","","","","","","","","","","","","","","","","","","","","","","","","0.08","42","120.00","0","","18.50",""
"FH2107V","FH2107","BO ﾗｸﾞｱｳﾄﾈｼﾞﾘﾊｲｶｯﾄ","","","","80","","0","M","","0","","","","","437","","","0","1","0","0","0","0","0","1","1","0","0","2","0","2","0","0","2","040","2","","2026","156","2026","","122","","","","","","","","","","","","2","","30","20260417","0","","","","3415","1200","","","","","","","","","","","","","","","","","","","","","","","","","","","","","","","","","","","","","","","","","","","","","","","","","","","","","","","","","","","","","","","","","","","0.08","42","0.00","0","","19.40",""
"FH2107V","FH2107","BO ﾗｸﾞｱｳﾄﾈｼﾞﾘﾊｲｶｯﾄ","","","","90","","0","M","","0","","","","","437","","","0","1","0","0","0","0","0","1","1","0","0","2","0","2","0","0","2","040","2","","2026","156","2026","","122","","","","","","","","","","","","2","","30","20260417","0","","","","3415","1200","","","","","","","","","","","","","","","","","","","","","","","","","","","","","","","","","","","","","","","","","","","","","","","","","","","","","","","","","","","","","","","","","","","0.08","42","0.00","0","","19.40",""
"FH2108V","FH2108","BO ﾗｸﾞｱｳﾄﾘﾎﾞﾝﾂｷﾎﾞｱﾊﾟﾝﾀ","","","","11","","0","M","","0","","","","","437","","","0","1","0","0","0","0","0","1","1","0","0","2","0","2","0","0","2","040","2","","2026","156","2026","","133","","","","","","","","","","","","2","","30","20260417","0","","","","2972","1200","","","","","","","","","","","","","","","","","","","","","","","","","","","","","","","","","","","","","","","","","","","","","","","","","","","","","","","","","","","","","","","","","","","0.08","42","0.00","0","","16.85",""
"FH2108V","FH2108","BO ﾗｸﾞｱｳﾄﾘﾎﾞﾝﾂｷﾎﾞｱﾊﾟﾝﾀ","","","","60","","0","M","","0","","","","","437","","","0","1","0","0","0","0","0","1","1","0","0","2","0","2","0","0","2","040","2","","2026","156","2026","","133","","","","","","","","","","","","2","","30","20260417","0","","","","2972","1200","","","","","","","","","","","","","","","","","","","","","","","","","","","","","","","","","","","","","","","","","","","","","","","","","","","","","","","","","","","","","","","","","","","0.08","42","0.00","0","","16.85",""
"FH2108V","FH2108","BO ﾗｸﾞｱｳﾄﾘﾎﾞﾝﾂｷﾎﾞｱﾊﾟﾝﾀ","","","","80","","0","M","","0","","","","","437","","","0","1","0","0","0","0","0","1","1","0","0","2","0","2","0","0","2","040","2","","2026","156","2026","","133","","","","","","","","","","","","2","","30","20260417","0","","","","2972","1200","","","","","","","","","","","","","","","","","","","","","","","","","","","","","","","","","","","","","","","","","","","","","","","","","","","","","","","","","","","","","","","","","","","0.08","42","0.00","0","","16.85",""
"FH2108V","FH2108","BO ﾗｸﾞｱｳﾄﾘﾎﾞﾝﾂｷﾎﾞｱﾊﾟﾝﾀ","","","","90","","0","M","","0","","","","","437","","","0","1","0","0","0","0","0","1","1","0","0","2","0","2","0","0","2","040","2","","2026","156","2026","","133","","","","","","","","","","","","2","","30","20260417","0","","","","2972","1200","","","","","","","","","","","","","","","","","","","","","","","","","","","","","","","","","","","","","","","","","","","","","","","","","","","","","","","","","","","","","","","","","","","0.08","42","0.00","0","","16.85",""
"FH2109V","FH2109","BO ﾗｸﾞｱｳﾄﾂｲｰﾄﾞﾌﾘﾙﾊﾟﾝﾀ","","","","70","","0","M","","0","","","","","437","","","0","1","0","0","0","0","0","1","1","0","0","2","0","2","0","0","2","040","2","","2026","156","2026","","133","","","","","","","","","","","","2","","30","20260417","0","","","","3137","1500","","","","","","","","","","","","","","","","","","","","","","","","","","","","","","","","","","","","","","","","","","","","","","","","","","","","","","","","","","","","","","","","","","","0.08","42","0.00","0","","17.80",""
"FH2109V","FH2109","BO ﾗｸﾞｱｳﾄﾂｲｰﾄﾞﾌﾘﾙﾊﾟﾝﾀ","","","","90","","0","M","","0","","","","","437","","","0","1","0","0","0","0","0","1","1","0","0","2","0","2","0","0","2","040","2","","2026","156","2026","","133","","","","","","","","","","","","2","","30","20260417","0","","","","3137","1500","","","","","","","","","","","","","","","","","","","","","","","","","","","","","","","","","","","","","","","","","","","","","","","","","","","","","","","","","","","","","","","","","","","0.08","42","0.00","0","","17.80",""
"FH2110V","FH2110","ゼブラ柄リボンパンタ","","","","90","","0","M","","0","","","","","437","","","0","1","0","0","0","0","0","1","1","0","0","2","0","2","0","0","2","040","2","","2026","000","2026","","130","","","","","","","","","","","","2","","30","20260417","0","","","","3389","0","","","","","","","","","","","","","","","","","","","","","","","","","","","","","","","","","","","","","","","","","","","","","","","","","","","","","","","","","","","","","","","","","","","0.08","42","0.00","0","","19.25",""
"FH2111V","FH2111","ヒョウ柄リボンパンタ","","","","11","","0","M","","0","","","","","437","","","0","1","0","0","0","0","0","1","1","0","0","2","0","2","0","0","2","040","2","","2026","000","2026","","130","","","","","","","","","","","","2","","30","20260417","0","","","","3389","0","","","","","","","","","","","","","","","","","","","","","","","","","","","","","","","","","","","","","","","","","","","","","","","","","","","","","","","","","","","","","","","","","","","0.08","42","0.00","0","","19.25",""
"FH2112V","FH2112","ﾘﾎﾞﾝﾂｷﾊｲｶｯﾄ","","","","11","","0","M","","0","","","","","437","","","0","1","0","0","0","0","0","1","1","0","0","2","0","2","0","0","2","040","2","","2026","000","2026","","133","","","","","","","","","","","","2","","30","20260417","0","","","","2833","990","","","","","","","","","","","","","","","","","","","","","","","","","","","","","","","","","","","","","","","","","","","","","","","","","","","","","","","","","","","","","","","","","","","0.08","42","0.00","0","","16.05",""
"FH2112V","FH2112","ﾘﾎﾞﾝﾂｷﾊｲｶｯﾄ","","","","61","","0","M","","0","","","","","437","","","0","1","0","0","0","0","0","1","1","0","0","2","0","2","0","0","2","040","2","","2026","000","2026","","133","","","","","","","","","","","","2","","30","20260417","0","","","","2833","990","","","","","","","","","","","","","","","","","","","","","","","","","","","","","","","","","","","","","","","","","","","","","","","","","","","","","","","","","","","","","","","","","","","0.08","42","0.00","0","","16.05",""
"FH2112V","FH2112","ﾘﾎﾞﾝﾂｷﾊｲｶｯﾄ","","","","80","","0","M","","0","","","","","437","","","0","1","0","0","0","0","0","1","1","0","0","2","0","2","0","0","2","040","2","","2026","000","2026","","133","","","","","","","","","","","","2","","30","20260417","0","","","","2833","990","","","","","","","","","","","","","","","","","","","","","","","","","","","","","","","","","","","","","","","","","","","","","","","","","","","","","","","","","","","","","","","","","","","0.08","42","0.00","0","","16.05",""
"FH2113V","FH2113","KE ｶｸﾚﾓﾓｼﾞﾘﾒｯｼｭﾊﾟﾝﾀ","","","","11","","0","M","","0","","","","","437","","","0","1","0","0","0","0","0","1","1","0","0","2","0","2","0","0","2","040","2","","2026","183","2026","","116","","","","","","","","","","","","2","","30","20260417","0","","","","3225","1500","","","","","","","","","","","","","","","","","","","","","","","","","","","","","","","","","","","","","","","","","","","","","","","","","","","","","","","","","","","","","","","","","","","0.08","42","105.00","0","","17.70",""
"FH2114V","FH2114","KE ｶｸﾚﾓﾓｼﾞﾘﾃﾝﾈﾝﾊﾟﾝﾀ","","","","11","","0","M","","0","","","","","437","","","0","1","0","0","0","0","0","1","1","0","0","2","0","2","0","0","2","040","2","","2026","183","2026","","116","","","","","","","","","","","","2","","30","20260417","0","","","","3250","1500","","","","","","","","","","","","","","","","","","","","","","","","","","","","","","","","","","","","","","","","","","","","","","","","","","","","","","","","","","","","","","","","","","","0.08","42","0.00","0","","18.45",""
"FH2115V","FH2115","KE ｱﾗｼｸﾛﾊﾞﾈﾒｯｼｭﾊﾟﾝﾀ","","","","80","","0","M","","0","","","","","437","","","0","1","0","0","0","0","0","1","1","0","0","2","0","2","0","0","2","040","2","","2026","183","2026","","012","","","","","","","","","","","","2","","30","20260417","0","","","","3190","1500","","","","","","","","","","","","","","","","","","","","","","","","","","","","","","","","","","","","","","","","","","","","","","","","","","","","","","","","","","","","","","","","","","","0.08","42","105.00","0","","17.50",""
"FH2116V","FH2116","SRﾊﾛｰｷﾃｨ ﾀﾀﾐ","","","","11","","0","M","","0","","","","","437","","","0","1","0","0","0","0","0","1","1","0","0","2","0","2","0","0","2","040","2","","2026","049","2026","","327","","","","","","","","","","","","2","","30","20260417","0","","","","3118","1500","","","","","","","","","","","","","","","","","","","","","","","","","","","","","","","","","","","","","","","","","","","","","","","","","","","","","","","","","","","","","","","","","","","0.08","42","120.00","0","","17.00",""
"FH2117V","FH2117","SRｸﾛﾐ ﾀﾀﾐ","","","","50","","0","M","","0","","","","","437","","","0","1","0","0","0","0","0","1","1","0","0","2","0","2","0","0","2","040","2","","2026","126","2026","","327","","","","","","","","","","","","2","","30","20260417","0","","","","3144","1500","","","","","","","","","","","","","","","","","","","","","","","","","","","","","","","","","","","","","","","","","","","","","","","","","","","","","","","","","","","","","","","","","","","0.08","42","120.00","0","","17.15",""
"FH2118V","FH2118","3Eｱｰﾁﾊﾟﾝﾀﾈｺ","","","","11","","0","M","","0","","","","","437","","","0","1","0","0","0","0","0","1","1","0","0","2","0","2","0","0","2","040","2","","2026","000","2026","","327","","","","","","","","","","","","2","","30","20260417","550","","","","2859","890","","","","","","","","","","","","","","","","","","","","","","","","","","","","","","","","","","","","","","","","","","","","","","","","","","","","","","","","","","","","","","","","","","","0.08","42","0.00","0","","16.20",""
"FH2119V","FH2119","3Eｱｰﾁﾊﾟﾝﾀｼｭﾅｳｻﾞｰ","","","","30","","0","M","","0","","","","","437","","","0","1","0","0","0","0","0","1","1","0","0","2","0","2","0","0","2","040","2","","2026","000","2026","","327","","","","","","","","","","","","2","","30","20260417","550","","","","2824","890","","","","","","","","","","","","","","","","","","","","","","","","","","","","","","","","","","","","","","","","","","","","","","","","","","","","","","","","","","","","","","","","","","","0.08","42","0.00","0","","16.00",""
"FH2120V","FH2120","3Eｱｰﾁﾊﾟﾝﾀｸﾏ","","","","40","","0","M","","0","","","","","437","","","0","1","0","0","0","0","0","1","1","0","0","2","0","2","0","0","2","040","2","","2026","000","2026","","122","","","","","","","","","","","","2","","30","20260417","550","","","","2824","890","","","","","","","","","","","","","","","","","","","","","","","","","","","","","","","","","","","","","","","","","","","","","","","","","","","","","","","","","","","","","","","","","","","0.08","42","0.00","0","","16.00",""
"FH2121V","FH2121","3Eｱｰﾁﾊﾟﾝﾀﾑｼﾞ","","","","90","","0","M","","0","","","","","437","","","0","1","0","0","0","0","0","1","1","0","0","2","0","2","0","0","2","040","2","","2026","000","2026","","122","","","","","","","","","","","","2","","30","20260417","550","","","","2702","890","","","","","","","","","","","","","","","","","","","","","","","","","","","","","","","","","","","","","","","","","","","","","","","","","","","","","","","","","","","","","","","","","","","0.08","42","0.00","0","","15.30",""
"FH2122V","FH2122","ﾂﾎﾞｵｼﾊﾟﾝﾀP","","","","11","","0","M","","0","","","","","437","","","0","1","0","0","0","0","0","1","1","0","0","2","0","2","0","0","2","040","2","","2026","000","2026","","012","","","","","","","","","","","","2","","30","20260417","550","","","","2668","890","","","","","","","","","","","","","","","","","","","","","","","","","","","","","","","","","","","","","","","","","","","","","","","","","","","","","","","","","","","","","","","","","","","0.08","42","0.00","0","","15.10",""
"FH2123V","FH2123","ﾂﾎﾞｵｼﾊﾟﾝﾀﾈｺ","","","","11","","0","M","","0","","","","","437","","","0","1","0","0","0","0","0","1","1","0","0","2","0","2","0","0","2","040","2","","2026","000","2026","","012","","","","","","","","","","","","2","","30","20260417","550","","","","0","890","","","","","","","","","","","","","","","","","","","","","","","","","","","","","","","","","","","","","","","","","","","","","","","","","","","","","","","","","","","","","","","","","","","0.08","42","0.00","0","","0.00",""
"FH2124V","FH2124","ﾂﾎﾞｵｼﾊﾟﾝﾀﾈｺ","","","","80","","0","M","","0","","","","","437","","","0","1","0","0","0","0","0","1","1","0","0","2","0","2","0","0","2","040","2","","2026","000","2026","","012","","","","","","","","","","","","2","","30","20260417","550","","","","2798","890","","","","","","","","","","","","","","","","","","","","","","","","","","","","","","","","","","","","","","","","","","","","","","","","","","","","","","","","","","","","","","","","","","","0.08","42","0.00","0","","15.85",""
"FH2125V","FH2125","CR ﾄﾞｯﾄﾊｲｶｯﾄ","","","","90","","0","M","","0","","","","","437","","","0","1","0","0","0","0","0","1","1","0","0","2","0","2","0","0","2","040","2","","2026","206","2026","","133","","","","","","","","","","","","2","","30","20260417","0","","","","3022","0","","","","","","","","","","","","","","","","","","","","","","","","","","","","","","","","","","","","","","","","","","","","","","","","","","","","","","","","","","","","","","","","","","","0.034","42","0.00","0","","17.90",""
"FH2126V","FH2126","CR ﾘﾎﾞﾝﾊｲｶｯﾄ","","","","31","","0","M","","0","","","","","437","","","0","1","0","0","0","0","0","1","1","0","0","2","0","2","0","0","2","040","2","","2026","206","2026","","133","","","","","","","","","","","","2","","30","20260417","0","","","","3371","0","","","","","","","","","","","","","","","","","","","","","","","","","","","","","","","","","","","","","","","","","","","","","","","","","","","","","","","","","","","","","","","","","","","0.034","42","0.00","0","","20.00",""
"FH2127V","FH2127","CR ﾋｮｳﾊｲｶｯﾄ","","","","11","","0","M","","0","","","","","437","","","0","1","0","0","0","0","0","1","1","0","0","2","0","2","0","0","2","040","2","","2026","206","2026","","133","","","","","","","","","","","","2","","30","20260417","0","","","","3371","0","","","","","","","","","","","","","","","","","","","","","","","","","","","","","","","","","","","","","","","","","","","","","","","","","","","","","","","","","","","","","","","","","","","0.034","42","0.00","0","","20.00",""
"FH2128V","FH2128","CR ﾊﾅﾊｲｶｯﾄ","","","","11","","0","M","","0","","","","","437","","","0","1","0","0","0","0","0","1","1","0","0","2","0","2","0","0","2","040","2","","2026","206","2026","","133","","","","","","","","","","","","2","","30","20260417","0","","","","3371","0","","","","","","","","","","","","","","","","","","","","","","","","","","","","","","","","","","","","","","","","","","","","","","","","","","","","","","","","","","","","","","","","","","","0.034","42","0.00","0","","20.00",""
"FH2129V","FH2129","SKﾓﾝﾁｯﾁｳｻﾐﾐﾒｯｼｭﾊﾟﾝﾀ","","","","11","","0","M","","0","","","","","437","","","0","1","0","0","0","0","0","1","1","0","0","2","0","2","0","0","2","040","2","","2026","000","2026","","012","","","","","","","","","","","","2","","30","20260417","0","","","","0","1500","","","","","","","","","","","","","","","","","","","","","","","","","","","","","","","","","","","","","","","","","","","","","","","","","","","","","","","","","","","","","","","","","","","0.08","42","75.00","0","","0.00",""
"FH2130V","FH2130","SKﾓﾝﾁｯﾁｳｻﾐﾐﾒｯｼｭﾊﾟﾝﾀ","","","","11","","0","M","","0","","","","","437","","","0","1","0","0","0","0","0","1","1","0","0","2","0","2","0","0","2","040","2","","2026","144","2026","","012","","","","","","","","","","","","2","","30","20260417","0","","","","3464","1500","","","","","","","","","","","","","","","","","","","","","","","","","","","","","","","","","","","","","","","","","","","","","","","","","","","","","","","","","","","","","","","","","","","0.08","42","75.00","0","","19.25",""
"FH2131V","FH2131","CR ﾋﾅ kanna あさどん　ﾊﾟﾝﾀ","","","","80","","0","00","","0","","","","","437","","","0","1","0","0","0","0","0","1","1","0","0","2","0","2","0","0","2","040","2","","2026","197","2026","","117","","","","","","","","","","","","2","","30","20260417","0","","","","3346","0","","","","","","","","","","","","","","","","","","","","","","","","","","","","","","","","","","","","","","","","","","","","","","","","","","","","","","","","","","","","","","","","","","","0.08","42","0.00","0","","19.00",""
"FH2131V","FH2131","CR ﾋﾅ kanna あさどん　ﾊﾟﾝﾀ","","","","90","","0","00","","0","","","","","437","","","0","1","0","0","0","0","0","1","1","0","0","2","0","2","0","0","2","040","2","","2026","197","2026","","117","","","","","","","","","","","","2","","30","20260417","0","","","","3346","0","","","","","","","","","","","","","","","","","","","","","","","","","","","","","","","","","","","","","","","","","","","","","","","","","","","","","","","","","","","","","","","","","","","0.08","42","0.00","0","","19.00",""
"FH2132V","FH2132","SKﾁﾑﾀﾝｸﾏﾒｯｼｭﾊﾟﾝﾀ","","","","60","","0","M","","0","","","","","437","","","0","1","0","0","0","0","0","1","1","0","0","2","0","2","0","0","2","040","2","","2026","144","2026","","327","","","","","","","","","","","","2","","30","20260417","0","","","","3464","1500","","","","","","","","","","","","","","","","","","","","","","","","","","","","","","","","","","","","","","","","","","","","","","","","","","","","","","","","","","","","","","","","","","","0.08","42","75.00","0","","19.25",""
"FH2133V","FH2133","SRﾋｮｳｶﾞﾗｷﾃｨﾒｯｼｭ","","","","11","","0","M","","0","","","","","437","","","0","1","0","0","0","0","0","1","1","0","0","2","0","2","0","0","2","040","2","","2026","049","2026","","012","","","","","","","","","","","","2","","30","20260417","0","","","","3440","1500","","","","","","","","","","","","","","","","","","","","","","","","","","","","","","","","","","","","","","","","","","","","","","","","","","","","","","","","","","","","","","","","","","","0.08","42","120.00","0","","18.85",""
"FH2134V","FH2134","SRﾋｮｳｶﾞﾗｸﾛﾐﾒｯｼｭ","","","","80","","0","M","","0","","","","","437","","","0","1","0","0","0","0","0","1","1","0","0","2","0","2","0","0","2","040","2","","2026","126","2026","","012","","","","","","","","","","","","2","","30","20260417","0","","","","3422","1500","","","","","","","","","","","","","","","","","","","","","","","","","","","","","","","","","","","","","","","","","","","","","","","","","","","","","","","","","","","","","","","","","","","0.08","42","120.00","0","","18.75",""
"FH2135V","FH2135","SR ﾋﾔｹｷﾃｨﾊﾟｲﾝﾒｯｼｭﾊﾟﾝﾀ","","","","30","","0","M","","0","","","","","437","","","0","1","0","0","0","0","0","1","1","0","0","2","0","2","0","0","2","040","2","","2026","049","2026","","116","","","","","","","","","","","","2","","30","20260417","0","","","","3353","1500","","","","","","","","","","","","","","","","","","","","","","","","","","","","","","","","","","","","","","","","","","","","","","","","","","","","","","","","","","","","","","","","","","","0.08","42","120.00","0","","18.35",""
"FH2136V","FH2136","SXｺﾘﾗｯｸﾏﾒｯｼｭﾊﾟﾝﾀP","","","","11","","0","M","","0","","","","","437","","","0","1","0","0","0","0","0","1","1","0","0","2","0","2","0","0","2","040","2","","2026","006","2026","","122","","","","","","","","","","","","2","","30","20260417","0","","","","3397","1500","","","","","","","","","","","","","","","","","","","","","","","","","","","","","","","","","","","","","","","","","","","","","","","","","","","","","","","","","","","","","","","","","","","0.08","42","60.00","0","","18.95",""
"FH2137V","FH2137","SX ﾘﾗｯｸﾏﾒｯｼｭﾊﾟﾝﾀG","","","","20","","0","M","","0","","","","","437","","","0","1","0","0","0","0","0","1","1","0","0","2","0","2","0","0","2","040","2","","2026","006","2026","","133","","","","","","","","","","","","2","","30","20260417","0","","","","3397","1500","","","","","","","","","","","","","","","","","","","","","","","","","","","","","","","","","","","","","","","","","","","","","","","","","","","","","","","","","","","","","","","","","","","0.08","42","60.00","0","","18.95",""
"FH2138V","FH2138","ﾘﾎﾞﾝﾂｷｾﾝｾｲﾊﾟﾝﾀ","","","","11","","0","S","","0","","","","","437","","","0","1","0","0","0","0","0","1","1","0","0","2","0","2","0","0","2","040","2","","2026","000","2026","","133","","","","","","","","","","","","2","","30","20260417","0","","","","0","0","","","","","","","","","","","","","","","","","","","","","","","","","","","","","","","","","","","","","","","","","","","","","","","","","","","","","","","","","","","","","","","","","","","0.034","42","0.00","0","","0.00",""
"FH2138V","FH2138","ﾘﾎﾞﾝﾂｷｾﾝｾｲﾊﾟﾝﾀ","","","","80","","0","S","","0","","","","","437","","","0","1","0","0","0","0","0","1","1","0","0","2","0","2","0","0","2","040","2","","2026","000","2026","","133","","","","","","","","","","","","2","","30","20260417","0","","","","0","0","","","","","","","","","","","","","","","","","","","","","","","","","","","","","","","","","","","","","","","","","","","","","","","","","","","","","","","","","","","","","","","","","","","0.034","42","0.00","0","","0.00",""
"FH2138V","FH2138","ﾘﾎﾞﾝﾂｷｾﾝｾｲﾊﾟﾝﾀ","","","","90","","0","S","","0","","","","","437","","","0","1","0","0","0","0","0","1","1","0","0","2","0","2","0","0","2","040","2","","2026","000","2026","","133","","","","","","","","","","","","2","","30","20260417","0","","","","0","0","","","","","","","","","","","","","","","","","","","","","","","","","","","","","","","","","","","","","","","","","","","","","","","","","","","","","","","","","","","","","","","","","","","0.034","42","0.00","0","","0.00",""
"FH2139V","FH2139","SRｳｻﾊﾅﾘﾎﾞﾝﾊﾟﾝﾀﾛﾝ","","","","11","","0","M","","0","","","","","437","","","0","1","0","0","0","0","0","1","1","0","0","2","0","2","0","0","2","040","2","","2026","219","2026","","012","","","","","","","","","","","","2","","30","20260417","0","","","","3692","1500","","","","","","","","","","","","","","","","","","","","","","","","","","","","","","","","","","","","","","","","","","","","","","","","","","","","","","","","","","","","","","","","","","","0.08","42","120.00","0","","20.30",""
"FH2140V","FH2140","SRｳｻﾊﾅﾊﾟﾝﾀﾛﾝ","","","","32","","0","M","","0","","","","","437","","","0","1","0","0","0","0","0","1","1","0","0","2","0","2","0","0","2","040","2","","2026","219","2026","","012","","","","","","","","","","","","2","","30","20260417","0","","","","3414","1500","","","","","","","","","","","","","","","","","","","","","","","","","","","","","","","","","","","","","","","","","","","","","","","","","","","","","","","","","","","","","","","","","","","0.08","42","120.00","0","","18.70",""
"FH2141V","FH2141","KOｶｰﾄﾞｷｬﾌﾟﾀｰｻｸﾗR","","","","10","","0","M","","0","","","","","437","","","0","1","0","0","0","0","0","1","1","0","0","2","0","2","0","0","2","040","2","","2026","218","2026","","116","","","","","","","","","","","","2","","30","20260417","0","","","","3802","1800","","","","","","","","","","","","","","","","","","","","","","","","","","","","","","","","","","","","","","","","","","","","","","","","","","","","","","","","","","","","","","","","","","","0.08","42","126.00","0","","20.90",""
"FH2142V","FH2142","KOｶｰﾄﾞｷｬﾌﾟﾀｰｻｸﾗﾊﾟﾝﾀﾛﾝP","","","","11","","0","M","","0","","","","","437","","","0","1","0","0","0","0","0","1","1","0","0","2","0","2","0","0","2","040","2","","2026","218","2026","","012","","","","","","","","","","","","2","","30","20260417","0","","","","3646","1800","","","","","","","","","","","","","","","","","","","","","","","","","","","","","","","","","","","","","","","","","","","","","","","","","","","","","","","","","","","","","","","","","","","0.08","42","126.00","0","","20.00",""
"FH2143V","FH2143","HBﾋﾋﾞﾔｶﾀﾞﾝﾊﾅﾊﾞﾀｹﾊﾟﾝﾀﾛﾝ","","","","11","","0","M","","0","","","","","437","","","0","1","0","0","0","0","0","1","1","0","0","2","0","2","0","0","2","040","2","","2026","201","2026","","012","","","","","","","","","","","","2","","30","20260417","0","","","","0","890","","","","","","","","","","","","","","","","","","","","","","","","","","","","","","","","","","","","","","","","","","","","","","","","","","","","","","","","","","","","","","","","","","","0.034","42","44.50","0","","0.00",""
"FH2143V","FH2143","HBﾋﾋﾞﾔｶﾀﾞﾝﾊﾅﾊﾞﾀｹﾊﾟﾝﾀﾛﾝ","","","","30","","0","M","","0","","","","","437","","","0","1","0","0","0","0","0","1","1","0","0","2","0","2","0","0","2","040","2","","2026","201","2026","","012","","","","","","","","","","","","2","","30","20260417","0","","","","0","890","","","","","","","","","","","","","","","","","","","","","","","","","","","","","","","","","","","","","","","","","","","","","","","","","","","","","","","","","","","","","","","","","","","0.034","42","44.50","0","","0.00",""
"FH2144V","FH2144","HBﾋﾋﾞﾔｶﾀﾞﾝﾊﾟﾝﾀﾛﾝ","","","","32","","0","M","","0","","","","","437","","","0","1","0","0","0","0","0","1","1","0","0","2","0","2","0","0","2","040","2","","2026","201","2026","","012","","","","","","","","","","","","2","","30","20260417","0","","","","0","890","","","","","","","","","","","","","","","","","","","","","","","","","","","","","","","","","","","","","","","","","","","","","","","","","","","","","","","","","","","","","","","","","","","0.034","42","44.50","0","","0.00",""
"FH2144V","FH2144","HBﾋﾋﾞﾔｶﾀﾞﾝﾊﾟﾝﾀﾛﾝ","","","","80","","0","M","","0","","","","","437","","","0","1","0","0","0","0","0","1","1","0","0","2","0","2","0","0","2","040","2","","2026","201","2026","","012","","","","","","","","","","","","2","","30","20260417","0","","","","0","890","","","","","","","","","","","","","","","","","","","","","","","","","","","","","","","","","","","","","","","","","","","","","","","","","","","","","","","","","","","","","","","","","","","0.034","42","44.50","0","","0.00",""
"FH2145F","FH2145","DSｽﾃｨｯﾁﾒｯｼｭﾊﾟﾝﾀﾛﾝLG","","","","21","","0","M","","0","","","","","411","","","0","1","0","0","0","0","0","1","1","0","0","2","0","2","0","0","2","040","2","","2026","005","2026","","327","","","","","","","","","","","","2","","30","20260417","0","","","","4112","1500","","","","","","","","","","","","","","","","","","","","","","","","","","","","","","","","","","","","","","","","","","","","","","","","","","","","","","","","","","","","","","","","","","","0.08","42","157.50","0","","22.50",""
"FH2146F","FH2146","DSｽﾃｨｯﾁﾒｯｼｭﾊﾟﾝﾀﾛﾝLB","","","","31","","0","M","","0","","","","","411","","","0","1","0","0","0","0","0","1","1","0","0","2","0","2","0","0","2","040","2","","2026","005","2026","","327","","","","","","","","","","","","2","","30","20260417","0","","","","4112","1500","","","","","","","","","","","","","","","","","","","","","","","","","","","","","","","","","","","","","","","","","","","","","","","","","","","","","","","","","","","","","","","","","","","0.08","42","157.50","0","","22.50",""
"FH2147V","FH2147","SR ｾﾞﾌﾞﾗｷﾃｨﾒｯｼｭﾊﾟﾝﾀ","","","","90","","0","M","","0","","","","","437","","","0","1","0","0","0","0","0","1","1","0","0","2","0","2","0","0","2","040","2","","2026","049","2026","","133","","","","","","","","","","","","2","","30","20260417","0","","","","3335","1500","","","","","","","","","","","","","","","","","","","","","","","","","","","","","","","","","","","","","","","","","","","","","","","","","","","","","","","","","","","","","","","","","","","0.08","42","120.00","0","","18.25",""
"FH2148V","FH2148","SR ﾋｮｳｷﾃｨﾒｯｼｭﾊﾟﾝﾀ","","","","11","","0","M","","0","","","","","437","","","0","1","0","0","0","0","0","1","1","0","0","2","0","2","0","0","2","040","2","","2026","000","2026","","133","","","","","","","","","","","","2","","30","20260417","0","","","","3250","1500","","","","","","","","","","","","","","","","","","","","","","","","","","","","","","","","","","","","","","","","","","","","","","","","","","","","","","","","","","","","","","","","","","","0.08","42","0.00","0","","18.45",""
"FH2149V","FH2149","SR ﾋﾔｹｷﾃｨｳｷﾜﾒｯｼｭﾊﾟﾝﾀ","","","","62","","0","M","","0","","","","","437","","","0","1","0","0","0","0","0","1","1","0","0","2","0","2","0","0","2","040","2","","2026","049","2026","","116","","","","","","","","","","","","2","","30","20260417","0","","","","3579","1500","","","","","","","","","","","","","","","","","","","","","","","","","","","","","","","","","","","","","","","","","","","","","","","","","","","","","","","","","","","","","","","","","","","0.08","42","120.00","0","","19.65",""
"FH2150V","FH2150","SR ﾋﾔｹｷﾃｨｻﾝｸﾞﾗｽﾒｯｼｭﾊﾟﾝﾀ","","","","90","","0","M","","0","","","","","437","","","0","1","0","0","0","0","0","1","1","0","0","2","0","2","0","0","2","040","2","","2026","049","2026","","116","","","","","","","","","","","","2","","30","20260417","0","","","","3509","1500","","","","","","","","","","","","","","","","","","","","","","","","","","","","","","","","","","","","","","","","","","","","","","","","","","","","","","","","","","","","","","","","","","","0.08","42","120.00","0","","19.25",""
"FH2151V","FH2151","SXﾓﾉｸﾛﾘﾗｯｸﾏ","","","","80","","0","M","","0","","","","","437","","","0","1","0","0","0","0","0","1","1","0","0","2","0","2","0","0","2","040","2","","2026","006","2026","","012","","","","","","","","","","","","2","","30","20260417","0","","","","2945","1500","","","","","","","","","","","","","","","","","","","","","","","","","","","","","","","","","","","","","","","","","","","","","","","","","","","","","","","","","","","","","","","","","","","0.08","42","60.00","0","","16.35",""
"FH2152V","FH2152","SXﾓﾉｸﾛｺﾘﾗｯｸﾏ","","","","90","","0","M","","0","","","","","437","","","0","1","0","0","0","0","0","1","1","0","0","2","0","2","0","0","2","040","2","","2026","006","2026","","012","","","","","","","","","","","","2","","30","20260417","0","","","","2945","1500","","","","","","","","","","","","","","","","","","","","","","","","","","","","","","","","","","","","","","","","","","","","","","","","","","","","","","","","","","","","","","","","","","","0.08","42","60.00","0","","16.35",""
"FH2153V","FH2153","3Eｱｰﾁﾊﾟﾝﾀﾊﾟﾝﾀﾞ","","","","60","","0","M","","0","","","","","437","","","0","1","0","0","0","0","0","1","1","0","0","2","0","2","0","0","2","040","2","","2026","000","2026","","122","","","","","","","","","","","","2","","30","20260417","550","","","","0","890","","","","","","","","","","","","","","","","","","","","","","","","","","","","","","","","","","","","","","","","","","","","","","","","","","","","","","","","","","","","","","","","","","","0.08","42","0.00","0","","0.00",""
"FH2154V","FH2154","ﾂﾎﾞｵｼﾈｺｶｵ","","","","80","","0","M","","0","","","","","437","","","0","1","0","0","0","0","0","1","1","0","0","2","0","2","0","0","2","040","2","","2026","000","2026","","133","","","","","","","","","","","","2","","30","20260417","550","","","","0","890","","","","","","","","","","","","","","","","","","","","","","","","","","","","","","","","","","","","","","","","","","","","","","","","","","","","","","","","","","","","","","","","","","","0.08","42","0.00","0","","0.00",""
"FH2155V","FH2155","SR ﾎﾟﾑﾎﾟﾑﾌﾟﾘﾝｽｲｰﾂﾊﾟﾝﾀ","","","","70","","0","M","","0","","","","","437","","","0","1","0","0","0","0","0","1","1","0","0","2","0","2","0","0","2","040","2","","2026","044","2026","","116","","","","","","","","","","","","2","","30","20260417","0","","","","3301","1500","","","","","","","","","","","","","","","","","","","","","","","","","","","","","","","","","","","","","","","","","","","","","","","","","","","","","","","","","","","","","","","","","","","0.08","42","120.00","0","","18.05",""
"FH2156V","FH2156","SR ﾎﾟﾑﾎﾟﾑﾌﾟﾘﾝｽｲｰﾂﾊﾟﾝﾀ","","","","73","","0","M","","0","","","","","437","","","0","1","0","0","0","0","0","1","1","0","0","2","0","2","0","0","2","040","2","","2026","044","2026","","116","","","","","","","","","","","","2","","30","20260417","0","","","","3301","1500","","","","","","","","","","","","","","","","","","","","","","","","","","","","","","","","","","","","","","","","","","","","","","","","","","","","","","","","","","","","","","","","","","","0.08","42","120.00","0","","18.05",""
"FH2157V","FH2157","3Eｱｰﾁﾊﾟﾝﾀﾑｼﾞ","","","","90","","0","M","","0","","","","","437","","","0","1","0","0","0","0","0","1","1","0","0","2","0","2","0","0","2","040","2","","2026","000","2026","","133","","","","","","","","","","","","2","","30","20260417","550","","","","0","890","","","","","","","","","","","","","","","","","","","","","","","","","","","","","","","","","","","","","","","","","","","","","","","","","","","","","","","","","","","","","","","","","","","0.08","42","0.00","0","","0.00",""
"FH3040V","FH3040","ｸﾛｽﾊﾞﾝﾄﾞﾋｮｳ柄ﾊﾟﾝﾀ","","","","11","","0","M","","0","","","","","437","","","0","1","0","0","0","0","0","1","1","0","0","2","0","2","0","0","2","040","3","","2026","000","2026","","122","","","","","","","","","","","","2","","30","20260417","0","","","","0","0","","","","","","","","","","","","","","","","","","","","","","","","","","","","","","","","","","","","","","","","","","","","","","","","","","","","","","","","","","","","","","","","","","","0.08","42","0.00","0","","0.00",""
"FH3041V","FH3041","ﾊﾞﾝﾋﾞ柄ファーﾊﾟﾝﾀ","","","","40","","0","M","","0","","","","","437","","","0","1","0","0","0","0","0","1","1","0","0","2","0","2","0","0","2","040","3","","2026","000","2026","","130","","","","","","","","","","","","2","","30","20260417","0","","","","3207","0","","","","","","","","","","","","","","","","","","","","","","","","","","","","","","","","","","","","","","","","","","","","","","","","","","","","","","","","","","","","","","","","","","","0.08","42","0.00","0","","18.20",""
"FH3042V","FH3042","ﾌﾞﾁ柄ファーﾊﾟﾝﾀ","","","","80","","0","M","","0","","","","","437","","","0","1","0","0","0","0","0","1","1","0","0","2","0","2","0","0","2","040","3","","2026","000","2026","","130","","","","","","","","","","","","2","","30","20260417","0","","","","3207","0","","","","","","","","","","","","","","","","","","","","","","","","","","","","","","","","","","","","","","","","","","","","","","","","","","","","","","","","","","","","","","","","","","","0.08","42","0.00","0","","18.20",""
"FH3043V","FH3043","ﾈｺ柄立体ﾐﾐファーﾊﾟﾝﾀ","","","","62","","0","M","","0","","","","","437","","","0","1","0","0","0","0","0","1","1","0","0","2","0","2","0","0","2","040","3","","2026","000","2026","","130","","","","","","","","","","","","2","","30","20260417","0","","","","3068","0","","","","","","","","","","","","","","","","","","","","","","","","","","","","","","","","","","","","","","","","","","","","","","","","","","","","","","","","","","","","","","","","","","","0.08","42","0.00","0","","17.40",""
"FH3043V","FH3043","ﾈｺ柄立体ﾐﾐファーﾊﾟﾝﾀ","","","","80","","0","M","","0","","","","","437","","","0","1","0","0","0","0","0","1","1","0","0","2","0","2","0","0","2","040","3","","2026","000","2026","","130","","","","","","","","","","","","2","","30","20260417","0","","","","3068","0","","","","","","","","","","","","","","","","","","","","","","","","","","","","","","","","","","","","","","","","","","","","","","","","","","","","","","","","","","","","","","","","","","","0.08","42","0.00","0","","17.40",""
"FH3044V","FH3044","ｸﾛｽﾊﾞﾝﾄﾞｾﾞﾌﾞﾗ柄ﾊﾟﾝﾀ","","","","90","","0","M","","0","","","","","437","","","0","1","0","0","0","0","0","1","1","0","0","2","0","2","0","0","2","040","3","","2026","000","2026","","130","","","","","","","","","","","","2","","30","20260417","0","","","","3137","0","","","","","","","","","","","","","","","","","","","","","","","","","","","","","","","","","","","","","","","","","","","","","","","","","","","","","","","","","","","","","","","","","","","0.08","42","0.00","0","","17.80",""
"FH3045V","FH3045","ｸﾛｽﾊﾞﾝﾄﾞﾋｮｳ柄ﾊﾟﾝﾀ","","","","11","","0","M","","0","","","","","437","","","0","1","0","0","0","0","0","1","1","0","0","2","0","2","0","0","2","040","3","","2026","000","2026","","130","","","","","","","","","","","","2","","30","20260417","0","","","","2963","0","","","","","","","","","","","","","","","","","","","","","","","","","","","","","","","","","","","","","","","","","","","","","","","","","","","","","","","","","","","","","","","","","","","0.08","42","0.00","0","","16.80",""
"FH3045V","FH3045","ｸﾛｽﾊﾞﾝﾄﾞﾋｮｳ柄ﾊﾟﾝﾀ","","","","40","","0","M","","0","","","","","437","","","0","1","0","0","0","0","0","1","1","0","0","2","0","2","0","0","2","040","3","","2026","000","2026","","130","","","","","","","","","","","","2","","30","20260417","0","","","","2963","0","","","","","","","","","","","","","","","","","","","","","","","","","","","","","","","","","","","","","","","","","","","","","","","","","","","","","","","","","","","","","","","","","","","0.08","42","0.00","0","","16.80",""
"FH3045V","FH3045","ｸﾛｽﾊﾞﾝﾄﾞﾋｮｳ柄ﾊﾟﾝﾀ","","","","60","","0","M","","0","","","","","437","","","0","1","0","0","0","0","0","1","1","0","0","2","0","2","0","0","2","040","3","","2026","000","2026","","130","","","","","","","","","","","","2","","30","20260417","0","","","","2963","0","","","","","","","","","","","","","","","","","","","","","","","","","","","","","","","","","","","","","","","","","","","","","","","","","","","","","","","","","","","","","","","","","","","0.08","42","0.00","0","","16.80",""
"FH3046V","FH3046","BOﾗｸﾞｱｳﾄﾎﾞﾘｭｰﾑﾌｧｰﾊｲｶｯﾄ","","","","11","","0","M","","0","","","","","437","","","0","1","0","0","0","0","0","1","1","0","0","2","0","2","0","0","2","040","3","","2026","156","2026","","130","","","","","","","","","","","","2","","30","20260417","0","","","","3476","0","","","","","","","","","","","","","","","","","","","","","","","","","","","","","","","","","","","","","","","","","","","","","","","","","","","","","","","","","","","","","","","","","","","0.08","42","0.00","0","","19.75",""
"FH3046V","FH3046","BOﾗｸﾞｱｳﾄﾎﾞﾘｭｰﾑﾌｧｰﾊｲｶｯﾄ","","","","60","","0","M","","0","","","","","437","","","0","1","0","0","0","0","0","1","1","0","0","2","0","2","0","0","2","040","3","","2026","156","2026","","130","","","","","","","","","","","","2","","30","20260417","0","","","","3476","0","","","","","","","","","","","","","","","","","","","","","","","","","","","","","","","","","","","","","","","","","","","","","","","","","","","","","","","","","","","","","","","","","","","0.08","42","0.00","0","","19.75",""
"FH3046V","FH3046","BOﾗｸﾞｱｳﾄﾎﾞﾘｭｰﾑﾌｧｰﾊｲｶｯﾄ","","","","80","","0","M","","0","","","","","437","","","0","1","0","0","0","0","0","1","1","0","0","2","0","2","0","0","2","040","3","","2026","156","2026","","130","","","","","","","","","","","","2","","30","20260417","0","","","","3476","0","","","","","","","","","","","","","","","","","","","","","","","","","","","","","","","","","","","","","","","","","","","","","","","","","","","","","","","","","","","","","","","","","","","0.08","42","0.00","0","","19.75",""
"FH3046V","FH3046","BOﾗｸﾞｱｳﾄﾎﾞﾘｭｰﾑﾌｧｰﾊｲｶｯﾄ","","","","90","","0","M","","0","","","","","437","","","0","1","0","0","0","0","0","1","1","0","0","2","0","2","0","0","2","040","3","","2026","156","2026","","130","","","","","","","","","","","","2","","30","20260417","0","","","","3476","0","","","","","","","","","","","","","","","","","","","","","","","","","","","","","","","","","","","","","","","","","","","","","","","","","","","","","","","","","","","","","","","","","","","0.08","42","0.00","0","","19.75",""
"FH3047V","FH3047","SK ﾓﾝﾁｯﾁﾂｲｰﾄﾞﾊｲｶｯﾄ","","","","10","","0","M","","0","","","","","437","","","0","1","0","0","0","0","0","1","1","0","0","2","0","2","0","0","2","040","3","","2026","144","2026","","122","","","","","","","","","","","","2","","30","20260417","0","","","","3334","1500","","","","","","","","","","","","","","","","","","","","","","","","","","","","","","","","","","","","","","","","","","","","","","","","","","","","","","","","","","","","","","","","","","","0.08","42","75.00","0","","18.50",""
"FH3048V","FH3048","BOﾌｧｰWﾊﾞﾝﾄﾞﾊﾟﾝﾀ","","","","80","","0","00","","0","","","","","437","","","0","1","0","0","0","0","0","1","1","0","0","2","0","2","0","0","2","040","3","","2026","000","2026","","130","","","","","","","","","","","","2","","30","20260417","0","","","","0","0","","","","","","","","","","","","","","","","","","","","","","","","","","","","","","","","","","","","","","","","","","","","","","","","","","","","","","","","","","","","","","","","","","","0.08","42","0.00","0","","0.00",""
"FH3048V","FH3048","BOﾌｧｰWﾊﾞﾝﾄﾞﾊﾟﾝﾀ","","","","80","","0","M","","0","","","","","437","","","0","1","0","0","0","0","0","1","1","0","0","2","0","2","0","0","2","040","3","","2026","000","2026","","130","","","","","","","","","","","","2","","30","20260417","0","","","","0","0","","","","","","","","","","","","","","","","","","","","","","","","","","","","","","","","","","","","","","","","","","","","","","","","","","","","","","","","","","","","","","","","","","","0.08","42","0.00","0","","0.00",""
"FH3048V","FH3048","BOﾌｧｰWﾊﾞﾝﾄﾞﾊﾟﾝﾀ","","","","90","","0","00","","0","","","","","437","","","0","1","0","0","0","0","0","1","1","0","0","2","0","2","0","0","2","040","3","","2026","000","2026","","130","","","","","","","","","","","","2","","30","20260417","0","","","","0","0","","","","","","","","","","","","","","","","","","","","","","","","","","","","","","","","","","","","","","","","","","","","","","","","","","","","","","","","","","","","","","","","","","","0.08","42","0.00","0","","0.00",""
"FH3048V","FH3048","BOﾌｧｰWﾊﾞﾝﾄﾞﾊﾟﾝﾀ","","","","90","","0","M","","0","","","","","437","","","0","1","0","0","0","0","0","1","1","0","0","2","0","2","0","0","2","040","3","","2026","000","2026","","130","","","","","","","","","","","","2","","30","20260417","0","","","","0","0","","","","","","","","","","","","","","","","","","","","","","","","","","","","","","","","","","","","","","","","","","","","","","","","","","","","","","","","","","","","","","","","","","","0.08","42","0.00","0","","0.00",""
"FH3049V","FH3049","KE ｶｸﾚﾓﾓｼﾞﾘﾂｲｰﾄﾞﾊｲｶｯﾄ","","","","11","","0","M","","0","","","","","437","","","0","1","0","0","0","0","0","1","1","0","0","2","0","2","0","0","2","040","3","","2026","183","2026","","012","","","","","","","","","","","","2","","30","20260417","0","","","","0","1500","","","","","","","","","","","","","","","","","","","","","","","","","","","","","","","","","","","","","","","","","","","","","","","","","","","","","","","","","","","","","","","","","","","0.08","42","105.00","0","","0.00",""
"FH3050V","FH3050","SR ｳｻﾊﾅﾎﾞｱﾊｲｶｯﾄ","","","","11","","0","M","","0","","","","","437","","","0","1","0","0","0","0","0","1","1","0","0","2","0","2","0","0","2","040","3","","2026","219","2026","","116","","","","","","","","","","","","2","","30","20260417","0","","","","0","1500","","","","","","","","","","","","","","","","","","","","","","","","","","","","","","","","","","","","","","","","","","","","","","","","","","","","","","","","","","","","","","","","","","","0.08","42","120.00","0","","0.00",""
"FH3051V","FH3051","SR ｼｭｶﾞｰﾊﾞﾆｰｽﾞﾎﾞｱﾊｲｶｯﾄ","","","","11","","0","M","","0","","","","","437","","","0","1","0","0","0","0","0","1","1","0","0","2","0","2","0","0","2","040","3","","2026","220","2026","","116","","","","","","","","","","","","2","","30","20260417","0","","","","0","1500","","","","","","","","","","","","","","","","","","","","","","","","","","","","","","","","","","","","","","","","","","","","","","","","","","","","","","","","","","","","","","","","","","","0.08","42","120.00","0","","0.00",""
"FH3052V","FH3052","SR ﾊﾝｷﾞｮﾄﾞﾝﾎﾞｱﾊｲｶｯﾄ","","","","30","","0","M","","0","","","","","437","","","0","1","0","0","0","0","0","1","1","0","0","2","0","2","0","0","2","040","3","","2026","133","2026","","116","","","","","","","","","","","","2","","30","20260417","0","","","","0","1500","","","","","","","","","","","","","","","","","","","","","","","","","","","","","","","","","","","","","","","","","","","","","","","","","","","","","","","","","","","","","","","","","","","0.08","42","120.00","0","","0.00",""
"FH3053V","FH3053","SR ｸﾛﾐﾎﾞｱﾊｲｶｯﾄ","","","","90","","0","M","","0","","","","","437","","","0","1","0","0","0","0","0","1","1","0","0","2","0","2","0","0","2","040","3","","2026","126","2026","","122","","","","","","","","","","","","2","","30","20260417","0","","","","0","1800","","","","","","","","","","","","","","","","","","","","","","","","","","","","","","","","","","","","","","","","","","","","","","","","","","","","","","","","","","","","","","","","","","","0.08","42","144.00","0","","0.00",""
"FH3054V","FH3054","SK ﾓﾝﾁｯﾁﾎﾞｱﾊｲｶｯﾄ","","","","62","","0","M","","0","","","","","437","","","0","1","0","0","0","0","0","1","1","0","0","2","0","2","0","0","2","040","3","","2026","144","2026","","122","","","","","","","","","","","","2","","30","20260417","0","","","","0","1800","","","","","","","","","","","","","","","","","","","","","","","","","","","","","","","","","","","","","","","","","","","","","","","","","","","","","","","","","","","","","","","","","","","0.08","42","90.00","0","","0.00",""
"FH3055V","FH3055","KO ｵﾌﾞﾝｸﾞﾎﾞｱﾊﾟﾝﾀ","","","","62","","0","M","","0","","","","","437","","","0","1","0","0","0","0","0","1","1","0","0","2","0","2","0","0","2","040","3","","2026","217","2026","","133","","","","","","","","","","","","2","","30","20260417","0","","","","0","1500","","","","","","","","","","","","","","","","","","","","","","","","","","","","","","","","","","","","","","","","","","","","","","","","","","","","","","","","","","","","","","","","","","","0.08","42","90.00","0","","0.00",""
"FH3056F","FH3056","DS ｽﾞｰﾄﾋﾟｱﾎﾞｱﾊﾟﾝﾀ","","","","40","","0","M","","0","","","","","411","","","0","1","0","0","0","0","0","1","1","0","0","2","0","2","0","0","2","040","3","","2026","000","2026","","133","","","","","","","","","","","","2","","30","20260417","0","","","","0","1500","","","","","","","","","","","","","","","","","","","","","","","","","","","","","","","","","","","","","","","","","","","","","","","","","","","","","","","","","","","","","","","","","","","0.08","42","157.50","0","","0.00",""
"FJ2084V","FJ2084","KE ﾍﾞﾃｨﾌﾞｰﾌﾟﾎｿﾓｯﾌﾟ","","","","90","","0","M","","0","","","","","437","","","0","1","0","0","0","0","0","1","1","0","0","2","0","2","0","0","2","025","2","","2026","101","2026","","116","","","","","","","","","","","","2","","30","20260417","0","","","","2962","1500","","","","","","","","","","","","","","","","","","","","","","","","","","","","","","","","","","","","","","","","","","","","","","","","","","","","","","","","","","","","","","","","","","","0.034","42","90.00","0","","17.00",""
"FJ2085V","FJ2085","SKﾓﾝﾁｯﾁﾎｿﾓｯﾌﾟ","","","","62","","0","M","","0","","","","","437","","","0","1","0","0","0","0","0","1","1","0","0","2","0","2","0","0","2","022","2","","2026","144","2026","","122","","","","","","","","","","","","2","","30","20260417","0","","","","2989","1500","","","","","","","","","","","","","","","","","","","","","","","","","","","","","","","","","","","","","","","","","","","","","","","","","","","","","","","","","","","","","","","","","","","0.034","42","75.00","0","","17.25",""
"FJ2086V","FJ2086","SB ｼﾝﾁｬﾝﾜﾆﾔﾏｻﾝ","","","","20","","0","M","","0","","","","","437","","","0","1","0","0","0","0","0","1","1","0","0","2","0","2","0","0","2","022","2","","2026","131","2026","","012","","","","","","","","","","","","2","","30","20260417","0","","","","3222","1500","","","","","","","","","","","","","","","","","","","","","","","","","","","","","","","","","","","","","","","","","","","","","","","","","","","","","","","","","","","","","","","","","","","0.034","42","150.00","0","","18.20",""
"FJ2087V","FJ2087","SX ﾘﾗｯｸﾏﾎｿﾓｯﾌﾟ","","","","40","","0","M","","0","","","","","437","","","0","1","0","0","0","0","0","1","1","0","0","2","0","2","0","0","2","022","2","","2026","006","2026","","133","","","","","","","","","","","","2","","30","20260417","0","","","","2599","1500","","","","","","","","","","","","","","","","","","","","","","","","","","","","","","","","","","","","","","","","","","","","","","","","","","","","","","","","","","","","","","","","","","","0.034","42","60.00","0","","15.00",""
"FJ2088V","FJ2088","SR ｾﾞﾌﾞﾗｷﾃｨﾎｿﾓｯﾌﾟ","","","","90","","0","M","","0","","","","","437","","","0","1","0","0","0","0","0","1","1","0","0","2","0","2","0","0","2","025","2","","2026","049","2026","","116","","","","","","","","","","","","2","","30","20260417","0","","","","2942","1500","","","","","","","","","","","","","","","","","","","","","","","","","","","","","","","","","","","","","","","","","","","","","","","","","","","","","","","","","","","","","","","","","","","0.034","42","120.00","0","","16.70",""
"FJ2089V","FJ2089","KO ｵﾌﾞﾝｸﾞﾄｲｯｼｮ ﾎｿﾓｯﾌﾟ","","","","62","","0","M","","0","","","","","437","","","0","1","0","0","0","0","0","1","1","0","0","2","0","2","0","0","2","022","2","","2026","217","2026","","133","","","","","","","","","","","","2","","30","20260417","0","","","","2787","1500","","","","","","","","","","","","","","","","","","","","","","","","","","","","","","","","","","","","","","","","","","","","","","","","","","","","","","","","","","","","","","","","","","","0.034","42","90.00","0","","15.95",""
"FJ2090V","FJ2090","SR ﾊﾛｰｷﾃｨ ﾊﾅｶﾞﾗﾙｰﾑシューズ","","","","11","","0","M","","0","","","","","437","","","0","1","0","0","0","0","0","1","1","0","0","2","0","2","0","0","2","025","2","","2026","049","2026","","327","","","","","","","","","","","","2","","30","20260417","0","","","","2559","1290","","","","","","","","","","","","","","","","","","","","","","","","","","","","","","","","","","","","","","","","","","","","","","","","","","","","","","","","","","","","","","","","","","","0.034","42","103.20","0","","14.50",""
"FJ2091V","FJ2091","ｼｭﾅｳｻﾞｰﾎｿﾓｯﾌﾟ","","","","80","","0","M","","0","","","","","437","","","0","1","0","0","0","0","0","1","1","0","0","2","0","2","0","0","2","022","2","","2026","000","2026","","133","","","","","","","","","","","","2","","30","20260417","0","","","","0","1500","","","","","","","","","","","","","","","","","","","","","","","","","","","","","","","","","","","","","","","","","","","","","","","","","","","","","","","","","","","","","","","","","","","0.034","42","0.00","0","","0.00",""
"FJ2092F","FJ2092","ｼｭﾅｳｻﾞｰ立体RS","","","","81","","0","M","","0","","","","","411","","","0","1","0","0","0","0","0","1","1","0","0","2","0","2","0","0","2","025","2","","2026","000","2026","","130","","","","","","","","","","","","2","","30","20260417","0","","","","4504","0","","","","","","","","","","","","","","","","","","","","","","","","","","","","","","","","","","","","","","","","","","","","","","","","","","","","","","","","","","","","","","","","","","","0.034","42","0.00","0","","26.80",""
"FJ2093V","FJ2093","KE ｱﾗｼｸﾛﾊﾞﾈﾎｿﾓｯﾌﾟ","","","","80","","0","M","","0","","","","","437","","","0","1","0","0","0","0","0","1","1","0","0","2","0","2","0","0","2","022","2","","2026","183","2026","","012","","","","","","","","","","","","2","","30","20260417","0","","","","2644","1500","","","","","","","","","","","","","","","","","","","","","","","","","","","","","","","","","","","","","","","","","","","","","","","","","","","","","","","","","","","","","","","","","","","0.034","42","105.00","0","","15.00",""
"FJ2094W","FJ2094","ﾃﾝﾈﾝﾁｬﾀｹｷﾎﾞﾘﾈｺ","","","","30","","0","M","","0","","","","","105","","","0","1","0","0","0","0","0","1","1","0","0","2","0","2","0","0","2","022","2","","2026","000","2026","","116","","","","","","","","","","","","2","","30","20260417","0","","","","0","490","","","","","","","","","","","","","","","","","","","","","","","","","","","","","","","","","","","","","","","","","","","","","","","","","","","","","","","","","","","","","","","","","","","0.034","45","0.00","0","","0.00",""
"FJ2095F","FJ2095","SR ｳｻﾊﾅ","","","","11","","0","M","","0","","","","","411","","","0","1","0","0","0","0","0","1","1","0","0","2","0","2","0","0","2","025","2","","2026","219","2026","","116","","","","","","","","","","","","2","","30","20260417","0","","","","3358","1500","","","","","","","","","","","","","","","","","","","","","","","","","","","","","","","","","","","","","","","","","","","","","","","","","","","","","","","","","","","","","","","","","","","0.034","42","120.00","0","","19.20",""
"FJ2096F","FJ2096","SR ｼｭｶﾞｰﾊﾞﾆｰｽﾞ","","","","62","","0","M","","0","","","","","411","","","0","1","0","0","0","0","0","1","1","0","0","2","0","2","0","0","2","025","2","","2026","220","2026","","116","","","","","","","","","","","","2","","30","20260417","0","","","","3328","1500","","","","","","","","","","","","","","","","","","","","","","","","","","","","","","","","","","","","","","","","","","","","","","","","","","","","","","","","","","","","","","","","","","","0.034","42","90.00","0","","19.20",""
"FJ2097V","FJ2097","ﾀﾋﾞｽﾘｯﾊﾟ","","","","32","","0","S","","0","","","","","437","","","0","1","0","0","0","0","0","1","1","0","0","2","0","2","0","0","2","022","2","","2026","000","2026","","128","","","","","","","","","","","","2","","30","20260417","0","","","","0","0","","","","","","","","","","","","","","","","","","","","","","","","","","","","","","","","","","","","","","","","","","","","","","","","","","","","","","","","","","","","","","","","","","","0.08","42","0.00","0","","0.00",""
"FJ2097V","FJ2097","ﾀﾋﾞｽﾘｯﾊﾟ","","","","32","","0","M","","0","","","","","437","","","0","1","0","0","0","0","0","1","1","0","0","2","0","2","0","0","2","022","2","","2026","000","2026","","128","","","","","","","","","","","","2","","30","20260417","0","","","","0","0","","","","","","","","","","","","","","","","","","","","","","","","","","","","","","","","","","","","","","","","","","","","","","","","","","","","","","","","","","","","","","","","","","","0.08","42","0.00","0","","0.00",""
"FJ2097V","FJ2097","ﾀﾋﾞｽﾘｯﾊﾟ","","","","32","","0","L","","0","","","","","437","","","0","1","0","0","0","0","0","1","1","0","0","2","0","2","0","0","2","022","2","","2026","000","2026","","128","","","","","","","","","","","","2","","30","20260417","0","","","","0","0","","","","","","","","","","","","","","","","","","","","","","","","","","","","","","","","","","","","","","","","","","","","","","","","","","","","","","","","","","","","","","","","","","","0.08","42","0.00","0","","0.00",""
"FJ2097V","FJ2097","ﾀﾋﾞｽﾘｯﾊﾟ","","","","40","","0","S","","0","","","","","437","","","0","1","0","0","0","0","0","1","1","0","0","2","0","2","0","0","2","022","2","","2026","000","2026","","128","","","","","","","","","","","","2","","30","20260417","0","","","","0","0","","","","","","","","","","","","","","","","","","","","","","","","","","","","","","","","","","","","","","","","","","","","","","","","","","","","","","","","","","","","","","","","","","","0.08","42","0.00","0","","0.00",""
"FJ2097V","FJ2097","ﾀﾋﾞｽﾘｯﾊﾟ","","","","40","","0","M","","0","","","","","437","","","0","1","0","0","0","0","0","1","1","0","0","2","0","2","0","0","2","022","2","","2026","000","2026","","128","","","","","","","","","","","","2","","30","20260417","0","","","","0","0","","","","","","","","","","","","","","","","","","","","","","","","","","","","","","","","","","","","","","","","","","","","","","","","","","","","","","","","","","","","","","","","","","","0.08","42","0.00","0","","0.00",""
"FJ2097V","FJ2097","ﾀﾋﾞｽﾘｯﾊﾟ","","","","40","","0","L","","0","","","","","437","","","0","1","0","0","0","0","0","1","1","0","0","2","0","2","0","0","2","022","2","","2026","000","2026","","128","","","","","","","","","","","","2","","30","20260417","0","","","","0","0","","","","","","","","","","","","","","","","","","","","","","","","","","","","","","","","","","","","","","","","","","","","","","","","","","","","","","","","","","","","","","","","","","","0.08","42","0.00","0","","0.00",""
"FJ2097V","FJ2097","ﾀﾋﾞｽﾘｯﾊﾟ","","","","42","","0","S","","0","","","","","437","","","0","1","0","0","0","0","0","1","1","0","0","2","0","2","0","0","2","022","2","","2026","000","2026","","128","","","","","","","","","","","","2","","30","20260417","0","","","","0","0","","","","","","","","","","","","","","","","","","","","","","","","","","","","","","","","","","","","","","","","","","","","","","","","","","","","","","","","","","","","","","","","","","","0.08","42","0.00","0","","0.00",""
"FJ2097V","FJ2097","ﾀﾋﾞｽﾘｯﾊﾟ","","","","42","","0","M","","0","","","","","437","","","0","1","0","0","0","0","0","1","1","0","0","2","0","2","0","0","2","022","2","","2026","000","2026","","128","","","","","","","","","","","","2","","30","20260417","0","","","","0","0","","","","","","","","","","","","","","","","","","","","","","","","","","","","","","","","","","","","","","","","","","","","","","","","","","","","","","","","","","","","","","","","","","","0.08","42","0.00","0","","0.00",""
"FJ2097V","FJ2097","ﾀﾋﾞｽﾘｯﾊﾟ","","","","42","","0","L","","0","","","","","437","","","0","1","0","0","0","0","0","1","1","0","0","2","0","2","0","0","2","022","2","","2026","000","2026","","128","","","","","","","","","","","","2","","30","20260417","0","","","","0","0","","","","","","","","","","","","","","","","","","","","","","","","","","","","","","","","","","","","","","","","","","","","","","","","","","","","","","","","","","","","","","","","","","","0.08","42","0.00","0","","0.00",""
"FJ2098F","FJ2098","DS ﾂｲステﾌﾞﾙｰﾑRS","","","","90","","0","M","","0","","","","","411","","","0","1","0","0","0","0","0","1","1","0","0","2","0","2","0","0","2","025","2","","2026","005","2026","","327","","","","","","","","","","","","2","","30","20260417","0","","","","3013","1500","","","","","","","","","","","","","","","","","","","","","","","","","","","","","","","","","","","","","","","","","","","","","","","","","","","","","","","","","","","","","","","","","","","0.034","42","157.50","0","","16.90",""
"FJ2099F","FJ2099","DS ﾂｲステｱﾆﾒRS","","","","90","","0","M","","0","","","","","411","","","0","1","0","0","0","0","0","1","1","0","0","2","0","2","0","0","2","025","2","","2026","005","2026","","327","","","","","","","","","","","","2","","30","20260417","0","","","","3013","1500","","","","","","","","","","","","","","","","","","","","","","","","","","","","","","","","","","","","","","","","","","","","","","","","","","","","","","","","","","","","","","","","","","","0.034","42","157.50","0","","16.90",""
"FJ2528V","FJ2528","SRﾎﾟﾑﾎﾟﾑﾌﾟﾘﾝG","","","","20","","0","L","","0","","","","","437","","","0","1","0","0","0","0","0","1","1","0","0","2","0","2","0","0","2","026","2","","2026","044","2026","","012","","","","","","","","","","","","2","","30","20260417","0","","","","2983","1800","","","","","","","","","","","","","","","","","","","","","","","","","","","","","","","","","","","","","","","","","","","","","","","","","","","","","","","","","","","","","","","","","","","0.034","42","144.00","0","","16.80",""
"FJ2529V","FJ2529","SR ﾎﾟﾑﾎﾟﾑﾌﾟﾘﾝY","","","","73","","0","L","","0","","","","","437","","","0","1","0","0","0","0","0","1","1","0","0","2","0","2","0","0","2","026","2","","2026","044","2026","","116","","","","","","","","","","","","2","","30","20260417","0","","","","2983","1800","","","","","","","","","","","","","","","","","","","","","","","","","","","","","","","","","","","","","","","","","","","","","","","","","","","","","","","","","","","","","","","","","","","0.034","42","144.00","0","","16.80",""
"FJ2530V","FJ2530","KE　ﾍﾞﾃｨﾒﾝｽﾞRS","","","","11","","0","L","","0","","","","","437","","","0","1","0","0","0","0","0","1","1","0","0","2","0","2","0","0","2","026","2","","2026","101","2026","","327","","","","","","","","","","","","2","","30","20260417","0","","","","0","1800","","","","","","","","","","","","","","","","","","","","","","","","","","","","","","","","","","","","","","","","","","","","","","","","","","","","","","","","","","","","","","","","","","","0.034","42","108.00","0","","0.00",""
"FJ2531V","FJ2531","TT　ﾆｬﾝｺｾﾝｾｲRS DG","","","","22","","0","L","","0","","","","","437","","","0","1","0","0","0","0","0","1","1","0","0","2","0","2","0","0","2","026","2","","2026","102","2026","","327","","","","","","","","","","","","2","","30","20260417","0","","","","3187","1800","","","","","","","","","","","","","","","","","","","","","","","","","","","","","","","","","","","","","","","","","","","","","","","","","","","","","","","","","","","","","","","","","","","0.034","42","90.00","0","","18.35",""
"FJ2532V","FJ2532","TT　ﾆｬﾝｺｾﾝｾｲRS DB","","","","32","","0","L","","0","","","","","437","","","0","1","0","0","0","0","0","1","1","0","0","2","0","2","0","0","2","026","2","","2026","102","2026","","327","","","","","","","","","","","","2","","30","20260417","0","","","","3303","1800","","","","","","","","","","","","","","","","","","","","","","","","","","","","","","","","","","","","","","","","","","","","","","","","","","","","","","","","","","","","","","","","","","","0.034","42","90.00","0","","19.05",""
"FJ2533V","FJ2533","SRｹﾛｹﾛｹﾛｯﾋﾟG","","","","20","","0","L","","0","","","","","437","","","0","1","0","0","0","0","0","1","1","0","0","2","0","2","0","0","2","026","2","","2026","066","2026","","122","","","","","","","","","","","","2","","30","20260417","0","","","","3257","1800","","","","","","","","","","","","","","","","","","","","","","","","","","","","","","","","","","","","","","","","","","","","","","","","","","","","","","","","","","","","","","","","","","","0.034","42","144.00","0","","18.45",""
"FJ3098V","FJ3098","SK ﾓﾝﾁｯﾁﾊﾟｲﾙﾓｯﾌﾟ","","","","10","","0","M","","0","","","","","437","","","0","1","0","0","0","0","0","1","1","0","0","2","0","2","0","0","2","025","3","","2026","144","2026","","116","","","","","","","","","","","","2","","30","20260417","0","","","","3670","1800","","","","","","","","","","","","","","","","","","","","","","","","","","","","","","","","","","","","","","","","","","","","","","","","","","","","","","","","","","","","","","","","","","","0.034","42","90.00","0","","21.25",""
"FJ3099V","FJ3099","SR ｷﾃｨﾊﾟｲﾙﾓｯﾌﾟ","","","","10","","0","M","","0","","","","","437","","","0","1","0","0","0","0","0","1","1","0","0","2","0","2","0","0","2","025","3","","2026","049","2026","","116","","","","","","","","","","","","2","","30","20260417","0","","","","3599","1800","","","","","","","","","","","","","","","","","","","","","","","","","","","","","","","","","","","","","","","","","","","","","","","","","","","","","","","","","","","","","","","","","","","0.034","42","144.00","0","","20.50",""
"FJ3100V","FJ3100","SR ｷﾃｨｶｶﾄﾂｷﾙｰﾑｼｭｰｽﾞ","","","","90","","0","M","","0","","","","","437","","","0","1","0","0","0","0","0","1","1","0","0","2","0","2","0","0","2","025","3","","2026","049","2026","","327","","","","","","","","","","","","2","","30","20260417","0","","","","0","1500","","","","","","","","","","","","","","","","","","","","","","","","","","","","","","","","","","","","","","","","","","","","","","","","","","","","","","","","","","","","","","","","","","","0.034","42","120.00","0","","0.00",""
"FJ3101V","FJ3101","SR ｸﾛﾐｶｶﾄﾂｷﾙｰﾑｼｭｰｽﾞ","","","","50","","0","M","","0","","","","","437","","","0","1","0","0","0","0","0","1","1","0","0","2","0","2","0","0","2","025","3","","2026","049","2026","","327","","","","","","","","","","","","2","","30","20260417","0","","","","0","1500","","","","","","","","","","","","","","","","","","","","","","","","","","","","","","","","","","","","","","","","","","","","","","","","","","","","","","","","","","","","","","","","","","","0.034","42","120.00","0","","0.00",""
"FJ3102V","FJ3102","SR ｷﾃｨﾓﾁﾓﾁﾙｰﾑｼｭｰｽﾞ","","","","11","","0","M","","0","","","","","437","","","0","1","0","0","0","0","0","1","1","0","0","2","0","2","0","0","2","025","3","","2026","049","2026","","012","","","","","","","","","","","","2","","30","20260417","0","","","","0","1500","","","","","","","","","","","","","","","","","","","","","","","","","","","","","","","","","","","","","","","","","","","","","","","","","","","","","","","","","","","","","","","","","","","0.034","42","120.00","0","","0.00",""
"FJ3103V","FJ3103","SR ｸﾛﾐﾓﾁﾓﾁﾙｰﾑｼｭｰｽﾞ","","","","50","","0","M","","0","","","","","437","","","0","1","0","0","0","0","0","1","1","0","0","2","0","2","0","0","2","025","3","","2026","126","2026","","012","","","","","","","","","","","","2","","30","20260417","0","","","","0","1500","","","","","","","","","","","","","","","","","","","","","","","","","","","","","","","","","","","","","","","","","","","","","","","","","","","","","","","","","","","","","","","","","","","0.034","42","120.00","0","","0.00",""
"FJ3104F","FJ3104","SR ｷﾃｨﾇｲRS","","","","11","","0","M","","0","","","","","411","","","0","1","0","0","0","0","0","1","1","0","0","2","0","2","0","0","2","025","3","","2026","049","2026","","116","","","","","","","","","","","","2","","30","20260417","0","","","","0","2800","","","","","","","","","","","","","","","","","","","","","","","","","","","","","","","","","","","","","","","","","","","","","","","","","","","","","","","","","","","","","","","","","","","0.034","42","224.00","0","","0.00",""
"FJ3105F","FJ3105","ﾑｼﾞ","","","","11","","0","M","","0","","","","","411","","","0","1","0","0","0","0","0","1","1","0","0","2","0","2","0","0","2","025","3","","2026","000","2026","","128","","","","","","","","","","","","2","","30","20260417","0","","","","0","0","","","","","","","","","","","","","","","","","","","","","","","","","","","","","","","","","","","","","","","","","","","","","","","","","","","","","","","","","","","","","","","","","","","0.034","42","0.00","0","","0.00",""
"FJ3105F","FJ3105","ﾑｼﾞ","","","","60","","0","M","","0","","","","","411","","","0","1","0","0","0","0","0","1","1","0","0","2","0","2","0","0","2","025","3","","2026","000","2026","","128","","","","","","","","","","","","2","","30","20260417","0","","","","0","0","","","","","","","","","","","","","","","","","","","","","","","","","","","","","","","","","","","","","","","","","","","","","","","","","","","","","","","","","","","","","","","","","","","0.034","42","0.00","0","","0.00",""
"FJ3541F","FJ3541","ﾑｼﾞ","","","","80","","0","L","","0","","","","","411","","","0","1","0","0","0","0","0","1","1","0","0","2","0","2","0","0","2","026","3","","2026","000","2026","","128","","","","","","","","","","","","2","","30","20260417","0","","","","0","0","","","","","","","","","","","","","","","","","","","","","","","","","","","","","","","","","","","","","","","","","","","","","","","","","","","","","","","","","","","","","","","","","","","0.034","42","0.00","0","","0.00",""
"FJ3541F","FJ3541","ﾑｼﾞ","","","","90","","0","L","","0","","","","","411","","","0","1","0","0","0","0","0","1","1","0","0","2","0","2","0","0","2","026","3","","2026","000","2026","","128","","","","","","","","","","","","2","","30","20260417","0","","","","0","0","","","","","","","","","","","","","","","","","","","","","","","","","","","","","","","","","","","","","","","","","","","","","","","","","","","","","","","","","","","","","","","","","","","0.034","42","0.00","0","","0.00",""
"FL2039V","FL2039","3Eｱｰﾁﾐﾆｻﾓｴﾄﾞ","","","","20","","0","M","","0","","","","","437","","","0","1","0","0","0","0","0","1","1","0","0","2","0","2","0","0","2","043","2","","2026","000","2026","","116","","","","","","","","","","","","2","","3","20260417","550","","","","2598","890","","","","","","","","","","","","","","","","","","","","","","","","","","","","","","","","","","","","","","","","","","","","","","","","","","","","","","","","","","","","","","","","","","","0.08","42","0.00","0","","14.70",""
"FL2040V","FL2040","3Eｱｰﾁﾐﾆｸﾏ","","","","32","","0","M","","0","","","","","437","","","0","1","0","0","0","0","0","1","1","0","0","2","0","2","0","0","2","043","2","","2026","000","2026","","116","","","","","","","","","","","","2","","3","20260417","550","","","","2598","890","","","","","","","","","","","","","","","","","","","","","","","","","","","","","","","","","","","","","","","","","","","","","","","","","","","","","","","","","","","","","","","","","","","0.08","42","0.00","0","","14.70",""
"FM2000F","FM2000","SXﾘﾗｯｸﾏｸﾆｬｯｸ","","","","40","","0","M","","0","","","","","411","","","0","1","0","0","0","0","0","1","1","0","0","2","0","2","0","0","2","028","2","","2026","006","2026","","122","","","","","","","","","","","","2","","30","20260417","0","","","","0","1980","","","","","","","","","","","","","","","","","","","","","","","","","","","","","","","","","","","","","","","","","","","","","","","","","","","","","","","","","","","","","","","","","","","0.034","42","79.20","0","","0.00",""
"FM2001F","FM2001","SXｺﾘﾗｯｸﾏｸﾆｬｯｸ","","","","62","","0","M","","0","","","","","411","","","0","1","0","0","0","0","0","1","1","0","0","2","0","2","0","0","2","028","2","","2026","006","2026","","122","","","","","","","","","","","","2","","30","20260417","0","","","","0","1980","","","","","","","","","","","","","","","","","","","","","","","","","","","","","","","","","","","","","","","","","","","","","","","","","","","","","","","","","","","","","","","","","","","0.034","42","79.20","0","","0.00",""
"FM2002F","FM2002","SX ｷｲﾛｲﾄﾘｸﾆｬｯｸ","","","","70","","0","M","","0","","","","","411","","","0","1","0","0","0","0","0","1","1","0","0","2","0","2","0","0","2","028","2","","2026","006","2026","","133","","","","","","","","","","","","2","","30","20260417","0","","","","0","1980","","","","","","","","","","","","","","","","","","","","","","","","","","","","","","","","","","","","","","","","","","","","","","","","","","","","","","","","","","","","","","","","","","","0.034","42","79.20","0","","0.00",""
"FM2003F","FM2003","EC ﾊﾗﾍﾟｺｸﾆｬｯｸ","","","","10","","0","M","","0","","","","","411","","","0","1","0","0","0","0","0","1","1","0","0","2","0","2","0","0","2","028","2","","2026","036","2026","","012","","","","","","","","","","","","2","","30","20260417","0","","","","0","1980","","","","","","","","","","","","","","","","","","","","","","","","","","","","","","","","","","","","","","","","","","","","","","","","","","","","","","","","","","","","","","","","","","","0.034","42","99.00","0","","0.00",""
"FM2004F","FM2004","DS ｼﾞｬｯｸｸﾆｬｯｸ","","","","60","","0","L","","0","","","","","411","","","0","1","0","0","0","0","0","1","1","0","0","2","0","2","0","0","2","028","2","","2026","005","2026","","133","","","","","","","","","","","","2","","30","20260417","0","","","","0","2300","","","","","","","","","","","","","","","","","","","","","","","","","","","","","","","","","","","","","","","","","","","","","","","","","","","","","","","","","","","","","","","","","","","0.034","42","0.00","0","","0.00",""
"FM2500F","FM2500","DS ｵﾗﾌｸﾆｬｯｸ","","","","60","","0","L","","0","","","","","411","","","0","1","0","0","0","0","0","1","1","0","0","2","0","2","0","0","2","029","2","","2026","005","2026","","116","","","","","","","","","","","","2","","30","20260417","0","","","","0","2300","","","","","","","","","","","","","","","","","","","","","","","","","","","","","","","","","","","","","","","","","","","","","","","","","","","","","","","","","","","","","","","","","","","0.034","42","241.50","0","","0.00",""
"FM2501F","FM2501","DS ルシファーｸﾆｬｯｸ","","","","80","","0","L","","0","","","","","411","","","0","1","0","0","0","0","0","1","1","0","0","2","0","2","0","0","2","029","2","","2026","005","2026","","122","","","","","","","","","","","","2","","30","20260417","0","","","","0","2300","","","","","","","","","","","","","","","","","","","","","","","","","","","","","","","","","","","","","","","","","","","","","","","","","","","","","","","","","","","","","","","","","","","0.034","42","241.50","0","","0.00",""
"FM2502F","FM2502","DS ﾁｪｼｬﾈｺｸﾆｬｯｸ","","","","50","","0","L","","0","","","","","411","","","0","1","0","0","0","0","0","1","1","0","0","2","0","2","0","0","2","029","2","","2026","005","2026","","327","","","","","","","","","","","","2","","30","20260417","0","","","","0","2300","","","","","","","","","","","","","","","","","","","","","","","","","","","","","","","","","","","","","","","","","","","","","","","","","","","","","","","","","","","","","","","","","","","0.034","42","241.50","0","","0.00",""
"FM2503F","FM2503","DS ｾﾞﾛｸﾆｬｯｸ","","","","60","","0","L","","0","","","","","411","","","0","1","0","0","0","0","0","1","1","0","0","2","0","2","0","0","2","029","2","","2026","005","2026","","116","","","","","","","","","","","","2","","30","20260417","0","","","","0","2300","","","","","","","","","","","","","","","","","","","","","","","","","","","","","","","","","","","","","","","","","","","","","","","","","","","","","","","","","","","","","","","","","","","0.034","42","241.50","0","","0.00",""
"FM2504F","FM2504","DS ｼﾞｬｯｸｸﾆｬｯｸ","","","","60","","0","L","","0","","","","","411","","","0","1","0","0","0","0","0","1","1","0","0","2","0","2","0","0","2","029","2","","2026","005","2026","","133","","","","","","","","","","","","2","","30","20260417","0","","","","0","2300","","","","","","","","","","","","","","","","","","","","","","","","","","","","","","","","","","","","","","","","","","","","","","","","","","","","","","","","","","","","","","","","","","","0.034","42","241.50","0","","0.00",""
"FM2505F","FM2505","SR ｷﾃｨｸﾆｬｯｸ","","","","60","","0","L","","0","","","","","411","","","0","1","0","0","0","0","0","1","1","0","0","2","0","2","0","0","2","029","2","","2026","049","2026","","012","","","","","","","","","","","","2","","30","20260417","0","","","","0","2300","","","","","","","","","","","","","","","","","","","","","","","","","","","","","","","","","","","","","","","","","","","","","","","","","","","","","","","","","","","","","","","","","","","0.034","42","184.00","0","","0.00",""
"FM2506F","FM2506","SR ﾊﾝｷﾞｮﾄﾞﾝｸﾆｬｯｸ","","","","30","","0","L","","0","","","","","411","","","0","1","0","0","0","0","0","1","1","0","0","2","0","2","0","0","2","029","2","","2026","133","2026","","012","","","","","","","","","","","","2","","30","20260417","0","","","","0","2300","","","","","","","","","","","","","","","","","","","","","","","","","","","","","","","","","","","","","","","","","","","","","","","","","","","","","","","","","","","","","","","","","","","0.034","42","184.00","0","","0.00",""
"FM3027F","FM3027","ﾉﾝｷｬﾗ立体ｼｭﾅｳｻﾞｰｸﾆｬｯｸ","","","","80","","0","M","","0","","","","","411","","","0","1","0","0","0","0","0","1","1","0","0","2","0","2","0","0","2","028","3","","2026","000","2026","","130","","","","","","","","","","","","2","","30","20260417","0","","","","0","0","","","","","","","","","","","","","","","","","","","","","","","","","","","","","","","","","","","","","","","","","","","","","","","","","","","","","","","","","","","","","","","","","","","0.034","42","0.00","0","","0.00",""
"FM3028F","FM3028","ﾉﾝｷｬﾗ立体ﾋﾞｼｮﾝｸﾆｬｯｸ","","","","60","","0","M","","0","","","","","411","","","0","1","0","0","0","0","0","1","1","0","0","2","0","2","0","0","2","028","3","","2026","000","2026","","130","","","","","","","","","","","","2","","30","20260417","0","","","","0","0","","","","","","","","","","","","","","","","","","","","","","","","","","","","","","","","","","","","","","","","","","","","","","","","","","","","","","","","","","","","","","","","","","","0.034","42","0.00","0","","0.00",""
"FM3504F","FM3504","DS ｵﾗﾌｸﾆｬｯｸ","","","","60","","0","L","","0","","","","","411","","","0","1","0","0","0","0","0","1","1","0","0","2","0","2","0","0","2","029","3","","2026","005","2026","","116","","","","","","","","","","","","2","","30","20260417","0","","","","0","2300","","","","","","","","","","","","","","","","","","","","","","","","","","","","","","","","","","","","","","","","","","","","","","","","","","","","","","","","","","","","","","","","","","","0.034","42","241.50","0","","0.00",""
"FS2021J","FS2021","ｼﾊﾞｲﾇﾁｬｰﾑ　ｻﾝﾀﾞﾙ","","","","62","","0","M","","0","","","","","404","","","0","1","0","0","0","0","0","1","1","0","0","2","0","2","0","0","2","052","2","","2026","000","2026","","117","","","","","","","","","","","","2","","30","20260417","0","","","","0","0","","","","","","","","","","","","","","","","","","","","","","","","","","","","","","","","","","","","","","","","","","","","","","","","","","","","","","","","","","","","","","","","","","","0.1","27","0.00","0","","0.00",""
"FS2021J","FS2021","ｼﾊﾞｲﾇﾁｬｰﾑ　ｻﾝﾀﾞﾙ","","","","62","","0","L","","0","","","","","404","","","0","1","0","0","0","0","0","1","1","0","0","2","0","2","0","0","2","052","2","","2026","000","2026","","117","","","","","","","","","","","","2","","30","20260417","0","","","","0","0","","","","","","","","","","","","","","","","","","","","","","","","","","","","","","","","","","","","","","","","","","","","","","","","","","","","","","","","","","","","","","","","","","","0.1","27","0.00","0","","0.00",""
"FS2022F","FS2022","ｼﾛﾈｺ　ﾇｲｸﾞﾙﾐｼﾞﾋﾞｯﾂ","","","","11","","0","M","","0","","","","","411","","","0","1","0","0","0","0","0","1","1","0","0","2","0","2","0","0","4","052","2","","2026","000","2026","","128","","","","","","","","","","","","2","","30","20260417","0","","","","4806","1290","","","","","","","","","","","","","","","","","","","","","","","","","","","","","","","","","","","","","","","","","","","","","","","","","","","","","","","","","","","","","","","","","","","0.1","42","0.00","0","","26.90",""
"FS2022F","FS2022","ｼﾛﾈｺ　ﾇｲｸﾞﾙﾐｼﾞﾋﾞｯﾂ","","","","11","","0","L","","0","","","","","411","","","0","1","0","0","0","0","0","1","1","0","0","2","0","2","0","0","4","052","2","","2026","000","2026","","128","","","","","","","","","","","","2","","30","20260417","0","","","","4806","1290","","","","","","","","","","","","","","","","","","","","","","","","","","","","","","","","","","","","","","","","","","","","","","","","","","","","","","","","","","","","","","","","","","","0.1","42","0.00","0","","26.90",""
"FS2023F","FS2023","透明PVC","","","","11","","0","M","","0","","","","","411","","","0","1","0","0","0","0","0","1","1","0","0","2","0","2","0","0","4","052","2","","2026","000","2026","","117","","","","","","","","","","","","2","","30","20260417","0","","","","3442","0","","","","","","","","","","","","","","","","","","","","","","","","","","","","","","","","","","","","","","","","","","","","","","","","","","","","","","","","","","","","","","","","","","","0.1","42","0.00","0","","19.20",""
"FS2023F","FS2023","透明PVC","","","","11","","0","L","","0","","","","","411","","","0","1","0","0","0","0","0","1","1","0","0","2","0","2","0","0","4","052","2","","2026","000","2026","","117","","","","","","","","","","","","2","","30","20260417","0","","","","3442","0","","","","","","","","","","","","","","","","","","","","","","","","","","","","","","","","","","","","","","","","","","","","","","","","","","","","","","","","","","","","","","","","","","","0.1","42","0.00","0","","19.20",""
"FS2023F","FS2023","透明PVC","","","","20","","0","M","","0","","","","","411","","","0","1","0","0","0","0","0","1","1","0","0","2","0","2","0","0","4","052","2","","2026","000","2026","","117","","","","","","","","","","","","2","","30","20260417","0","","","","3442","0","","","","","","","","","","","","","","","","","","","","","","","","","","","","","","","","","","","","","","","","","","","","","","","","","","","","","","","","","","","","","","","","","","","0.1","42","0.00","0","","19.20",""
"FS2023F","FS2023","透明PVC","","","","20","","0","L","","0","","","","","411","","","0","1","0","0","0","0","0","1","1","0","0","2","0","2","0","0","4","052","2","","2026","000","2026","","117","","","","","","","","","","","","2","","30","20260417","0","","","","3442","0","","","","","","","","","","","","","","","","","","","","","","","","","","","","","","","","","","","","","","","","","","","","","","","","","","","","","","","","","","","","","","","","","","","0.1","42","0.00","0","","19.20",""
"FS2023F","FS2023","透明PVC","","","","90","","0","M","","0","","","","","411","","","0","1","0","0","0","0","0","1","1","0","0","2","0","2","0","0","4","052","2","","2026","000","2026","","117","","","","","","","","","","","","2","","30","20260417","0","","","","3442","0","","","","","","","","","","","","","","","","","","","","","","","","","","","","","","","","","","","","","","","","","","","","","","","","","","","","","","","","","","","","","","","","","","","0.1","42","0.00","0","","19.20",""
"FS2023F","FS2023","透明PVC","","","","90","","0","L","","0","","","","","411","","","0","1","0","0","0","0","0","1","1","0","0","2","0","2","0","0","4","052","2","","2026","000","2026","","117","","","","","","","","","","","","2","","30","20260417","0","","","","3442","0","","","","","","","","","","","","","","","","","","","","","","","","","","","","","","","","","","","","","","","","","","","","","","","","","","","","","","","","","","","","","","","","","","","0.1","42","0.00","0","","19.20",""
"FS2024J","FS2024","ｺｱﾗﾉﾏｰﾁｼﾞﾋﾞｯﾂｻﾝﾀﾞﾙ","","","","20","","0","M","","0","","","","","404","","","0","1","0","0","0","0","0","1","1","0","0","2","0","2","0","0","4","052","2","","2026","000","2026","","133","","","","","","","","","","","","2","","30","20260417","0","","","","0","0","","","","","","","","","","","","","","","","","","","","","","","","","","","","","","","","","","","","","","","","","","","","","","","","","","","","","","","","","","","","","","","","","","","0.1","27","0.00","0","","0.00",""
"FS2024J","FS2024","ｺｱﾗﾉﾏｰﾁｼﾞﾋﾞｯﾂｻﾝﾀﾞﾙ","","","","20","","0","L","","0","","","","","404","","","0","1","0","0","0","0","0","1","1","0","0","2","0","2","0","0","4","052","2","","2026","000","2026","","133","","","","","","","","","","","","2","","30","20260417","0","","","","0","0","","","","","","","","","","","","","","","","","","","","","","","","","","","","","","","","","","","","","","","","","","","","","","","","","","","","","","","","","","","","","","","","","","","0.1","27","0.00","0","","0.00",""
"FS2024J","FS2024","ｺｱﾗﾉﾏｰﾁｼﾞﾋﾞｯﾂｻﾝﾀﾞﾙ","","","","90","","0","M","","0","","","","","404","","","0","1","0","0","0","0","0","1","1","0","0","2","0","2","0","0","4","052","2","","2026","000","2026","","133","","","","","","","","","","","","2","","30","20260417","0","","","","0","0","","","","","","","","","","","","","","","","","","","","","","","","","","","","","","","","","","","","","","","","","","","","","","","","","","","","","","","","","","","","","","","","","","","0.1","27","0.00","0","","0.00",""
"FS2024J","FS2024","ｺｱﾗﾉﾏｰﾁｼﾞﾋﾞｯﾂｻﾝﾀﾞﾙ","","","","90","","0","L","","0","","","","","404","","","0","1","0","0","0","0","0","1","1","0","0","2","0","2","0","0","4","052","2","","2026","000","2026","","133","","","","","","","","","","","","2","","30","20260417","0","","","","0","0","","","","","","","","","","","","","","","","","","","","","","","","","","","","","","","","","","","","","","","","","","","","","","","","","","","","","","","","","","","","","","","","","","","0.1","27","0.00","0","","0.00",""
"FS2025J","FS2025","ｾｲﾌﾞﾗｲｵﾝｽﾞｼﾞﾋﾞｯﾂﾛｺﾞ","","","","30","","0","M","","0","","","","","404","","","0","1","0","0","0","0","0","1","1","0","0","2","0","2","0","0","4","052","2","","2026","221","2026","","116","","","","","","","","","","","","2","","30","20260417","0","","","","0","0","","","","","","","","","","","","","","","","","","","","","","","","","","","","","","","","","","","","","","","","","","","","","","","","","","","","","","","","","","","","","","","","","","","0.1","27","0.00","0","","0.00",""
"FS2025J","FS2025","ｾｲﾌﾞﾗｲｵﾝｽﾞｼﾞﾋﾞｯﾂﾛｺﾞ","","","","30","","0","L","","0","","","","","404","","","0","1","0","0","0","0","0","1","1","0","0","2","0","2","0","0","4","052","2","","2026","221","2026","","116","","","","","","","","","","","","2","","30","20260417","0","","","","0","0","","","","","","","","","","","","","","","","","","","","","","","","","","","","","","","","","","","","","","","","","","","","","","","","","","","","","","","","","","","","","","","","","","","0.1","27","0.00","0","","0.00",""
"FS2025J","FS2025","ｾｲﾌﾞﾗｲｵﾝｽﾞｼﾞﾋﾞｯﾂﾛｺﾞ","","","","30","","0","LL","","0","","","","","404","","","0","1","0","0","0","0","0","1","1","0","0","2","0","2","0","0","4","052","2","","2026","221","2026","","116","","","","","","","","","","","","2","","30","20260417","0","","","","0","0","","","","","","","","","","","","","","","","","","","","","","","","","","","","","","","","","","","","","","","","","","","","","","","","","","","","","","","","","","","","","","","","","","","0.1","27","0.00","0","","0.00",""
"FS2026J","FS2026","ｾｲﾌﾞﾗｲｵﾝｽﾞｼﾞﾋﾞｯﾂﾚｵﾗｲﾅ","","","","32","","0","M","","0","","","","","404","","","0","1","0","0","0","0","0","1","1","0","0","2","0","2","0","0","4","052","2","","2026","221","2026","","116","","","","","","","","","","","","2","","30","20260417","0","","","","0","0","","","","","","","","","","","","","","","","","","","","","","","","","","","","","","","","","","","","","","","","","","","","","","","","","","","","","","","","","","","","","","","","","","","0.1","27","0.00","0","","0.00",""
"FS2026J","FS2026","ｾｲﾌﾞﾗｲｵﾝｽﾞｼﾞﾋﾞｯﾂﾚｵﾗｲﾅ","","","","32","","0","L","","0","","","","","404","","","0","1","0","0","0","0","0","1","1","0","0","2","0","2","0","0","4","052","2","","2026","221","2026","","116","","","","","","","","","","","","2","","30","20260417","0","","","","0","0","","","","","","","","","","","","","","","","","","","","","","","","","","","","","","","","","","","","","","","","","","","","","","","","","","","","","","","","","","","","","","","","","","","0.1","27","0.00","0","","0.00",""
"FS2026J","FS2026","ｾｲﾌﾞﾗｲｵﾝｽﾞｼﾞﾋﾞｯﾂﾚｵﾗｲﾅ","","","","32","","0","LL","","0","","","","","404","","","0","1","0","0","0","0","0","1","1","0","0","2","0","2","0","0","4","052","2","","2026","221","2026","","116","","","","","","","","","","","","2","","30","20260417","0","","","","0","0","","","","","","","","","","","","","","","","","","","","","","","","","","","","","","","","","","","","","","","","","","","","","","","","","","","","","","","","","","","","","","","","","","","0.1","27","0.00","0","","0.00",""
"FS2027F","FS2027","SK ﾓﾝﾁｯﾁｼｬﾜｰｻﾝﾀﾞﾙB","","","","30","","0","M","","0","","","","","411","","","0","1","0","0","0","0","0","1","1","0","0","2","0","2","0","0","4","052","2","","2026","144","2026","","327","","","","","","","","","","","","2","","30","20260417","0","","","","0","1490","","","","","","","","","","","","","","","","","","","","","","","","","","","","","","","","","","","","","","","","","","","","","","","","","","","","","","","","","","","","","","","","","","","0.08","42","74.50","0","","0.00",""
"FS2027F","FS2027","SK ﾓﾝﾁｯﾁｼｬﾜｰｻﾝﾀﾞﾙB","","","","30","","0","L","","0","","","","","411","","","0","1","0","0","0","0","0","1","1","0","0","2","0","2","0","0","4","052","2","","2026","144","2026","","327","","","","","","","","","","","","2","","30","20260417","0","","","","0","1490","","","","","","","","","","","","","","","","","","","","","","","","","","","","","","","","","","","","","","","","","","","","","","","","","","","","","","","","","","","","","","","","","","","0.08","42","74.50","0","","0.00",""
"FS2027F","FS2027","SK ﾓﾝﾁｯﾁｼｬﾜｰｻﾝﾀﾞﾙB","","","","30","","0","LL","","0","","","","","411","","","0","1","0","0","0","0","0","1","1","0","0","2","0","2","0","0","4","052","2","","2026","144","2026","","327","","","","","","","","","","","","2","","30","20260417","0","","","","0","1490","","","","","","","","","","","","","","","","","","","","","","","","","","","","","","","","","","","","","","","","","","","","","","","","","","","","","","","","","","","","","","","","","","","0.08","42","74.50","0","","0.00",""
"FS2028F","FS2028","SK ﾓﾝﾁｯﾁｼｬﾜｰｻﾝﾀﾞﾙBE","","","","62","","0","M","","0","","","","","411","","","0","1","0","0","0","0","0","1","1","0","0","2","0","2","0","0","4","052","2","","2026","144","2026","","327","","","","","","","","","","","","2","","30","20260417","0","","","","0","1490","","","","","","","","","","","","","","","","","","","","","","","","","","","","","","","","","","","","","","","","","","","","","","","","","","","","","","","","","","","","","","","","","","","0.08","42","74.50","0","","0.00",""
"FS2028F","FS2028","SK ﾓﾝﾁｯﾁｼｬﾜｰｻﾝﾀﾞﾙBE","","","","62","","0","L","","0","","","","","411","","","0","1","0","0","0","0","0","1","1","0","0","2","0","2","0","0","4","052","2","","2026","144","2026","","327","","","","","","","","","","","","2","","30","20260417","0","","","","0","1490","","","","","","","","","","","","","","","","","","","","","","","","","","","","","","","","","","","","","","","","","","","","","","","","","","","","","","","","","","","","","","","","","","","0.08","42","74.50","0","","0.00",""
"FS2028F","FS2028","SK ﾓﾝﾁｯﾁｼｬﾜｰｻﾝﾀﾞﾙBE","","","","62","","0","LL","","0","","","","","411","","","0","1","0","0","0","0","0","1","1","0","0","2","0","2","0","0","4","052","2","","2026","144","2026","","327","","","","","","","","","","","","2","","30","20260417","0","","","","0","1490","","","","","","","","","","","","","","","","","","","","","","","","","","","","","","","","","","","","","","","","","","","","","","","","","","","","","","","","","","","","","","","","","","","0.08","42","74.50","0","","0.00",""
"FS2029J","FS2029","SKﾋﾔｹﾓﾝﾁｯﾁｻﾝﾀﾞﾙ","","","","30","","0","M","","0","","","","","404","","","0","1","0","0","0","0","0","1","1","0","0","2","0","2","0","0","4","052","2","","2026","144","2026","","122","","","","","","","","","","","","2","","30","20260417","0","","","","0","1290","","","","","","","","","","","","","","","","","","","","","","","","","","","","","","","","","","","","","","","","","","","","","","","","","","","","","","","","","","","","","","","","","","","0.1","27","64.50","0","","0.00",""
"FS2029J","FS2029","SKﾋﾔｹﾓﾝﾁｯﾁｻﾝﾀﾞﾙ","","","","30","","0","L","","0","","","","","404","","","0","1","0","0","0","0","0","1","1","0","0","2","0","2","0","0","4","052","2","","2026","144","2026","","122","","","","","","","","","","","","2","","30","20260417","0","","","","0","1290","","","","","","","","","","","","","","","","","","","","","","","","","","","","","","","","","","","","","","","","","","","","","","","","","","","","","","","","","","","","","","","","","","","0.1","27","64.50","0","","0.00",""
"FS2030J","FS2030","SKﾋﾔｹﾓﾝﾁｯﾁｻﾝﾀﾞﾙBK","","","","90","","0","M","","0","","","","","404","","","0","1","0","0","0","0","0","1","1","0","0","2","0","2","0","0","4","052","2","","2026","144","2026","","012","","","","","","","","","","","","2","","30","20260417","0","","","","0","1290","","","","","","","","","","","","","","","","","","","","","","","","","","","","","","","","","","","","","","","","","","","","","","","","","","","","","","","","","","","","","","","","","","","0.1","27","64.50","0","","0.00",""
"FS2030J","FS2030","SKﾋﾔｹﾓﾝﾁｯﾁｻﾝﾀﾞﾙBK","","","","90","","0","L","","0","","","","","404","","","0","1","0","0","0","0","0","1","1","0","0","2","0","2","0","0","4","052","2","","2026","144","2026","","012","","","","","","","","","","","","2","","30","20260417","0","","","","0","1290","","","","","","","","","","","","","","","","","","","","","","","","","","","","","","","","","","","","","","","","","","","","","","","","","","","","","","","","","","","","","","","","","","","0.1","27","64.50","0","","0.00",""
"FS2031F","FS2031","ｺｼｶﾞﾔｱﾙﾌｧｰｽﾞｻﾝﾀﾞﾙR","","","","10","","0","M","","0","","","","","411","","","0","1","0","0","0","0","0","1","1","0","0","2","0","2","0","0","4","052","2","","2026","222","2026","","012","","","","","","","","","","","","2","","30","20260417","0","","","","0","1790","","","","","","","","","","","","","","","","","","","","","","","","","","","","","","","","","","","","","","","","","","","","","","","","","","","","","","","","","","","","","","","","","","","0.08","42","53.70","0","","0.00",""
"FS2031F","FS2031","ｺｼｶﾞﾔｱﾙﾌｧｰｽﾞｻﾝﾀﾞﾙR","","","","10","","0","L","","0","","","","","411","","","0","1","0","0","0","0","0","1","1","0","0","2","0","2","0","0","4","052","2","","2026","222","2026","","012","","","","","","","","","","","","2","","30","20260417","0","","","","0","1790","","","","","","","","","","","","","","","","","","","","","","","","","","","","","","","","","","","","","","","","","","","","","","","","","","","","","","","","","","","","","","","","","","","0.08","42","53.70","0","","0.00",""
"FS2031F","FS2031","ｺｼｶﾞﾔｱﾙﾌｧｰｽﾞｻﾝﾀﾞﾙR","","","","10","","0","LL","","0","","","","","411","","","0","1","0","0","0","0","0","1","1","0","0","2","0","2","0","0","4","052","2","","2026","222","2026","","012","","","","","","","","","","","","2","","30","20260417","0","","","","0","1790","","","","","","","","","","","","","","","","","","","","","","","","","","","","","","","","","","","","","","","","","","","","","","","","","","","","","","","","","","","","","","","","","","","0.08","42","53.70","0","","0.00",""
"FS2032F","FS2032","ｺｼｶﾞﾔｱﾙﾌｧｰｽﾞｻﾝﾀﾞﾙBK","","","","90","","0","M","","0","","","","","411","","","0","1","0","0","0","0","0","1","1","0","0","2","0","2","0","0","4","052","2","","2026","222","2026","","012","","","","","","","","","","","","2","","30","20260417","0","","","","0","1790","","","","","","","","","","","","","","","","","","","","","","","","","","","","","","","","","","","","","","","","","","","","","","","","","","","","","","","","","","","","","","","","","","","0.08","42","53.70","0","","0.00",""
"FS2032F","FS2032","ｺｼｶﾞﾔｱﾙﾌｧｰｽﾞｻﾝﾀﾞﾙBK","","","","90","","0","L","","0","","","","","411","","","0","1","0","0","0","0","0","1","1","0","0","2","0","2","0","0","4","052","2","","2026","222","2026","","012","","","","","","","","","","","","2","","30","20260417","0","","","","0","1790","","","","","","","","","","","","","","","","","","","","","","","","","","","","","","","","","","","","","","","","","","","","","","","","","","","","","","","","","","","","","","","","","","","0.08","42","53.70","0","","0.00",""
"FS2032F","FS2032","ｺｼｶﾞﾔｱﾙﾌｧｰｽﾞｻﾝﾀﾞﾙBK","","","","90","","0","LL","","0","","","","","411","","","0","1","0","0","0","0","0","1","1","0","0","2","0","2","0","0","4","052","2","","2026","222","2026","","012","","","","","","","","","","","","2","","30","20260417","0","","","","0","1790","","","","","","","","","","","","","","","","","","","","","","","","","","","","","","","","","","","","","","","","","","","","","","","","","","","","","","","","","","","","","","","","","","","0.08","42","53.70","0","","0.00",""
"FS2521F","FS2521","ｺｼｶﾞﾔｱﾙﾌｧｰｽﾞｻﾝﾀﾞﾙR","","","","10","","0","M","","0","","","","","411","","","0","1","0","0","0","0","0","1","1","0","0","2","0","2","0","0","4","053","2","","2026","222","2026","","012","","","","","","","","","","","","2","","30","20260417","0","","","","0","1490","","","","","","","","","","","","","","","","","","","","","","","","","","","","","","","","","","","","","","","","","","","","","","","","","","","","","","","","","","","","","","","","","","","0.1","42","44.70","0","","0.00",""
"FS2521F","FS2521","ｺｼｶﾞﾔｱﾙﾌｧｰｽﾞｻﾝﾀﾞﾙR","","","","10","","0","L","","0","","","","","411","","","0","1","0","0","0","0","0","1","1","0","0","2","0","2","0","0","4","053","2","","2026","222","2026","","012","","","","","","","","","","","","2","","30","20260417","0","","","","0","1490","","","","","","","","","","","","","","","","","","","","","","","","","","","","","","","","","","","","","","","","","","","","","","","","","","","","","","","","","","","","","","","","","","","0.1","42","44.70","0","","0.00",""
"FS2521F","FS2521","ｺｼｶﾞﾔｱﾙﾌｧｰｽﾞｻﾝﾀﾞﾙR","","","","10","","0","LL","","0","","","","","411","","","0","1","0","0","0","0","0","1","1","0","0","2","0","2","0","0","4","053","2","","2026","222","2026","","012","","","","","","","","","","","","2","","30","20260417","0","","","","0","1490","","","","","","","","","","","","","","","","","","","","","","","","","","","","","","","","","","","","","","","","","","","","","","","","","","","","","","","","","","","","","","","","","","","0.1","42","44.70","0","","0.00",""
"FS2522F","FS2522","ｺｼｶﾞﾔｱﾙﾌｧｰｽﾞｻﾝﾀﾞﾙBK","","","","90","","0","M","","0","","","","","411","","","0","1","0","0","0","0","0","1","1","0","0","2","0","2","0","0","4","053","2","","2026","222","2026","","012","","","","","","","","","","","","2","","30","20260417","0","","","","0","1490","","","","","","","","","","","","","","","","","","","","","","","","","","","","","","","","","","","","","","","","","","","","","","","","","","","","","","","","","","","","","","","","","","","0.1","42","44.70","0","","0.00",""
"FS2522F","FS2522","ｺｼｶﾞﾔｱﾙﾌｧｰｽﾞｻﾝﾀﾞﾙBK","","","","90","","0","L","","0","","","","","411","","","0","1","0","0","0","0","0","1","1","0","0","2","0","2","0","0","4","053","2","","2026","222","2026","","012","","","","","","","","","","","","2","","30","20260417","0","","","","0","1490","","","","","","","","","","","","","","","","","","","","","","","","","","","","","","","","","","","","","","","","","","","","","","","","","","","","","","","","","","","","","","","","","","","0.1","42","44.70","0","","0.00",""
"FS2522F","FS2522","ｺｼｶﾞﾔｱﾙﾌｧｰｽﾞｻﾝﾀﾞﾙBK","","","","90","","0","LL","","0","","","","","411","","","0","1","0","0","0","0","0","1","1","0","0","2","0","2","0","0","4","053","2","","2026","222","2026","","012","","","","","","","","","","","","2","","30","20260417","0","","","","0","1490","","","","","","","","","","","","","","","","","","","","","","","","","","","","","","","","","","","","","","","","","","","","","","","","","","","","","","","","","","","","","","","","","","","0.1","42","44.70","0","","0.00",""
"FS2523J","FS2523","ｾｲﾌﾞﾗｲｵﾝｽﾞｼﾞﾋﾞｯﾂﾛｺﾞ","","","","30","","0","M","","0","","","","","404","","","0","1","0","0","0","0","0","1","1","0","0","2","0","2","0","0","4","053","2","","2026","221","2026","","116","","","","","","","","","","","","2","","30","20260417","0","","","","0","0","","","","","","","","","","","","","","","","","","","","","","","","","","","","","","","","","","","","","","","","","","","","","","","","","","","","","","","","","","","","","","","","","","","0.1","27","0.00","0","","0.00",""
"FS2523J","FS2523","ｾｲﾌﾞﾗｲｵﾝｽﾞｼﾞﾋﾞｯﾂﾛｺﾞ","","","","30","","0","L","","0","","","","","404","","","0","1","0","0","0","0","0","1","1","0","0","2","0","2","0","0","4","053","2","","2026","221","2026","","116","","","","","","","","","","","","2","","30","20260417","0","","","","0","0","","","","","","","","","","","","","","","","","","","","","","","","","","","","","","","","","","","","","","","","","","","","","","","","","","","","","","","","","","","","","","","","","","","0.1","27","0.00","0","","0.00",""
"FS2523J","FS2523","ｾｲﾌﾞﾗｲｵﾝｽﾞｼﾞﾋﾞｯﾂﾛｺﾞ","","","","30","","0","LL","","0","","","","","404","","","0","1","0","0","0","0","0","1","1","0","0","2","0","2","0","0","4","053","2","","2026","221","2026","","116","","","","","","","","","","","","2","","30","20260417","0","","","","0","0","","","","","","","","","","","","","","","","","","","","","","","","","","","","","","","","","","","","","","","","","","","","","","","","","","","","","","","","","","","","","","","","","","","0.1","27","0.00","0","","0.00",""
"FS2524J","FS2524","ｾｲﾌﾞﾗｲｵﾝｽﾞｼﾞﾋﾞｯﾂﾚｵﾗｲﾅ","","","","32","","0","M","","0","","","","","404","","","0","1","0","0","0","0","0","1","1","0","0","2","0","2","0","0","4","053","2","","2026","221","2026","","116","","","","","","","","","","","","2","","30","20260417","0","","","","0","0","","","","","","","","","","","","","","","","","","","","","","","","","","","","","","","","","","","","","","","","","","","","","","","","","","","","","","","","","","","","","","","","","","","0.1","27","0.00","0","","0.00",""
"FS2524J","FS2524","ｾｲﾌﾞﾗｲｵﾝｽﾞｼﾞﾋﾞｯﾂﾚｵﾗｲﾅ","","","","32","","0","L","","0","","","","","404","","","0","1","0","0","0","0","0","1","1","0","0","2","0","2","0","0","4","053","2","","2026","221","2026","","116","","","","","","","","","","","","2","","30","20260417","0","","","","0","0","","","","","","","","","","","","","","","","","","","","","","","","","","","","","","","","","","","","","","","","","","","","","","","","","","","","","","","","","","","","","","","","","","","0.1","27","0.00","0","","0.00",""
"FS2524J","FS2524","ｾｲﾌﾞﾗｲｵﾝｽﾞｼﾞﾋﾞｯﾂﾚｵﾗｲﾅ","","","","32","","0","LL","","0","","","","","404","","","0","1","0","0","0","0","0","1","1","0","0","2","0","2","0","0","4","053","2","","2026","221","2026","","116","","","","","","","","","","","","2","","30","20260417","0","","","","0","0","","","","","","","","","","","","","","","","","","","","","","","","","","","","","","","","","","","","","","","","","","","","","","","","","","","","","","","","","","","","","","","","","","","0.1","27","0.00","0","","0.00",""
"FT2004A","FT2004","PH ｵｲｼｿｳﾅｼﾛｸﾏｴﾌﾟﾛﾝ","","","","73","","0","M-L","","0","","","","","434","","","0","1","0","0","0","0","0","1","1","0","0","2","0","2","0","0","4","062","2","","2026","181","2026","","133","","","","","","","","","","","","2","","30","20260417","0","","","","6126","1990","","","","","","","","","","","","","","","","","","","","","","","","","","","","","","","","","","","","","","","","","","","","","","","","","","","","","","","","","","","","","","","","","","","0.091","19","99.50","0","","34.20",""
"FT2005A","FT2005","PH ｵｲｼｿｳﾅｼﾛｸﾏｴﾌﾟﾛﾝ","","","","73","","0","M-L","","0","","","","","434","","","0","1","0","0","0","0","0","1","1","0","0","2","0","2","0","0","4","062","2","","2026","181","2026","","133","","","","","","","","","","","","2","","30","20260417","1233","","","","6354","1990","","","","","","","","","","","","","","","","","","","","","","","","","","","","","","","","","","","","","","","","","","","","","","","","","","","","","","","","","","","","","","","","","","","0.091","19","99.50","0","","35.50",""
"FT2006A","FT2006","PO ﾒｶﾞﾈｳｻｷﾞｴﾌﾟﾛﾝ","","","","32","","0","M-L","","0","","","","","434","","","0","1","0","0","0","0","0","1","1","0","0","2","0","2","0","0","4","062","2","","2026","107","2026","","116","","","","","","","","","","","","2","","30","20260417","1233","","","","6374","1990","","","","","","","","","","","","","","","","","","","","","","","","","","","","","","","","","","","","","","","","","","","","","","","","","","","","","","","","","","","","","","","","","","","0.091","19","119.40","0","","35.50",""
"FT2007A","FT2007","PO ﾒｶﾞﾈｳｻｷﾞｴﾌﾟﾛﾝ","","","","62","","0","M-L","","0","","","","","434","","","0","1","0","0","0","0","0","1","1","0","0","2","0","2","0","0","4","062","2","","2026","107","2026","","116","","","","","","","","","","","","2","","30","20260417","1233","","","","6374","1990","","","","","","","","","","","","","","","","","","","","","","","","","","","","","","","","","","","","","","","","","","","","","","","","","","","","","","","","","","","","","","","","","","","0.091","19","119.40","0","","35.50",""
"FT2008A","FT2008","PO ﾈｽﾞﾐｸﾝﾉﾁｮｯｷｴﾌﾟﾛﾝGR","","","","80","","0","M-L","","0","","","","","434","","","0","1","0","0","0","0","0","1","1","0","0","2","0","2","0","0","4","062","2","","2026","056","2026","","012","","","","","","","","","","","","2","","30","20260417","1233","","","","6374","1990","","","","","","","","","","","","","","","","","","","","","","","","","","","","","","","","","","","","","","","","","","","","","","","","","","","","","","","","","","","","","","","","","","","0.091","19","119.40","0","","35.50",""
"FT2009A","FT2009","PO ﾈｽﾞﾐｸﾝﾉﾁｮｯｷｴﾌﾟﾛﾝG","","","","20","","0","M-L","","0","","","","","434","","","0","1","0","0","0","0","0","1","1","0","0","2","0","2","0","0","4","062","2","","2026","056","2026","","012","","","","","","","","","","","","2","","30","20260417","1233","","","","6198","1990","","","","","","","","","","","","","","","","","","","","","","","","","","","","","","","","","","","","","","","","","","","","","","","","","","","","","","","","","","","","","","","","","","","0.091","19","119.40","0","","34.50",""
"FT2010A","FT2010","GP ｼﾏｸﾞﾙｴﾌﾟﾛﾝDB","","","","32","","0","M-L","","0","","","","","434","","","0","1","0","0","0","0","0","1","1","0","0","2","0","2","0","0","4","062","2","","2026","106","2026","","327","","","","","","","","","","","","2","","30","20260417","1233","","","","6178","1990","","","","","","","","","","","","","","","","","","","","","","","","","","","","","","","","","","","","","","","","","","","","","","","","","","","","","","","","","","","","","","","","","","","0.091","19","99.50","0","","34.50",""
"FT2011A","FT2011","GP ｼﾏｸﾞﾙｴﾌﾟﾛﾝBK","","","","90","","0","M-L","","0","","","","","434","","","0","1","0","0","0","0","0","1","1","0","0","2","0","2","0","0","4","062","2","","2026","106","2026","","327","","","","","","","","","","","","2","","30","20260417","1233","","","","6178","1990","","","","","","","","","","","","","","","","","","","","","","","","","","","","","","","","","","","","","","","","","","","","","","","","","","","","","","","","","","","","","","","","","","","0.091","19","99.50","0","","34.50",""
"FT2012A","FT2012","ﾈｺｴﾌﾟﾛﾝGR","","","","80","","0","M-L","","0","","","","","434","","","0","1","0","0","0","0","0","1","1","0","0","2","0","2","0","0","4","062","2","","2026","000","2026","","122","","","","","","","","","","","","2","","30","20260417","1194","","","","6430","1990","","","","","","","","","","","","","","","","","","","","","","","","","","","","","","","","","","","","","","","","","","","","","","","","","","","","","","","","","","","","","","","","","","","0.091","19","0.00","0","","36.50",""
"FT2013A","FT2013","ﾈｺｴﾌﾟﾛﾝP","","","","11","","0","M-L","","0","","","","","434","","","0","1","0","0","0","0","0","1","1","0","0","2","0","2","0","0","4","062","2","","2026","000","2026","","133","","","","","","","","","","","","2","","30","20260417","1194","","","","7045","1990","","","","","","","","","","","","","","","","","","","","","","","","","","","","","","","","","","","","","","","","","","","","","","","","","","","","","","","","","","","","","","","","","","","0.091","19","0.00","0","","40.00",""
"FT2014A","FT2014","TTﾆｬﾝｺｾﾝｾｲｴﾌﾟﾛﾝBE","","","","62","","0","M-L","","0","","","","","434","","","0","1","0","0","0","0","0","1","1","0","0","2","0","2","0","0","4","062","2","","2026","102","2026","","012","","","","","","","","","","","","2","","30","20260417","0","","","","8450","2800","","","","","","","","","","","","","","","","","","","","","","","","","","","","","","","","","","","","","","","","","","","","","","","","","","","","","","","","","","","","","","","","","","","0.091","19","140.00","0","","47.20",""
"FT2015A","FT2015","CR ﾋﾅ kanna あさどん　ｻｲﾄﾞﾎﾞﾀﾝ","","","","32","","0","3L4L","","0","","","","","434","","","0","1","0","0","0","0","0","1","1","0","0","2","0","2","0","0","2","062","2","","2026","197","2026","","117","","","","","","","","","","","","2","","30","20260417","0","","","","8099","0","","","","","","","","","","","","","","","","","","","","","","","","","","","","","","","","","","","","","","","","","","","","","","","","","","","","","","","","","","","","","","","","","","","0.091","19","0.00","0","","46.00",""
"FT2015A","FT2015","CR ﾋﾅ kanna あさどん　ｻｲﾄﾞﾎﾞﾀﾝ","","","","90","","0","3L4L","","0","","","","","434","","","0","1","0","0","0","0","0","1","1","0","0","2","0","2","0","0","2","062","2","","2026","197","2026","","117","","","","","","","","","","","","2","","30","20260417","0","","","","8099","0","","","","","","","","","","","","","","","","","","","","","","","","","","","","","","","","","","","","","","","","","","","","","","","","","","","","","","","","","","","","","","","","","","","0.091","19","0.00","0","","46.00",""
"FT2016A","FT2016","CR ﾋﾅ kanna あさどん　ﾌﾚｱ","","","","80","","0","3L4L","","0","","","","","434","","","0","1","0","0","0","0","0","1","1","0","0","2","0","2","0","0","2","062","2","","2026","197","2026","","117","","","","","","","","","","","","2","","30","20260417","0","","","","8099","0","","","","","","","","","","","","","","","","","","","","","","","","","","","","","","","","","","","","","","","","","","","","","","","","","","","","","","","","","","","","","","","","","","","0.091","19","0.00","0","","46.00",""
"FT2016A","FT2016","CR ﾋﾅ kanna あさどん　ﾌﾚｱ","","","","90","","0","3L4L","","0","","","","","434","","","0","1","0","0","0","0","0","1","1","0","0","2","0","2","0","0","2","062","2","","2026","197","2026","","117","","","","","","","","","","","","2","","30","20260417","0","","","","8099","0","","","","","","","","","","","","","","","","","","","","","","","","","","","","","","","","","","","","","","","","","","","","","","","","","","","","","","","","","","","","","","","","","","","0.091","19","0.00","0","","46.00",""
"FT2017A","FT2017","TTﾆｬﾝｺｾﾝｾｲｴﾌﾟﾛﾝB","","","","30","","0","M-L","","0","","","","","434","","","0","1","0","0","0","0","0","1","1","0","0","2","0","2","0","0","4","062","2","","2026","102","2026","","116","","","","","","","","","","","","2","","30","20260417","0","","","","7747","2800","","","","","","","","","","","","","","","","","","","","","","","","","","","","","","","","","","","","","","","","","","","","","","","","","","","","","","","","","","","","","","","","","","","0.091","19","140.00","0","","43.20",""
"FT2018A","FT2018","CR ﾋﾅ kanna あさどん　ﾌﾚｱ花柄","","","","80","","0","3L4L","","0","","","","","434","","","0","1","0","0","0","0","0","1","1","0","0","2","0","2","0","0","2","062","2","","2026","197","2026","","117","","","","","","","","","","","","2","","30","20260417","0","","","","8099","0","","","","","","","","","","","","","","","","","","","","","","","","","","","","","","","","","","","","","","","","","","","","","","","","","","","","","","","","","","","","","","","","","","","0.091","19","0.00","0","","46.00",""
"FT2019A","FT2019","KE ｺﾋﾞﾄﾂﾞｶﾝｴﾌﾟﾛﾝP","","","","11","","0","M-L","","0","","","","","434","","","0","1","0","0","0","0","0","1","1","0","0","2","0","2","0","0","4","062","2","","2026","183","2026","","327","","","","","","","","","","","","2","","30","20260417","0","","","","7856","2800","","","","","","","","","","","","","","","","","","","","","","","","","","","","","","","","","","","","","","","","","","","","","","","","","","","","","","","","","","","","","","","","","","","0.091","19","196.00","0","","43.50",""
"FT2020A","FT2020","KE ｲﾛｲﾛｺﾋﾞﾄｴﾌﾟﾛﾝ","","","","20","","0","M-L","","0","","","","","434","","","0","1","0","0","0","0","0","1","1","0","0","2","0","2","0","0","4","062","2","","2026","183","2026","","327","","","","","","","","","","","","2","","30","20260417","0","","","","7153","2800","","","","","","","","","","","","","","","","","","","","","","","","","","","","","","","","","","","","","","","","","","","","","","","","","","","","","","","","","","","","","","","","","","","0.091","19","196.00","0","","39.50",""
"FT2021A","FT2021","KE ｺﾋﾞﾄﾂﾞｶﾝｴﾌﾟﾛﾝBE","","","","62","","0","M-L","","0","","","","","434","","","0","1","0","0","0","0","0","1","1","0","0","2","0","2","0","0","4","062","2","","2026","183","2026","","327","","","","","","","","","","","","2","","30","20260417","0","","","","7221","0","","","","","","","","","","","","","","","","","","","","","","","","","","","","","","","","","","","","","","","","","","","","","","","","","","","","","","","","","","","","","","","","","","","0.091","19","0.00","0","","41.00",""
"FT2022A","FT2022","KOｶｰﾄﾞｷｬﾌﾟﾀｰｻｸﾗｴﾌﾟﾛﾝP","","","","11","","0","M-L","","0","","","","","434","","","0","1","0","0","0","0","0","1","1","0","0","2","0","2","0","0","4","062","2","","2026","218","2026","","122","","","","","","","","","","","","2","","30","20260417","0","","","","12826","4800","","","","","","","","","","","","","","","","","","","","","","","","","","","","","","","","","","","","","","","","","","","","","","","","","","","","","","","","","","","","","","","","","","","0.091","19","336.00","0","","71.00",""
"FT2023A","FT2023","KOｶｰﾄﾞｷｬﾌﾟﾀｰｻｸﾗｴﾌﾟﾛﾝR","","","","10","","0","M-L","","0","","","","","434","","","0","1","0","0","0","0","0","1","1","0","0","2","0","2","0","0","4","062","2","","2026","218","2026","","116","","","","","","","","","","","","2","","30","20260417","0","","","","14407","4800","","","","","","","","","","","","","","","","","","","","","","","","","","","","","","","","","","","","","","","","","","","","","","","","","","","","","","","","","","","","","","","","","","","0.091","19","336.00","0","","80.00",""
"FT2024A","FT2024","HBﾋﾋﾞﾔｶﾀﾞﾝｴﾌﾟﾛﾝP LB","","","","11","","0","M-L","","0","","","","","434","","","0","1","0","0","0","0","0","1","1","0","0","2","0","2","0","0","4","062","2","","2026","201","2026","","122","","","","","","","","","","","","2","","30","20260417","0","","","","0","1990","","","","","","","","","","","","","","","","","","","","","","","","","","","","","","","","","","","","","","","","","","","","","","","","","","","","","","","","","","","","","","","","","","","0.091","19","99.50","0","","0.00",""
"FT2024A","FT2024","HBﾋﾋﾞﾔｶﾀﾞﾝｴﾌﾟﾛﾝP LB","","","","31","","0","M-L","","0","","","","","434","","","0","1","0","0","0","0","0","1","1","0","0","2","0","2","0","0","4","062","2","","2026","201","2026","","122","","","","","","","","","","","","2","","30","20260417","0","","","","0","1990","","","","","","","","","","","","","","","","","","","","","","","","","","","","","","","","","","","","","","","","","","","","","","","","","","","","","","","","","","","","","","","","","","","0.091","19","99.50","0","","0.00",""
"FT2025A","FT2025","HBﾋﾋﾞﾔｶﾀﾞﾝｴﾌﾟﾛﾝGR DB","","","","32","","0","M-L","","0","","","","","434","","","0","1","0","0","0","0","0","1","1","0","0","2","0","2","0","0","4","062","2","","2026","201","2026","","122","","","","","","","","","","","","2","","30","20260417","0","","","","0","1990","","","","","","","","","","","","","","","","","","","","","","","","","","","","","","","","","","","","","","","","","","","","","","","","","","","","","","","","","","","","","","","","","","","0.091","19","99.50","0","","0.00",""
"FT2025A","FT2025","HBﾋﾋﾞﾔｶﾀﾞﾝｴﾌﾟﾛﾝGR DB","","","","80","","0","M-L","","0","","","","","434","","","0","1","0","0","0","0","0","1","1","0","0","2","0","2","0","0","4","062","2","","2026","201","2026","","122","","","","","","","","","","","","2","","30","20260417","0","","","","0","1990","","","","","","","","","","","","","","","","","","","","","","","","","","","","","","","","","","","","","","","","","","","","","","","","","","","","","","","","","","","","","","","","","","","0.091","19","99.50","0","","0.00",""
"FT2026A","FT2026","KE ｺﾋﾞﾄﾂﾞｶﾝｴﾌﾟﾛﾝBE","","","","62","","0","M-L","","0","","","","","434","","","0","1","0","0","0","0","0","1","1","0","0","2","0","2","0","0","4","062","2","","2026","183","2026","","327","","","","","","","","","","","","2","","30","20260417","0","","","","0","2800","","","","","","","","","","","","","","","","","","","","","","","","","","","","","","","","","","","","","","","","","","","","","","","","","","","","","","","","","","","","","","","","","","","0.091","19","196.00","0","","0.00",""
"FT2027A","FT2027","KE ｺﾋﾞﾄﾂﾞｶﾝｴﾌﾟﾛﾝP","","","","11","","0","M-L","","0","","","","","434","","","0","1","0","0","0","0","0","1","1","0","0","2","0","2","0","0","4","062","2","","2026","000","2026","","327","","","","","","","","","","","","2","","30","20260417","0","","","","0","0","","","","","","","","","","","","","","","","","","","","","","","","","","","","","","","","","","","","","","","","","","","","","","","","","","","","","","","","","","","","","","","","","","","0.091","19","0.00","0","","0.00",""
"FV2000W","FV2000","KOｶｰﾄﾞｷｬﾌﾟﾀｰｻｸﾗY","","","","70","","0","00","","0","","","","","105","","","0","1","0","0","0","0","0","1","1","0","0","2","0","2","0","0","4","067","2","","2026","218","2026","","116","","","","","","","","","","","","2","","30","20260417","0","","","","5034","2300","","","","","","","","","","","","","","","","","","","","","","","","","","","","","","","","","","","","","","","","","","","","","","","","","","","","","","","","","","","","","","","","","","","0.034","45","161.00","0","","29.00",""
"FV2001W","FV2001","KOｶｰﾄﾞｷｬﾌﾟﾀｰｻｸﾗP","","","","11","","0","00","","0","","","","","105","","","0","1","0","0","0","0","0","1","1","0","0","2","0","2","0","0","4","067","2","","2026","218","2026","","327","","","","","","","","","","","","2","","30","20260417","0","","","","5733","2300","","","","","","","","","","","","","","","","","","","","","","","","","","","","","","","","","","","","","","","","","","","","","","","","","","","","","","","","","","","","","","","","","","","0.034","45","161.00","0","","33.20",""
"FX2033F","FX2033","DS ﾐｯｷｰﾐﾆｰﾌｸﾌﾞｸﾛ","","","","00","","0","M","","0","","","","","411","","","0","1","0","0","0","0","0","1","1","0","0","2","0","2","0","0","2","071","2","","2026","005","2026","","122","","","","","","","","","","","","2","","30","20260417","0","","","","6490","1000","","","","","","","","","","","","","","","","","","","","","","","","","","","","","","","","","","","","","","","","","","","","","","","","","","","","","","","","","","","","","","","","","","","0.034","42","105.00","0","","38.10",""
"FX2033F","FX2033","DS ﾐｯｷｰﾐﾆｰﾌｸﾌﾞｸﾛ","","","","20","","0","M","","0","","","","","411","","","0","1","0","0","0","0","0","1","1","0","0","2","0","2","0","0","2","071","2","","2026","005","2026","","122","","","","","","","","","","","","2","","30","20260417","0","","","","6490","1000","","","","","","","","","","","","","","","","","","","","","","","","","","","","","","","","","","","","","","","","","","","","","","","","","","","","","","","","","","","","","","","","","","","0.034","42","105.00","0","","38.10",""
"FX2033F","FX2033","DS ﾐｯｷｰﾐﾆｰﾌｸﾌﾞｸﾛ","","","","62","","0","M","","0","","","","","411","","","0","1","0","0","0","0","0","1","1","0","0","2","0","2","0","0","2","071","2","","2026","005","2026","","122","","","","","","","","","","","","2","","30","20260417","0","","","","6490","1000","","","","","","","","","","","","","","","","","","","","","","","","","","","","","","","","","","","","","","","","","","","","","","","","","","","","","","","","","","","","","","","","","","","0.034","42","105.00","0","","38.10",""
"FX2033F","FX2033","DS ﾐｯｷｰﾐﾆｰﾌｸﾌﾞｸﾛ","","","","80","","0","M","","0","","","","","411","","","0","1","0","0","0","0","0","1","1","0","0","2","0","2","0","0","2","071","2","","2026","005","2026","","122","","","","","","","","","","","","2","","30","20260417","0","","","","6490","1000","","","","","","","","","","","","","","","","","","","","","","","","","","","","","","","","","","","","","","","","","","","","","","","","","","","","","","","","","","","","","","","","","","","0.034","42","105.00","0","","38.10",""
"FX2034F","FX2034","DS ﾄｲｽﾄｰﾘｰﾌｸﾌﾞｸﾛ","","","","00","","0","M","","0","","","","","411","","","0","1","0","0","0","0","0","1","1","0","0","2","0","2","0","0","2","071","2","","2026","005","2026","","133","","","","","","","","","","","","2","","30","20260417","0","","","","6490","1000","","","","","","","","","","","","","","","","","","","","","","","","","","","","","","","","","","","","","","","","","","","","","","","","","","","","","","","","","","","","","","","","","","","0.034","42","105.00","0","","38.10",""
"FX2034F","FX2034","DS ﾄｲｽﾄｰﾘｰﾌｸﾌﾞｸﾛ","","","","20","","0","M","","0","","","","","411","","","0","1","0","0","0","0","0","1","1","0","0","2","0","2","0","0","2","071","2","","2026","005","2026","","133","","","","","","","","","","","","2","","30","20260417","0","","","","6490","1000","","","","","","","","","","","","","","","","","","","","","","","","","","","","","","","","","","","","","","","","","","","","","","","","","","","","","","","","","","","","","","","","","","","0.034","42","105.00","0","","38.10",""
"FX2034F","FX2034","DS ﾄｲｽﾄｰﾘｰﾌｸﾌﾞｸﾛ","","","","40","","0","M","","0","","","","","411","","","0","1","0","0","0","0","0","1","1","0","0","2","0","2","0","0","2","071","2","","2026","005","2026","","133","","","","","","","","","","","","2","","30","20260417","0","","","","6490","1000","","","","","","","","","","","","","","","","","","","","","","","","","","","","","","","","","","","","","","","","","","","","","","","","","","","","","","","","","","","","","","","","","","","0.034","42","105.00","0","","38.10",""
"FX2034F","FX2034","DS ﾄｲｽﾄｰﾘｰﾌｸﾌﾞｸﾛ","","","","62","","0","M","","0","","","","","411","","","0","1","0","0","0","0","0","1","1","0","0","2","0","2","0","0","2","071","2","","2026","005","2026","","133","","","","","","","","","","","","2","","30","20260417","0","","","","6490","1000","","","","","","","","","","","","","","","","","","","","","","","","","","","","","","","","","","","","","","","","","","","","","","","","","","","","","","","","","","","","","","","","","","","0.034","42","105.00","0","","38.10",""
"FX2035W","FX2035","ﾌｸﾌﾞｸﾛﾑｼﾞ","","","","00","","0","M","","0","","","","","105","","","0","1","0","0","0","0","0","1","1","0","0","2","0","2","0","0","2","072","2","","2026","000","2026","","116","","","","","","","","","","","","2","","30","20260417","970","","","","6071","1000","","","","","","","","","","","","","","","","","","","","","","","","","","","","","","","","","","","","","","","","","","","","","","","","","","","","","","","","","","","","","","","","","","","0.034","45","0.00","0","","36.20",""
"FX2035W","FX2035","ﾌｸﾌﾞｸﾛﾑｼﾞ","","","","10","","0","M","","0","","","","","105","","","0","1","0","0","0","0","0","1","1","0","0","2","0","2","0","0","2","072","2","","2026","000","2026","","116","","","","","","","","","","","","2","","30","20260417","970","","","","6071","1000","","","","","","","","","","","","","","","","","","","","","","","","","","","","","","","","","","","","","","","","","","","","","","","","","","","","","","","","","","","","","","","","","","","0.034","45","0.00","0","","36.20",""
"FX2035W","FX2035","ﾌｸﾌﾞｸﾛﾑｼﾞ","","","","31","","0","M","","0","","","","","105","","","0","1","0","0","0","0","0","1","1","0","0","2","0","2","0","0","2","072","2","","2026","000","2026","","116","","","","","","","","","","","","2","","30","20260417","970","","","","6071","1000","","","","","","","","","","","","","","","","","","","","","","","","","","","","","","","","","","","","","","","","","","","","","","","","","","","","","","","","","","","","","","","","","","","0.034","45","0.00","0","","36.20",""
"FX2035W","FX2035","ﾌｸﾌﾞｸﾛﾑｼﾞ","","","","62","","0","M","","0","","","","","105","","","0","1","0","0","0","0","0","1","1","0","0","2","0","2","0","0","2","072","2","","2026","000","2026","","116","","","","","","","","","","","","2","","30","20260417","970","","","","6071","1000","","","","","","","","","","","","","","","","","","","","","","","","","","","","","","","","","","","","","","","","","","","","","","","","","","","","","","","","","","","","","","","","","","","0.034","45","0.00","0","","36.20",""
"FX2036W","FX2036","ﾌｸﾌﾞｸﾛﾑｼﾞ","","","","00","","0","L","","0","","","","","105","","","0","1","0","0","0","0","0","1","1","0","0","2","0","2","0","0","2","072","2","","2026","000","2026","","116","","","","","","","","","","","","2","","30","20260417","970","","","","6071","1000","","","","","","","","","","","","","","","","","","","","","","","","","","","","","","","","","","","","","","","","","","","","","","","","","","","","","","","","","","","","","","","","","","","0.034","45","0.00","0","","36.20",""
"FX2036W","FX2036","ﾌｸﾌﾞｸﾛﾑｼﾞ","","","","30","","0","L","","0","","","","","105","","","0","1","0","0","0","0","0","1","1","0","0","2","0","2","0","0","2","072","2","","2026","000","2026","","116","","","","","","","","","","","","2","","30","20260417","970","","","","6071","1000","","","","","","","","","","","","","","","","","","","","","","","","","","","","","","","","","","","","","","","","","","","","","","","","","","","","","","","","","","","","","","","","","","","0.034","45","0.00","0","","36.20",""
"FX2036W","FX2036","ﾌｸﾌﾞｸﾛﾑｼﾞ","","","","80","","0","L","","0","","","","","105","","","0","1","0","0","0","0","0","1","1","0","0","2","0","2","0","0","2","072","2","","2026","000","2026","","116","","","","","","","","","","","","2","","30","20260417","970","","","","6071","1000","","","","","","","","","","","","","","","","","","","","","","","","","","","","","","","","","","","","","","","","","","","","","","","","","","","","","","","","","","","","","","","","","","","0.034","45","0.00","0","","36.20",""
"FX2037W","FX2037","ﾌｸﾌﾞｸﾛﾑｼﾞ","","","","00","","0","M","","0","","","","","105","","","0","1","0","0","0","0","0","1","1","0","0","2","0","2","0","0","2","072","2","","2026","000","2026","","012","","","","","","","","","","","","2","","30","20260417","970","","","","6071","1000","","","","","","","","","","","","","","","","","","","","","","","","","","","","","","","","","","","","","","","","","","","","","","","","","","","","","","","","","","","","","","","","","","","0.034","45","0.00","0","","36.20",""
"FX2037W","FX2037","ﾌｸﾌﾞｸﾛﾑｼﾞ","","","","11","","0","M","","0","","","","","105","","","0","1","0","0","0","0","0","1","1","0","0","2","0","2","0","0","2","072","2","","2026","000","2026","","012","","","","","","","","","","","","2","","30","20260417","970","","","","6071","1000","","","","","","","","","","","","","","","","","","","","","","","","","","","","","","","","","","","","","","","","","","","","","","","","","","","","","","","","","","","","","","","","","","","0.034","45","0.00","0","","36.20",""
"FX2037W","FX2037","ﾌｸﾌﾞｸﾛﾑｼﾞ","","","","62","","0","M","","0","","","","","105","","","0","1","0","0","0","0","0","1","1","0","0","2","0","2","0","0","2","072","2","","2026","000","2026","","012","","","","","","","","","","","","2","","30","20260417","970","","","","6071","1000","","","","","","","","","","","","","","","","","","","","","","","","","","","","","","","","","","","","","","","","","","","","","","","","","","","","","","","","","","","","","","","","","","","0.034","45","0.00","0","","36.20",""
"FX2038W","FX2038","ﾌｸﾌﾞｸﾛﾑｼﾞ","","","","00","","0","L","","0","","","","","105","","","0","1","0","0","0","0","0","1","1","0","0","2","0","2","0","0","2","072","2","","2026","000","2026","","012","","","","","","","","","","","","2","","30","20260417","970","","","","6071","1000","","","","","","","","","","","","","","","","","","","","","","","","","","","","","","","","","","","","","","","","","","","","","","","","","","","","","","","","","","","","","","","","","","","0.034","45","0.00","0","","36.20",""
"FX2038W","FX2038","ﾌｸﾌﾞｸﾛﾑｼﾞ","","","","20","","0","L","","0","","","","","105","","","0","1","0","0","0","0","0","1","1","0","0","2","0","2","0","0","2","072","2","","2026","000","2026","","012","","","","","","","","","","","","2","","30","20260417","970","","","","6071","1000","","","","","","","","","","","","","","","","","","","","","","","","","","","","","","","","","","","","","","","","","","","","","","","","","","","","","","","","","","","","","","","","","","","0.034","45","0.00","0","","36.20",""
"FX2038W","FX2038","ﾌｸﾌﾞｸﾛﾑｼﾞ","","","","90","","0","L","","0","","","","","105","","","0","1","0","0","0","0","0","1","1","0","0","2","0","2","0","0","2","072","2","","2026","000","2026","","012","","","","","","","","","","","","2","","30","20260417","970","","","","6071","1000","","","","","","","","","","","","","","","","","","","","","","","","","","","","","","","","","","","","","","","","","","","","","","","","","","","","","","","","","","","","","","","","","","","0.034","45","0.00","0","","36.20",""
"FX2039W","FX2039","ﾌｸﾌﾞｸﾛ4ﾃﾝｾｯﾄﾁｪｯｸ","","","","00","","0","00","","0","","","","","105","","","0","1","0","0","0","0","0","1","1","0","0","2","0","2","0","0","2","072","2","","2026","000","2026","","327","","","","","","","","","","","","2","","30","20260417","0","","","","6691","0","","","","","","","","","","","","","","","","","","","","","","","","","","","","","","","","","","","","","","","","","","","","","","","","","","","","","","","","","","","","","","","","","","","0.034","45","0.00","0","","39.92",""
"FX2039W","FX2039","ﾌｸﾌﾞｸﾛ4ﾃﾝｾｯﾄﾁｪｯｸ","","","","00","","0","M","","0","","","","","105","","","0","1","0","0","0","0","0","1","1","0","0","2","0","2","0","0","2","072","2","","2026","000","2026","","327","","","","","","","","","","","","2","","30","20260417","0","","","","6691","0","","","","","","","","","","","","","","","","","","","","","","","","","","","","","","","","","","","","","","","","","","","","","","","","","","","","","","","","","","","","","","","","","","","0.034","45","0.00","0","","39.92",""
"FX2039W","FX2039","ﾌｸﾌﾞｸﾛ4ﾃﾝｾｯﾄﾁｪｯｸ","","","","00","","0","L","","0","","","","","105","","","0","1","0","0","0","0","0","1","1","0","0","2","0","2","0","0","2","072","2","","2026","000","2026","","327","","","","","","","","","","","","2","","30","20260417","0","","","","6691","0","","","","","","","","","","","","","","","","","","","","","","","","","","","","","","","","","","","","","","","","","","","","","","","","","","","","","","","","","","","","","","","","","","","0.034","45","0.00","0","","39.92",""
"FX2039W","FX2039","ﾌｸﾌﾞｸﾛ4ﾃﾝｾｯﾄﾁｪｯｸ","","","","30","","0","00","","0","","","","","105","","","0","1","0","0","0","0","0","1","1","0","0","2","0","2","0","0","2","072","2","","2026","000","2026","","327","","","","","","","","","","","","2","","30","20260417","0","","","","6691","0","","","","","","","","","","","","","","","","","","","","","","","","","","","","","","","","","","","","","","","","","","","","","","","","","","","","","","","","","","","","","","","","","","","0.034","45","0.00","0","","39.92",""
"FX2039W","FX2039","ﾌｸﾌﾞｸﾛ4ﾃﾝｾｯﾄﾁｪｯｸ","","","","30","","0","M","","0","","","","","105","","","0","1","0","0","0","0","0","1","1","0","0","2","0","2","0","0","2","072","2","","2026","000","2026","","327","","","","","","","","","","","","2","","30","20260417","0","","","","6691","0","","","","","","","","","","","","","","","","","","","","","","","","","","","","","","","","","","","","","","","","","","","","","","","","","","","","","","","","","","","","","","","","","","","0.034","45","0.00","0","","39.92",""
"FX2039W","FX2039","ﾌｸﾌﾞｸﾛ4ﾃﾝｾｯﾄﾁｪｯｸ","","","","30","","0","L","","0","","","","","105","","","0","1","0","0","0","0","0","1","1","0","0","2","0","2","0","0","2","072","2","","2026","000","2026","","327","","","","","","","","","","","","2","","30","20260417","0","","","","6691","0","","","","","","","","","","","","","","","","","","","","","","","","","","","","","","","","","","","","","","","","","","","","","","","","","","","","","","","","","","","","","","","","","","","0.034","45","0.00","0","","39.92",""
"FX2039W","FX2039","ﾌｸﾌﾞｸﾛ4ﾃﾝｾｯﾄﾁｪｯｸ","","","","40","","0","00","","0","","","","","105","","","0","1","0","0","0","0","0","1","1","0","0","2","0","2","0","0","2","072","2","","2026","000","2026","","327","","","","","","","","","","","","2","","30","20260417","0","","","","6691","0","","","","","","","","","","","","","","","","","","","","","","","","","","","","","","","","","","","","","","","","","","","","","","","","","","","","","","","","","","","","","","","","","","","0.034","45","0.00","0","","39.92",""
"FX2039W","FX2039","ﾌｸﾌﾞｸﾛ4ﾃﾝｾｯﾄﾁｪｯｸ","","","","40","","0","M","","0","","","","","105","","","0","1","0","0","0","0","0","1","1","0","0","2","0","2","0","0","2","072","2","","2026","000","2026","","327","","","","","","","","","","","","2","","30","20260417","0","","","","6691","0","","","","","","","","","","","","","","","","","","","","","","","","","","","","","","","","","","","","","","","","","","","","","","","","","","","","","","","","","","","","","","","","","","","0.034","45","0.00","0","","39.92",""
"FX2039W","FX2039","ﾌｸﾌﾞｸﾛ4ﾃﾝｾｯﾄﾁｪｯｸ","","","","40","","0","L","","0","","","","","105","","","0","1","0","0","0","0","0","1","1","0","0","2","0","2","0","0","2","072","2","","2026","000","2026","","327","","","","","","","","","","","","2","","30","20260417","0","","","","6691","0","","","","","","","","","","","","","","","","","","","","","","","","","","","","","","","","","","","","","","","","","","","","","","","","","","","","","","","","","","","","","","","","","","","0.034","45","0.00","0","","39.92",""
"FX2039W","FX2039","ﾌｸﾌﾞｸﾛ4ﾃﾝｾｯﾄﾁｪｯｸ","","","","70","","0","00","","0","","","","","105","","","0","1","0","0","0","0","0","1","1","0","0","2","0","2","0","0","2","072","2","","2026","000","2026","","327","","","","","","","","","","","","2","","30","20260417","0","","","","6691","0","","","","","","","","","","","","","","","","","","","","","","","","","","","","","","","","","","","","","","","","","","","","","","","","","","","","","","","","","","","","","","","","","","","0.034","45","0.00","0","","39.92",""
"FX2039W","FX2039","ﾌｸﾌﾞｸﾛ4ﾃﾝｾｯﾄﾁｪｯｸ","","","","70","","0","M","","0","","","","","105","","","0","1","0","0","0","0","0","1","1","0","0","2","0","2","0","0","2","072","2","","2026","000","2026","","327","","","","","","","","","","","","2","","30","20260417","0","","","","6691","0","","","","","","","","","","","","","","","","","","","","","","","","","","","","","","","","","","","","","","","","","","","","","","","","","","","","","","","","","","","","","","","","","","","0.034","45","0.00","0","","39.92",""
"FX2039W","FX2039","ﾌｸﾌﾞｸﾛ4ﾃﾝｾｯﾄﾁｪｯｸ","","","","70","","0","L","","0","","","","","105","","","0","1","0","0","0","0","0","1","1","0","0","2","0","2","0","0","2","072","2","","2026","000","2026","","327","","","","","","","","","","","","2","","30","20260417","0","","","","6691","0","","","","","","","","","","","","","","","","","","","","","","","","","","","","","","","","","","","","","","","","","","","","","","","","","","","","","","","","","","","","","","","","","","","0.034","45","0.00","0","","39.92",""
"FX2039W","FX2039","ﾌｸﾌﾞｸﾛ4ﾃﾝｾｯﾄﾁｪｯｸ","","","","90","","0","00","","0","","","","","105","","","0","1","0","0","0","0","0","1","1","0","0","2","0","2","0","0","2","072","2","","2026","000","2026","","327","","","","","","","","","","","","2","","30","20260417","0","","","","6691","0","","","","","","","","","","","","","","","","","","","","","","","","","","","","","","","","","","","","","","","","","","","","","","","","","","","","","","","","","","","","","","","","","","","0.034","45","0.00","0","","39.92",""
"FX2039W","FX2039","ﾌｸﾌﾞｸﾛ4ﾃﾝｾｯﾄﾁｪｯｸ","","","","90","","0","M","","0","","","","","105","","","0","1","0","0","0","0","0","1","1","0","0","2","0","2","0","0","2","072","2","","2026","000","2026","","327","","","","","","","","","","","","2","","30","20260417","0","","","","6691","0","","","","","","","","","","","","","","","","","","","","","","","","","","","","","","","","","","","","","","","","","","","","","","","","","","","","","","","","","","","","","","","","","","","0.034","45","0.00","0","","39.92",""
"FX2039W","FX2039","ﾌｸﾌﾞｸﾛ4ﾃﾝｾｯﾄﾁｪｯｸ","","","","90","","0","L","","0","","","","","105","","","0","1","0","0","0","0","0","1","1","0","0","2","0","2","0","0","2","072","2","","2026","000","2026","","327","","","","","","","","","","","","2","","30","20260417","0","","","","6691","0","","","","","","","","","","","","","","","","","","","","","","","","","","","","","","","","","","","","","","","","","","","","","","","","","","","","","","","","","","","","","","","","","","","0.034","45","0.00","0","","39.92",""
"FX2040W","FX2040","ﾌｸﾌﾞｸﾛ4ﾃﾝｾｯﾄﾑｼﾞ","","","","00","","0","00","","0","","","","","105","","","0","1","0","0","0","0","0","1","1","0","0","2","0","2","0","0","2","072","2","","2026","000","2026","","327","","","","","","","","","","","","2","","30","20260417","0","","","","6737","0","","","","","","","","","","","","","","","","","","","","","","","","","","","","","","","","","","","","","","","","","","","","","","","","","","","","","","","","","","","","","","","","","","","0.034","45","0.00","0","","40.20",""
"FX2040W","FX2040","ﾌｸﾌﾞｸﾛ4ﾃﾝｾｯﾄﾑｼﾞ","","","","00","","0","M","","0","","","","","105","","","0","1","0","0","0","0","0","1","1","0","0","2","0","2","0","0","2","072","2","","2026","000","2026","","327","","","","","","","","","","","","2","","30","20260417","0","","","","6737","0","","","","","","","","","","","","","","","","","","","","","","","","","","","","","","","","","","","","","","","","","","","","","","","","","","","","","","","","","","","","","","","","","","","0.034","45","0.00","0","","40.20",""
"FX2040W","FX2040","ﾌｸﾌﾞｸﾛ4ﾃﾝｾｯﾄﾑｼﾞ","","","","00","","0","L","","0","","","","","105","","","0","1","0","0","0","0","0","1","1","0","0","2","0","2","0","0","2","072","2","","2026","000","2026","","327","","","","","","","","","","","","2","","30","20260417","0","","","","6737","0","","","","","","","","","","","","","","","","","","","","","","","","","","","","","","","","","","","","","","","","","","","","","","","","","","","","","","","","","","","","","","","","","","","0.034","45","0.00","0","","40.20",""
"FX2040W","FX2040","ﾌｸﾌﾞｸﾛ4ﾃﾝｾｯﾄﾑｼﾞ","","","","20","","0","00","","0","","","","","105","","","0","1","0","0","0","0","0","1","1","0","0","2","0","2","0","0","2","072","2","","2026","000","2026","","327","","","","","","","","","","","","2","","30","20260417","0","","","","6737","0","","","","","","","","","","","","","","","","","","","","","","","","","","","","","","","","","","","","","","","","","","","","","","","","","","","","","","","","","","","","","","","","","","","0.034","45","0.00","0","","40.20",""
"FX2040W","FX2040","ﾌｸﾌﾞｸﾛ4ﾃﾝｾｯﾄﾑｼﾞ","","","","20","","0","M","","0","","","","","105","","","0","1","0","0","0","0","0","1","1","0","0","2","0","2","0","0","2","072","2","","2026","000","2026","","327","","","","","","","","","","","","2","","30","20260417","0","","","","6737","0","","","","","","","","","","","","","","","","","","","","","","","","","","","","","","","","","","","","","","","","","","","","","","","","","","","","","","","","","","","","","","","","","","","0.034","45","0.00","0","","40.20",""
"FX2040W","FX2040","ﾌｸﾌﾞｸﾛ4ﾃﾝｾｯﾄﾑｼﾞ","","","","20","","0","L","","0","","","","","105","","","0","1","0","0","0","0","0","1","1","0","0","2","0","2","0","0","2","072","2","","2026","000","2026","","327","","","","","","","","","","","","2","","30","20260417","0","","","","6737","0","","","","","","","","","","","","","","","","","","","","","","","","","","","","","","","","","","","","","","","","","","","","","","","","","","","","","","","","","","","","","","","","","","","0.034","45","0.00","0","","40.20",""
"FX2040W","FX2040","ﾌｸﾌﾞｸﾛ4ﾃﾝｾｯﾄﾑｼﾞ","","","","30","","0","00","","0","","","","","105","","","0","1","0","0","0","0","0","1","1","0","0","2","0","2","0","0","2","072","2","","2026","000","2026","","327","","","","","","","","","","","","2","","30","20260417","0","","","","6737","0","","","","","","","","","","","","","","","","","","","","","","","","","","","","","","","","","","","","","","","","","","","","","","","","","","","","","","","","","","","","","","","","","","","0.034","45","0.00","0","","40.20",""
"FX2040W","FX2040","ﾌｸﾌﾞｸﾛ4ﾃﾝｾｯﾄﾑｼﾞ","","","","30","","0","M","","0","","","","","105","","","0","1","0","0","0","0","0","1","1","0","0","2","0","2","0","0","2","072","2","","2026","000","2026","","327","","","","","","","","","","","","2","","30","20260417","0","","","","6737","0","","","","","","","","","","","","","","","","","","","","","","","","","","","","","","","","","","","","","","","","","","","","","","","","","","","","","","","","","","","","","","","","","","","0.034","45","0.00","0","","40.20",""
"FX2040W","FX2040","ﾌｸﾌﾞｸﾛ4ﾃﾝｾｯﾄﾑｼﾞ","","","","30","","0","L","","0","","","","","105","","","0","1","0","0","0","0","0","1","1","0","0","2","0","2","0","0","2","072","2","","2026","000","2026","","327","","","","","","","","","","","","2","","30","20260417","0","","","","6737","0","","","","","","","","","","","","","","","","","","","","","","","","","","","","","","","","","","","","","","","","","","","","","","","","","","","","","","","","","","","","","","","","","","","0.034","45","0.00","0","","40.20",""
"FX2040W","FX2040","ﾌｸﾌﾞｸﾛ4ﾃﾝｾｯﾄﾑｼﾞ","","","","62","","0","00","","0","","","","","105","","","0","1","0","0","0","0","0","1","1","0","0","2","0","2","0","0","2","072","2","","2026","000","2026","","327","","","","","","","","","","","","2","","30","20260417","0","","","","6737","0","","","","","","","","","","","","","","","","","","","","","","","","","","","","","","","","","","","","","","","","","","","","","","","","","","","","","","","","","","","","","","","","","","","0.034","45","0.00","0","","40.20",""
"FX2040W","FX2040","ﾌｸﾌﾞｸﾛ4ﾃﾝｾｯﾄﾑｼﾞ","","","","62","","0","M","","0","","","","","105","","","0","1","0","0","0","0","0","1","1","0","0","2","0","2","0","0","2","072","2","","2026","000","2026","","327","","","","","","","","","","","","2","","30","20260417","0","","","","6737","0","","","","","","","","","","","","","","","","","","","","","","","","","","","","","","","","","","","","","","","","","","","","","","","","","","","","","","","","","","","","","","","","","","","0.034","45","0.00","0","","40.20",""
"FX2040W","FX2040","ﾌｸﾌﾞｸﾛ4ﾃﾝｾｯﾄﾑｼﾞ","","","","62","","0","L","","0","","","","","105","","","0","1","0","0","0","0","0","1","1","0","0","2","0","2","0","0","2","072","2","","2026","000","2026","","327","","","","","","","","","","","","2","","30","20260417","0","","","","6737","0","","","","","","","","","","","","","","","","","","","","","","","","","","","","","","","","","","","","","","","","","","","","","","","","","","","","","","","","","","","","","","","","","","","0.034","45","0.00","0","","40.20",""
"FX2040W","FX2040","ﾌｸﾌﾞｸﾛ4ﾃﾝｾｯﾄﾑｼﾞ","","","","82","","0","00","","0","","","","","105","","","0","1","0","0","0","0","0","1","1","0","0","2","0","2","0","0","2","072","2","","2026","000","2026","","327","","","","","","","","","","","","2","","30","20260417","0","","","","6737","0","","","","","","","","","","","","","","","","","","","","","","","","","","","","","","","","","","","","","","","","","","","","","","","","","","","","","","","","","","","","","","","","","","","0.034","45","0.00","0","","40.20",""
"FX2040W","FX2040","ﾌｸﾌﾞｸﾛ4ﾃﾝｾｯﾄﾑｼﾞ","","","","82","","0","M","","0","","","","","105","","","0","1","0","0","0","0","0","1","1","0","0","2","0","2","0","0","2","072","2","","2026","000","2026","","327","","","","","","","","","","","","2","","30","20260417","0","","","","6737","0","","","","","","","","","","","","","","","","","","","","","","","","","","","","","","","","","","","","","","","","","","","","","","","","","","","","","","","","","","","","","","","","","","","0.034","45","0.00","0","","40.20",""
"FX2040W","FX2040","ﾌｸﾌﾞｸﾛ4ﾃﾝｾｯﾄﾑｼﾞ","","","","82","","0","L","","0","","","","","105","","","0","1","0","0","0","0","0","1","1","0","0","2","0","2","0","0","2","072","2","","2026","000","2026","","327","","","","","","","","","","","","2","","30","20260417","0","","","","6737","0","","","","","","","","","","","","","","","","","","","","","","","","","","","","","","","","","","","","","","","","","","","","","","","","","","","","","","","","","","","","","","","","","","","0.034","45","0.00","0","","40.20",""
"FX2041W","FX2041","4ﾃﾝｾｯﾄﾑｼﾞ","","","","00","","0","00","","0","","","","","105","","","0","1","0","0","0","0","0","1","1","0","0","2","0","2","0","0","2","072","2","","2026","000","2026","","130","","","","","","","","","","","","2","","30","20260417","0","","","","0","0","","","","","","","","","","","","","","","","","","","","","","","","","","","","","","","","","","","","","","","","","","","","","","","","","","","","","","","","","","","","","","","","","","","0.034","45","0.00","0","","0.00",""
"FX2041W","FX2041","4ﾃﾝｾｯﾄﾑｼﾞ","","","","00","","0","M","","0","","","","","105","","","0","1","0","0","0","0","0","1","1","0","0","2","0","2","0","0","2","072","2","","2026","000","2026","","130","","","","","","","","","","","","2","","30","20260417","0","","","","0","0","","","","","","","","","","","","","","","","","","","","","","","","","","","","","","","","","","","","","","","","","","","","","","","","","","","","","","","","","","","","","","","","","","","0.034","45","0.00","0","","0.00",""
"FX2041W","FX2041","4ﾃﾝｾｯﾄﾑｼﾞ","","","","20","","0","00","","0","","","","","105","","","0","1","0","0","0","0","0","1","1","0","0","2","0","2","0","0","2","072","2","","2026","000","2026","","130","","","","","","","","","","","","2","","30","20260417","0","","","","0","0","","","","","","","","","","","","","","","","","","","","","","","","","","","","","","","","","","","","","","","","","","","","","","","","","","","","","","","","","","","","","","","","","","","0.034","45","0.00","0","","0.00",""
"FX2041W","FX2041","4ﾃﾝｾｯﾄﾑｼﾞ","","","","20","","0","M","","0","","","","","105","","","0","1","0","0","0","0","0","1","1","0","0","2","0","2","0","0","2","072","2","","2026","000","2026","","130","","","","","","","","","","","","2","","30","20260417","0","","","","0","0","","","","","","","","","","","","","","","","","","","","","","","","","","","","","","","","","","","","","","","","","","","","","","","","","","","","","","","","","","","","","","","","","","","0.034","45","0.00","0","","0.00",""
"FX2041W","FX2041","4ﾃﾝｾｯﾄﾑｼﾞ","","","","30","","0","00","","0","","","","","105","","","0","1","0","0","0","0","0","1","1","0","0","2","0","2","0","0","2","072","2","","2026","000","2026","","130","","","","","","","","","","","","2","","30","20260417","0","","","","0","0","","","","","","","","","","","","","","","","","","","","","","","","","","","","","","","","","","","","","","","","","","","","","","","","","","","","","","","","","","","","","","","","","","","0.034","45","0.00","0","","0.00",""
"FX2041W","FX2041","4ﾃﾝｾｯﾄﾑｼﾞ","","","","30","","0","M","","0","","","","","105","","","0","1","0","0","0","0","0","1","1","0","0","2","0","2","0","0","2","072","2","","2026","000","2026","","130","","","","","","","","","","","","2","","30","20260417","0","","","","0","0","","","","","","","","","","","","","","","","","","","","","","","","","","","","","","","","","","","","","","","","","","","","","","","","","","","","","","","","","","","","","","","","","","","0.034","45","0.00","0","","0.00",""
"FX2041W","FX2041","4ﾃﾝｾｯﾄﾑｼﾞ","","","","62","","0","00","","0","","","","","105","","","0","1","0","0","0","0","0","1","1","0","0","2","0","2","0","0","2","072","2","","2026","000","2026","","130","","","","","","","","","","","","2","","30","20260417","0","","","","0","0","","","","","","","","","","","","","","","","","","","","","","","","","","","","","","","","","","","","","","","","","","","","","","","","","","","","","","","","","","","","","","","","","","","0.034","45","0.00","0","","0.00",""
"FX2041W","FX2041","4ﾃﾝｾｯﾄﾑｼﾞ","","","","62","","0","M","","0","","","","","105","","","0","1","0","0","0","0","0","1","1","0","0","2","0","2","0","0","2","072","2","","2026","000","2026","","130","","","","","","","","","","","","2","","30","20260417","0","","","","0","0","","","","","","","","","","","","","","","","","","","","","","","","","","","","","","","","","","","","","","","","","","","","","","","","","","","","","","","","","","","","","","","","","","","0.034","45","0.00","0","","0.00",""
"FX2041W","FX2041","4ﾃﾝｾｯﾄﾑｼﾞ","","","","80","","0","00","","0","","","","","105","","","0","1","0","0","0","0","0","1","1","0","0","2","0","2","0","0","2","072","2","","2026","000","2026","","130","","","","","","","","","","","","2","","30","20260417","0","","","","0","0","","","","","","","","","","","","","","","","","","","","","","","","","","","","","","","","","","","","","","","","","","","","","","","","","","","","","","","","","","","","","","","","","","","0.034","45","0.00","0","","0.00",""
"FX2041W","FX2041","4ﾃﾝｾｯﾄﾑｼﾞ","","","","80","","0","M","","0","","","","","105","","","0","1","0","0","0","0","0","1","1","0","0","2","0","2","0","0","2","072","2","","2026","000","2026","","130","","","","","","","","","","","","2","","30","20260417","0","","","","0","0","","","","","","","","","","","","","","","","","","","","","","","","","","","","","","","","","","","","","","","","","","","","","","","","","","","","","","","","","","","","","","","","","","","0.034","45","0.00","0","","0.00",""
"FX2042W","FX2042","4ﾃﾝｾｯﾄﾑｼﾞRS","","","","00","","0","00","","0","","","","","105","","","0","1","0","0","0","0","0","1","1","0","0","2","0","2","0","0","2","072","2","","2026","000","2026","","130","","","","","","","","","","","","2","","30","20260417","0","","","","0","0","","","","","","","","","","","","","","","","","","","","","","","","","","","","","","","","","","","","","","","","","","","","","","","","","","","","","","","","","","","","","","","","","","","0.034","45","0.00","0","","0.00",""
"FX2042W","FX2042","4ﾃﾝｾｯﾄﾑｼﾞRS","","","","00","","0","M","","0","","","","","105","","","0","1","0","0","0","0","0","1","1","0","0","2","0","2","0","0","2","072","2","","2026","000","2026","","130","","","","","","","","","","","","2","","30","20260417","0","","","","0","0","","","","","","","","","","","","","","","","","","","","","","","","","","","","","","","","","","","","","","","","","","","","","","","","","","","","","","","","","","","","","","","","","","","0.034","45","0.00","0","","0.00",""
"FX2042W","FX2042","4ﾃﾝｾｯﾄﾑｼﾞRS","","","","11","","0","00","","0","","","","","105","","","0","1","0","0","0","0","0","1","1","0","0","2","0","2","0","0","2","072","2","","2026","000","2026","","130","","","","","","","","","","","","2","","30","20260417","0","","","","0","0","","","","","","","","","","","","","","","","","","","","","","","","","","","","","","","","","","","","","","","","","","","","","","","","","","","","","","","","","","","","","","","","","","","0.034","45","0.00","0","","0.00",""
"FX2042W","FX2042","4ﾃﾝｾｯﾄﾑｼﾞRS","","","","11","","0","M","","0","","","","","105","","","0","1","0","0","0","0","0","1","1","0","0","2","0","2","0","0","2","072","2","","2026","000","2026","","130","","","","","","","","","","","","2","","30","20260417","0","","","","0","0","","","","","","","","","","","","","","","","","","","","","","","","","","","","","","","","","","","","","","","","","","","","","","","","","","","","","","","","","","","","","","","","","","","0.034","45","0.00","0","","0.00",""
"FX2042W","FX2042","4ﾃﾝｾｯﾄﾑｼﾞRS","","","","30","","0","00","","0","","","","","105","","","0","1","0","0","0","0","0","1","1","0","0","2","0","2","0","0","2","072","2","","2026","000","2026","","130","","","","","","","","","","","","2","","30","20260417","0","","","","0","0","","","","","","","","","","","","","","","","","","","","","","","","","","","","","","","","","","","","","","","","","","","","","","","","","","","","","","","","","","","","","","","","","","","0.034","45","0.00","0","","0.00",""
"FX2042W","FX2042","4ﾃﾝｾｯﾄﾑｼﾞRS","","","","30","","0","M","","0","","","","","105","","","0","1","0","0","0","0","0","1","1","0","0","2","0","2","0","0","2","072","2","","2026","000","2026","","130","","","","","","","","","","","","2","","30","20260417","0","","","","0","0","","","","","","","","","","","","","","","","","","","","","","","","","","","","","","","","","","","","","","","","","","","","","","","","","","","","","","","","","","","","","","","","","","","0.034","45","0.00","0","","0.00",""
"FX2042W","FX2042","4ﾃﾝｾｯﾄﾑｼﾞRS","","","","62","","0","00","","0","","","","","105","","","0","1","0","0","0","0","0","1","1","0","0","2","0","2","0","0","2","072","2","","2026","000","2026","","130","","","","","","","","","","","","2","","30","20260417","0","","","","0","0","","","","","","","","","","","","","","","","","","","","","","","","","","","","","","","","","","","","","","","","","","","","","","","","","","","","","","","","","","","","","","","","","","","0.034","45","0.00","0","","0.00",""
"FX2042W","FX2042","4ﾃﾝｾｯﾄﾑｼﾞRS","","","","62","","0","M","","0","","","","","105","","","0","1","0","0","0","0","0","1","1","0","0","2","0","2","0","0","2","072","2","","2026","000","2026","","130","","","","","","","","","","","","2","","30","20260417","0","","","","0","0","","","","","","","","","","","","","","","","","","","","","","","","","","","","","","","","","","","","","","","","","","","","","","","","","","","","","","","","","","","","","","","","","","","0.034","45","0.00","0","","0.00",""
"FX2042W","FX2042","4ﾃﾝｾｯﾄﾑｼﾞRS","","","","90","","0","00","","0","","","","","105","","","0","1","0","0","0","0","0","1","1","0","0","2","0","2","0","0","2","072","2","","2026","000","2026","","130","","","","","","","","","","","","2","","30","20260417","0","","","","0","0","","","","","","","","","","","","","","","","","","","","","","","","","","","","","","","","","","","","","","","","","","","","","","","","","","","","","","","","","","","","","","","","","","","0.034","45","0.00","0","","0.00",""
"FX2042W","FX2042","4ﾃﾝｾｯﾄﾑｼﾞRS","","","","90","","0","M","","0","","","","","105","","","0","1","0","0","0","0","0","1","1","0","0","2","0","2","0","0","2","072","2","","2026","000","2026","","130","","","","","","","","","","","","2","","30","20260417","0","","","","0","0","","","","","","","","","","","","","","","","","","","","","","","","","","","","","","","","","","","","","","","","","","","","","","","","","","","","","","","","","","","","","","","","","","","0.034","45","0.00","0","","0.00",""
"FX2043Z","FX2043","ﾌｸﾌﾞｸﾛ ﾑｼﾞ","","","","00","","0","00","","0","","","","","888","","","0","1","0","0","0","0","0","1","1","0","0","2","0","2","0","0","2","072","2","","2026","000","2026","","128","","","","","","","","","","","","2","","30","20260417","0","","0.00","","0","0","","","","","","","","","","","","","","","","","","","","","","","","","","","","","","","","","","","","","","","","","","","","","","","","","","","","","","","","","","","","","","","","","","","0","0","0.00","0","","",""
"FX2043Z","FX2043","ﾌｸﾌﾞｸﾛ ﾑｼﾞ","","","","00","","0","M","","0","","","","","888","","","0","1","0","0","0","0","0","1","1","0","0","2","0","2","0","0","2","072","2","","2026","000","2026","","128","","","","","","","","","","","","2","","30","20260417","0","","0.00","","0","0","","","","","","","","","","","","","","","","","","","","","","","","","","","","","","","","","","","","","","","","","","","","","","","","","","","","","","","","","","","","","","","","","","","0","0","0.00","0","","",""
"FX2043Z","FX2043","ﾌｸﾌﾞｸﾛ ﾑｼﾞ","","","","00","","0","L","","0","","","","","888","","","0","1","0","0","0","0","0","1","1","0","0","2","0","2","0","0","2","072","2","","2026","000","2026","","128","","","","","","","","","","","","2","","30","20260417","0","","0.00","","0","0","","","","","","","","","","","","","","","","","","","","","","","","","","","","","","","","","","","","","","","","","","","","","","","","","","","","","","","","","","","","","","","","","","","0","0","0.00","0","","",""
"FX2043Z","FX2043","ﾌｸﾌﾞｸﾛ ﾑｼﾞ","","","","35","","0","00","","0","","","","","888","","","0","1","0","0","0","0","0","1","1","0","0","2","0","2","0","0","2","072","2","","2026","000","2026","","128","","","","","","","","","","","","2","","30","20260417","0","","0.00","","0","0","","","","","","","","","","","","","","","","","","","","","","","","","","","","","","","","","","","","","","","","","","","","","","","","","","","","","","","","","","","","","","","","","","","0","0","0.00","0","","",""
"FX2043Z","FX2043","ﾌｸﾌﾞｸﾛ ﾑｼﾞ","","","","35","","0","M","","0","","","","","888","","","0","1","0","0","0","0","0","1","1","0","0","2","0","2","0","0","2","072","2","","2026","000","2026","","128","","","","","","","","","","","","2","","30","20260417","0","","0.00","","0","0","","","","","","","","","","","","","","","","","","","","","","","","","","","","","","","","","","","","","","","","","","","","","","","","","","","","","","","","","","","","","","","","","","","0","0","0.00","0","","",""
"FX2043Z","FX2043","ﾌｸﾌﾞｸﾛ ﾑｼﾞ","","","","35","","0","L","","0","","","","","888","","","0","1","0","0","0","0","0","1","1","0","0","2","0","2","0","0","2","072","2","","2026","000","2026","","128","","","","","","","","","","","","2","","30","20260417","0","","0.00","","0","0","","","","","","","","","","","","","","","","","","","","","","","","","","","","","","","","","","","","","","","","","","","","","","","","","","","","","","","","","","","","","","","","","","","0","0","0.00","0","","",""
"FX2043Z","FX2043","ﾌｸﾌﾞｸﾛ ﾑｼﾞ","","","","65","","0","00","","0","","","","","888","","","0","1","0","0","0","0","0","1","1","0","0","2","0","2","0","0","2","072","2","","2026","000","2026","","128","","","","","","","","","","","","2","","30","20260417","0","","0.00","","0","0","","","","","","","","","","","","","","","","","","","","","","","","","","","","","","","","","","","","","","","","","","","","","","","","","","","","","","","","","","","","","","","","","","","0","0","0.00","0","","",""
"FX2043Z","FX2043","ﾌｸﾌﾞｸﾛ ﾑｼﾞ","","","","65","","0","M","","0","","","","","888","","","0","1","0","0","0","0","0","1","1","0","0","2","0","2","0","0","2","072","2","","2026","000","2026","","128","","","","","","","","","","","","2","","30","20260417","0","","0.00","","0","0","","","","","","","","","","","","","","","","","","","","","","","","","","","","","","","","","","","","","","","","","","","","","","","","","","","","","","","","","","","","","","","","","","","0","0","0.00","0","","",""
"FX2043Z","FX2043","ﾌｸﾌﾞｸﾛ ﾑｼﾞ","","","","65","","0","L","","0","","","","","888","","","0","1","0","0","0","0","0","1","1","0","0","2","0","2","0","0","2","072","2","","2026","000","2026","","128","","","","","","","","","","","","2","","30","20260417","0","","0.00","","0","0","","","","","","","","","","","","","","","","","","","","","","","","","","","","","","","","","","","","","","","","","","","","","","","","","","","","","","","","","","","","","","","","","","","0","0","0.00","0","","",""
"FX2043Z","FX2043","ﾌｸﾌﾞｸﾛ ﾑｼﾞ","","","","75","","0","00","","0","","","","","888","","","0","1","0","0","0","0","0","1","1","0","0","2","0","2","0","0","2","072","2","","2026","000","2026","","128","","","","","","","","","","","","2","","30","20260417","0","","0.00","","0","0","","","","","","","","","","","","","","","","","","","","","","","","","","","","","","","","","","","","","","","","","","","","","","","","","","","","","","","","","","","","","","","","","","","0","0","0.00","0","","",""
"FX2043Z","FX2043","ﾌｸﾌﾞｸﾛ ﾑｼﾞ","","","","75","","0","M","","0","","","","","888","","","0","1","0","0","0","0","0","1","1","0","0","2","0","2","0","0","2","072","2","","2026","000","2026","","128","","","","","","","","","","","","2","","30","20260417","0","","0.00","","0","0","","","","","","","","","","","","","","","","","","","","","","","","","","","","","","","","","","","","","","","","","","","","","","","","","","","","","","","","","","","","","","","","","","","0","0","0.00","0","","",""
"FX2043Z","FX2043","ﾌｸﾌﾞｸﾛ ﾑｼﾞ","","","","75","","0","L","","0","","","","","888","","","0","1","0","0","0","0","0","1","1","0","0","2","0","2","0","0","2","072","2","","2026","000","2026","","128","","","","","","","","","","","","2","","30","20260417","0","","0.00","","0","0","","","","","","","","","","","","","","","","","","","","","","","","","","","","","","","","","","","","","","","","","","","","","","","","","","","","","","","","","","","","","","","","","","","0","0","0.00","0","","",""
"FX2043Z","FX2043","ﾌｸﾌﾞｸﾛ ﾑｼﾞ","","","","85","","0","00","","0","","","","","888","","","0","1","0","0","0","0","0","1","1","0","0","2","0","2","0","0","2","072","2","","2026","000","2026","","128","","","","","","","","","","","","2","","30","20260417","0","","0.00","","0","0","","","","","","","","","","","","","","","","","","","","","","","","","","","","","","","","","","","","","","","","","","","","","","","","","","","","","","","","","","","","","","","","","","","0","0","0.00","0","","",""
"FX2043Z","FX2043","ﾌｸﾌﾞｸﾛ ﾑｼﾞ","","","","85","","0","M","","0","","","","","888","","","0","1","0","0","0","0","0","1","1","0","0","2","0","2","0","0","2","072","2","","2026","000","2026","","128","","","","","","","","","","","","2","","30","20260417","0","","0.00","","0","0","","","","","","","","","","","","","","","","","","","","","","","","","","","","","","","","","","","","","","","","","","","","","","","","","","","","","","","","","","","","","","","","","","","0","0","0.00","0","","",""
"FX2043Z","FX2043","ﾌｸﾌﾞｸﾛ ﾑｼﾞ","","","","85","","0","L","","0","","","","","888","","","0","1","0","0","0","0","0","1","1","0","0","2","0","2","0","0","2","072","2","","2026","000","2026","","128","","","","","","","","","","","","2","","30","20260417","0","","0.00","","0","0","","","","","","","","","","","","","","","","","","","","","","","","","","","","","","","","","","","","","","","","","","","","","","","","","","","","","","","","","","","","","","","","","","","0","0","0.00","0","","",""
"FX2044Z","FX2044","ﾌｸﾌﾞｸﾛ ｼｼﾞﾗ","","","","00","","0","00","","0","","","","","888","","","0","1","0","0","0","0","0","1","1","0","0","2","0","2","0","0","2","072","2","","2026","000","2026","","128","","","","","","","","","","","","2","","30","20260417","0","","0.00","","0","0","","","","","","","","","","","","","","","","","","","","","","","","","","","","","","","","","","","","","","","","","","","","","","","","","","","","","","","","","","","","","","","","","","","0","0","0.00","0","","",""
"FX2044Z","FX2044","ﾌｸﾌﾞｸﾛ ｼｼﾞﾗ","","","","00","","0","M","","0","","","","","888","","","0","1","0","0","0","0","0","1","1","0","0","2","0","2","0","0","2","072","2","","2026","000","2026","","128","","","","","","","","","","","","2","","30","20260417","0","","0.00","","0","0","","","","","","","","","","","","","","","","","","","","","","","","","","","","","","","","","","","","","","","","","","","","","","","","","","","","","","","","","","","","","","","","","","","0","0","0.00","0","","",""
"FX2044Z","FX2044","ﾌｸﾌﾞｸﾛ ｼｼﾞﾗ","","","","15","","0","00","","0","","","","","888","","","0","1","0","0","0","0","0","1","1","0","0","2","0","2","0","0","2","072","2","","2026","000","2026","","128","","","","","","","","","","","","2","","30","20260417","0","","0.00","","0","0","","","","","","","","","","","","","","","","","","","","","","","","","","","","","","","","","","","","","","","","","","","","","","","","","","","","","","","","","","","","","","","","","","","0","0","0.00","0","","",""
"FX2044Z","FX2044","ﾌｸﾌﾞｸﾛ ｼｼﾞﾗ","","","","15","","0","M","","0","","","","","888","","","0","1","0","0","0","0","0","1","1","0","0","2","0","2","0","0","2","072","2","","2026","000","2026","","128","","","","","","","","","","","","2","","30","20260417","0","","0.00","","0","0","","","","","","","","","","","","","","","","","","","","","","","","","","","","","","","","","","","","","","","","","","","","","","","","","","","","","","","","","","","","","","","","","","","0","0","0.00","0","","",""
"FX2044Z","FX2044","ﾌｸﾌﾞｸﾛ ｼｼﾞﾗ","","","","45","","0","00","","0","","","","","888","","","0","1","0","0","0","0","0","1","1","0","0","2","0","2","0","0","2","072","2","","2026","000","2026","","128","","","","","","","","","","","","2","","30","20260417","0","","0.00","","0","0","","","","","","","","","","","","","","","","","","","","","","","","","","","","","","","","","","","","","","","","","","","","","","","","","","","","","","","","","","","","","","","","","","","0","0","0.00","0","","",""
"FX2044Z","FX2044","ﾌｸﾌﾞｸﾛ ｼｼﾞﾗ","","","","45","","0","M","","0","","","","","888","","","0","1","0","0","0","0","0","1","1","0","0","2","0","2","0","0","2","072","2","","2026","000","2026","","128","","","","","","","","","","","","2","","30","20260417","0","","0.00","","0","0","","","","","","","","","","","","","","","","","","","","","","","","","","","","","","","","","","","","","","","","","","","","","","","","","","","","","","","","","","","","","","","","","","","0","0","0.00","0","","",""
"FZ2038V","FZ2038","ｹｲﾀｲｾﾝｾｲﾊﾟﾝﾀ　ﾑｼﾞ","","","","32","","0","S","","0","","","","","437","","","0","1","0","0","0","0","0","1","1","0","0","2","0","2","0","0","2","049","2","","2026","000","2026","","116","","","","","","","","","","","","2","","30","20260417","0","","","","3224","0","","","","","","","","","","","","","","","","","","","","","","","","","","","","","","","","","","","","","","","","","","","","","","","","","","","","","","","","","","","","","","","","","","","0.08","42","0.00","0","","18.30",""
"FZ2038V","FZ2038","ｹｲﾀｲｾﾝｾｲﾊﾟﾝﾀ　ﾑｼﾞ","","","","81","","0","S","","0","","","","","437","","","0","1","0","0","0","0","0","1","1","0","0","2","0","2","0","0","2","049","2","","2026","000","2026","","116","","","","","","","","","","","","2","","30","20260417","0","","","","3224","0","","","","","","","","","","","","","","","","","","","","","","","","","","","","","","","","","","","","","","","","","","","","","","","","","","","","","","","","","","","","","","","","","","","0.08","42","0.00","0","","18.30",""
"FZ2038V","FZ2038","ｹｲﾀｲｾﾝｾｲﾊﾟﾝﾀ　ﾑｼﾞ","","","","82","","0","S","","0","","","","","437","","","0","1","0","0","0","0","0","1","1","0","0","2","0","2","0","0","2","049","2","","2026","000","2026","","116","","","","","","","","","","","","2","","30","20260417","0","","","","3224","0","","","","","","","","","","","","","","","","","","","","","","","","","","","","","","","","","","","","","","","","","","","","","","","","","","","","","","","","","","","","","","","","","","","0.08","42","0.00","0","","18.30",""
"FZ2038V","FZ2038","ｹｲﾀｲｾﾝｾｲﾊﾟﾝﾀ　ﾑｼﾞ","","","","90","","0","S","","0","","","","","437","","","0","1","0","0","0","0","0","1","1","0","0","2","0","2","0","0","2","049","2","","2026","000","2026","","116","","","","","","","","","","","","2","","30","20260417","0","","","","3224","0","","","","","","","","","","","","","","","","","","","","","","","","","","","","","","","","","","","","","","","","","","","","","","","","","","","","","","","","","","","","","","","","","","","0.08","42","0.00","0","","18.30",""
"FZ2039V","FZ2039","ﾘﾎﾞﾝﾂｷﾂﾘｺﾐｹｲﾀｲｽﾘｯﾊﾟ","","","","32","","0","S","","0","","","","","437","","","0","1","0","0","0","0","0","1","1","0","0","2","0","2","0","0","2","049","2","","2026","000","2026","","133","","","","","","","","","","","","2","","30","20260417","0","","","","2720","890","","","","","","","","","","","","","","","","","","","","","","","","","","","","","","","","","","","","","","","","","","","","","","","","","","","","","","","","","","","","","","","","","","","0.08","42","0.00","0","","15.40",""
"FZ2039V","FZ2039","ﾘﾎﾞﾝﾂｷﾂﾘｺﾐｹｲﾀｲｽﾘｯﾊﾟ","","","","90","","0","S","","0","","","","","437","","","0","1","0","0","0","0","0","1","1","0","0","2","0","2","0","0","2","049","2","","2026","000","2026","","133","","","","","","","","","","","","2","","30","20260417","0","","","","2720","890","","","","","","","","","","","","","","","","","","","","","","","","","","","","","","","","","","","","","","","","","","","","","","","","","","","","","","","","","","","","","","","","","","","0.08","42","0.00","0","","15.40",""
"FZ2040V","FZ2040","ﾂﾘｺﾐｹｲﾀｲｽﾘｯﾊﾟﾎｿﾘﾎﾞﾝ","","","","32","","0","S","","0","","","","","437","","","0","1","0","0","0","0","0","1","1","0","0","2","0","2","0","0","2","049","2","","2026","000","2026","","122","","","","","","","","","","","","2","","30","20260417","0","","","","2720","890","","","","","","","","","","","","","","","","","","","","","","","","","","","","","","","","","","","","","","","","","","","","","","","","","","","","","","","","","","","","","","","","","","","0.08","42","0.00","0","","15.40",""
"FZ2040V","FZ2040","ﾂﾘｺﾐｹｲﾀｲｽﾘｯﾊﾟﾎｿﾘﾎﾞﾝ","","","","90","","0","S","","0","","","","","437","","","0","1","0","0","0","0","0","1","1","0","0","2","0","2","0","0","2","049","2","","2026","000","2026","","122","","","","","","","","","","","","2","","30","20260417","0","","","","2720","890","","","","","","","","","","","","","","","","","","","","","","","","","","","","","","","","","","","","","","","","","","","","","","","","","","","","","","","","","","","","","","","","","","","0.08","42","0.00","0","","15.40",""
"FZ2041V","FZ2041","CR ﾋﾅ ﾋﾅｹｲﾀｲﾊﾟﾝﾀﾛﾝ","","","","32","","0","00","","0","","","","","437","","","0","1","0","0","0","0","0","1","1","0","0","2","0","2","0","0","2","049","2","","2026","197","2026","","117","","","","","","","","","","","","2","","30","20260417","0","","","","5030","1290","","","","","","","","","","","","","","","","","","","","","","","","","","","","","","","","","","","","","","","","","","","","","","","","","","","","","","","","","","","","","","","","","","","0.08","42","32.25","0","","28.50",""
"FZ2041V","FZ2041","CR ﾋﾅ ﾋﾅｹｲﾀｲﾊﾟﾝﾀﾛﾝ","","","","32","","0","M","","0","","","","","437","","","0","1","0","0","0","0","0","1","1","0","0","2","0","2","0","0","2","049","2","","2026","197","2026","","117","","","","","","","","","","","","2","","30","20260417","0","","","","5030","1290","","","","","","","","","","","","","","","","","","","","","","","","","","","","","","","","","","","","","","","","","","","","","","","","","","","","","","","","","","","","","","","","","","","0.08","42","32.25","0","","28.50",""
"FZ2041V","FZ2041","CR ﾋﾅ ﾋﾅｹｲﾀｲﾊﾟﾝﾀﾛﾝ","","","","90","","0","00","","0","","","","","437","","","0","1","0","0","0","0","0","1","1","0","0","2","0","2","0","0","2","049","2","","2026","197","2026","","117","","","","","","","","","","","","2","","30","20260417","0","","","","5030","1290","","","","","","","","","","","","","","","","","","","","","","","","","","","","","","","","","","","","","","","","","","","","","","","","","","","","","","","","","","","","","","","","","","","0.08","42","32.25","0","","28.50",""
"FZ2041V","FZ2041","CR ﾋﾅ ﾋﾅｹｲﾀｲﾊﾟﾝﾀﾛﾝ","","","","90","","0","M","","0","","","","","437","","","0","1","0","0","0","0","0","1","1","0","0","2","0","2","0","0","2","049","2","","2026","197","2026","","117","","","","","","","","","","","","2","","30","20260417","0","","","","5030","1290","","","","","","","","","","","","","","","","","","","","","","","","","","","","","","","","","","","","","","","","","","","","","","","","","","","","","","","","","","","","","","","","","","","0.08","42","32.25","0","","28.50",""
"FZ2042V","FZ2042","CR ﾋﾅ ﾋﾅｹｲﾀｲﾌﾘﾙ","","","","90","","0","00","","0","","","","","437","","","0","1","0","0","0","0","0","1","1","0","0","2","0","2","0","0","2","049","2","","2026","197","2026","","117","","","","","","","","","","","","2","","30","20260417","0","","","","4056","1290","","","","","","","","","","","","","","","","","","","","","","","","","","","","","","","","","","","","","","","","","","","","","","","","","","","","","","","","","","","","","","","","","","","0.08","42","32.25","0","","22.90",""
"FZ2042V","FZ2042","CR ﾋﾅ ﾋﾅｹｲﾀｲﾌﾘﾙ","","","","90","","0","M","","0","","","","","437","","","0","1","0","0","0","0","0","1","1","0","0","2","0","2","0","0","2","049","2","","2026","197","2026","","117","","","","","","","","","","","","2","","30","20260417","0","","","","4056","1290","","","","","","","","","","","","","","","","","","","","","","","","","","","","","","","","","","","","","","","","","","","","","","","","","","","","","","","","","","","","","","","","","","","0.08","42","32.25","0","","22.90",""
"FZ2043V","FZ2043","CR ﾋﾅ ﾋﾅｹｲﾀｲﾘﾎﾞﾝ","","","","90","","0","00","","0","","","","","437","","","0","1","0","0","0","0","0","1","1","0","0","2","0","2","0","0","2","049","2","","2026","197","2026","","117","","","","","","","","","","","","2","","30","20260417","0","","","","4004","1290","","","","","","","","","","","","","","","","","","","","","","","","","","","","","","","","","","","","","","","","","","","","","","","","","","","","","","","","","","","","","","","","","","","0.08","42","32.25","0","","22.60",""
"FZ2043V","FZ2043","CR ﾋﾅ ﾋﾅｹｲﾀｲﾘﾎﾞﾝ","","","","90","","0","M","","0","","","","","437","","","0","1","0","0","0","0","0","1","1","0","0","2","0","2","0","0","2","049","2","","2026","197","2026","","117","","","","","","","","","","","","2","","30","20260417","0","","","","4004","1290","","","","","","","","","","","","","","","","","","","","","","","","","","","","","","","","","","","","","","","","","","","","","","","","","","","","","","","","","","","","","","","","","","","0.08","42","32.25","0","","22.60",""
"FZ2044V","FZ2044","ﾌｧｽﾅｰｹｲﾀｲｽﾘｯﾊﾟ","","","","90","","0","S","","0","","","","","437","","","0","1","0","0","0","0","0","1","1","0","0","2","0","2","0","0","2","049","2","","2026","000","2026","","128","","","","","","","","","","","","2","","30","20260417","0","","","","3024","890","","","","","","","","","","","","","","","","","","","","","","","","","","","","","","","","","","","","","","","","","","","","","","","","","","","","","","","","","","","","","","","","","","","0.08","42","0.00","0","","17.15",""
"FZ2044V","FZ2044","ﾌｧｽﾅｰｹｲﾀｲｽﾘｯﾊﾟ","","","","90","","0","M","","0","","","","","437","","","0","1","0","0","0","0","0","1","1","0","0","2","0","2","0","0","2","049","2","","2026","000","2026","","128","","","","","","","","","","","","2","","30","20260417","0","","","","3024","890","","","","","","","","","","","","","","","","","","","","","","","","","","","","","","","","","","","","","","","","","","","","","","","","","","","","","","","","","","","","","","","","","","","0.08","42","0.00","0","","17.15",""
"FZ2044V","FZ2044","ﾌｧｽﾅｰｹｲﾀｲｽﾘｯﾊﾟ","","","","90","","0","L","","0","","","","","437","","","0","1","0","0","0","0","0","1","1","0","0","2","0","2","0","0","2","049","2","","2026","000","2026","","128","","","","","","","","","","","","2","","30","20260417","0","","","","3024","890","","","","","","","","","","","","","","","","","","","","","","","","","","","","","","","","","","","","","","","","","","","","","","","","","","","","","","","","","","","","","","","","","","","0.08","42","0.00","0","","17.15",""
"FZ2044V","FZ2044","ﾌｧｽﾅｰｹｲﾀｲｽﾘｯﾊﾟ","","","","90","","0","LL","","0","","","","","437","","","0","1","0","0","0","0","0","1","1","0","0","2","0","2","0","0","2","049","2","","2026","000","2026","","128","","","","","","","","","","","","2","","30","20260417","0","","","","3024","890","","","","","","","","","","","","","","","","","","","","","","","","","","","","","","","","","","","","","","","","","","","","","","","","","","","","","","","","","","","","","","","","","","","0.08","42","0.00","0","","17.15",""
"FZ2045V","FZ2045","ﾌｧｽﾅｰｹｲﾀｲｽﾘｯﾊﾟ","","","","90","","0","S","","0","","","","","437","","","0","1","0","0","0","0","0","1","1","0","0","2","0","2","0","0","2","049","2","","2026","000","2026","","128","","","","","","","","","","","","2","","30","20260417","0","","","","0","890","","","","","","","","","","","","","","","","","","","","","","","","","","","","","","","","","","","","","","","","","","","","","","","","","","","","","","","","","","","","","","","","","","","0.08","42","0.00","0","","0.00",""
"FZ2045V","FZ2045","ﾌｧｽﾅｰｹｲﾀｲｽﾘｯﾊﾟ","","","","90","","0","M","","0","","","","","437","","","0","1","0","0","0","0","0","1","1","0","0","2","0","2","0","0","2","049","2","","2026","000","2026","","128","","","","","","","","","","","","2","","30","20260417","0","","","","0","890","","","","","","","","","","","","","","","","","","","","","","","","","","","","","","","","","","","","","","","","","","","","","","","","","","","","","","","","","","","","","","","","","","","0.08","42","0.00","0","","0.00",""
"FZ2045V","FZ2045","ﾌｧｽﾅｰｹｲﾀｲｽﾘｯﾊﾟ","","","","90","","0","L","","0","","","","","437","","","0","1","0","0","0","0","0","1","1","0","0","2","0","2","0","0","2","049","2","","2026","000","2026","","128","","","","","","","","","","","","2","","30","20260417","0","","","","0","890","","","","","","","","","","","","","","","","","","","","","","","","","","","","","","","","","","","","","","","","","","","","","","","","","","","","","","","","","","","","","","","","","","","0.08","42","0.00","0","","0.00",""
"FZ2045V","FZ2045","ﾌｧｽﾅｰｹｲﾀｲｽﾘｯﾊﾟ","","","","90","","0","LL","","0","","","","","437","","","0","1","0","0","0","0","0","1","1","0","0","2","0","2","0","0","2","049","2","","2026","000","2026","","128","","","","","","","","","","","","2","","30","20260417","0","","","","0","890","","","","","","","","","","","","","","","","","","","","","","","","","","","","","","","","","","","","","","","","","","","","","","","","","","","","","","","","","","","","","","","","","","","0.08","42","0.00","0","","0.00",""
"FZ2046A","FZ2046","ﾊﾟｲﾙｾﾝﾀｰﾗｸﾞ","","","","61","","0","00","","0","","","","","336","","","0","1","0","0","0","0","0","1","1","0","0","2","0","2","0","0","2","090","2","","2026","000","2026","","128","","","","","","","","","","","","2","","30","20260417","0","","1194.00","","1194","1990","","","","","","","","","","","","","","","","","","","","","","","","","","","","","","","","","","","","","","","","","","","","","","","","","","","","","","","","","","","","","","","","","","","0","0","0.00","0","","",""
"FZ2046A","FZ2046","ﾊﾟｲﾙｾﾝﾀｰﾗｸﾞ","","","","62","","0","00","","0","","","","","336","","","0","1","0","0","0","0","0","1","1","0","0","2","0","2","0","0","2","090","2","","2026","000","2026","","128","","","","","","","","","","","","2","","30","20260417","0","","1194.00","","1194","1990","","","","","","","","","","","","","","","","","","","","","","","","","","","","","","","","","","","","","","","","","","","","","","","","","","","","","","","","","","","","","","","","","","","0","0","0.00","0","","",""
"FZ2046A","FZ2046","ﾊﾟｲﾙｾﾝﾀｰﾗｸﾞ","","","","80","","0","00","","0","","","","","336","","","0","1","0","0","0","0","0","1","1","0","0","2","0","2","0","0","2","090","2","","2026","000","2026","","128","","","","","","","","","","","","2","","30","20260417","0","","1194.00","","1194","1990","","","","","","","","","","","","","","","","","","","","","","","","","","","","","","","","","","","","","","","","","","","","","","","","","","","","","","","","","","","","","","","","","","","0","0","0.00","0","","",""
"FZ2047A","FZ2047","ﾊﾟｲﾙｾﾝﾀｰﾗｸﾞ","","","","61","","0","00","","0","","","","","336","","","0","1","0","0","0","0","0","1","1","0","0","2","0","2","0","0","2","090","2","","2026","000","2026","","128","","","","","","","","","","","","2","","30","20260417","0","","1620.00","","1620","2700","","","","","","","","","","","","","","","","","","","","","","","","","","","","","","","","","","","","","","","","","","","","","","","","","","","","","","","","","","","","","","","","","","","0","0","0.00","0","","",""
"FZ2047A","FZ2047","ﾊﾟｲﾙｾﾝﾀｰﾗｸﾞ","","","","62","","0","00","","0","","","","","336","","","0","1","0","0","0","0","0","1","1","0","0","2","0","2","0","0","2","090","2","","2026","000","2026","","128","","","","","","","","","","","","2","","30","20260417","0","","1620.00","","1620","2700","","","","","","","","","","","","","","","","","","","","","","","","","","","","","","","","","","","","","","","","","","","","","","","","","","","","","","","","","","","","","","","","","","","0","0","0.00","0","","",""
"FZ2047A","FZ2047","ﾊﾟｲﾙｾﾝﾀｰﾗｸﾞ","","","","80","","0","00","","0","","","","","336","","","0","1","0","0","0","0","0","1","1","0","0","2","0","2","0","0","2","090","2","","2026","000","2026","","128","","","","","","","","","","","","2","","30","20260417","0","","1620.00","","1620","2700","","","","","","","","","","","","","","","","","","","","","","","","","","","","","","","","","","","","","","","","","","","","","","","","","","","","","","","","","","","","","","","","","","","0","0","0.00","0","","",""
"FZ2048A","FZ2048","ﾊﾟｲﾙｾﾝﾀｰﾗｸﾞ","","","","61","","0","00","","0","","","","","336","","","0","1","0","0","0","0","0","1","1","0","0","2","0","2","0","0","2","090","2","","2026","000","2026","","128","","","","","","","","","","","","2","","30","20260417","0","","2220.00","","2220","3700","","","","","","","","","","","","","","","","","","","","","","","","","","","","","","","","","","","","","","","","","","","","","","","","","","","","","","","","","","","","","","","","","","","0","0","0.00","0","","",""
"FZ2048A","FZ2048","ﾊﾟｲﾙｾﾝﾀｰﾗｸﾞ","","","","62","","0","00","","0","","","","","336","","","0","1","0","0","0","0","0","1","1","0","0","2","0","2","0","0","2","090","2","","2026","000","2026","","128","","","","","","","","","","","","2","","30","20260417","0","","2220.00","","2220","3700","","","","","","","","","","","","","","","","","","","","","","","","","","","","","","","","","","","","","","","","","","","","","","","","","","","","","","","","","","","","","","","","","","","0","0","0.00","0","","",""
"FZ2048A","FZ2048","ﾊﾟｲﾙｾﾝﾀｰﾗｸﾞ","","","","80","","0","00","","0","","","","","336","","","0","1","0","0","0","0","0","1","1","0","0","2","0","2","0","0","2","090","2","","2026","000","2026","","128","","","","","","","","","","","","2","","30","20260417","0","","2220.00","","2220","3700","","","","","","","","","","","","","","","","","","","","","","","","","","","","","","","","","","","","","","","","","","","","","","","","","","","","","","","","","","","","","","","","","","","0","0","0.00","0","","",""
"FZ2049A","FZ2049","ｼﾞｬｶﾞｰﾄﾞﾎﾞｰﾀﾞｰ　ｾﾝﾀｰﾗｸﾞ","","","","32","","0","00","","0","","","","","336","","","0","1","0","0","0","0","0","1","1","0","0","2","0","2","0","0","2","090","2","","2026","000","2026","","128","","","","","","","","","","","","2","","30","20260417","2200","","0.00","","0","3700","","","","","","","","","","","","","","","","","","","","","","","","","","","","","","","","","","","","","","","","","","","","","","","","","","","","","","","","","","","","","","","","","","","0","0","0.00","0","","",""
"FZ2049A","FZ2049","ｼﾞｬｶﾞｰﾄﾞﾎﾞｰﾀﾞｰ　ｾﾝﾀｰﾗｸﾞ","","","","80","","0","00","","0","","","","","336","","","0","1","0","0","0","0","0","1","1","0","0","2","0","2","0","0","2","090","2","","2026","000","2026","","128","","","","","","","","","","","","2","","30","20260417","2200","","0.00","","0","3700","","","","","","","","","","","","","","","","","","","","","","","","","","","","","","","","","","","","","","","","","","","","","","","","","","","","","","","","","","","","","","","","","","","0","0","0.00","0","","",""
"FZ2050A","FZ2050","ｼﾞｬｶﾞｰﾄﾞﾎﾞｰﾀﾞｰ　ｾﾝﾀｰﾗｸﾞ","","","","32","","0","00","","0","","","","","336","","","0","1","0","0","0","0","0","1","1","0","0","2","0","2","0","0","2","090","2","","2026","000","2026","","128","","","","","","","","","","","","2","","30","20260417","3248","","0.00","","0","5700","","","","","","","","","","","","","","","","","","","","","","","","","","","","","","","","","","","","","","","","","","","","","","","","","","","","","","","","","","","","","","","","","","","0","0","0.00","0","","",""
"FZ2050A","FZ2050","ｼﾞｬｶﾞｰﾄﾞﾎﾞｰﾀﾞｰ　ｾﾝﾀｰﾗｸﾞ","","","","80","","0","00","","0","","","","","336","","","0","1","0","0","0","0","0","1","1","0","0","2","0","2","0","0","2","090","2","","2026","000","2026","","128","","","","","","","","","","","","2","","30","20260417","3248","","0.00","","0","5700","","","","","","","","","","","","","","","","","","","","","","","","","","","","","","","","","","","","","","","","","","","","","","","","","","","","","","","","","","","","","","","","","","","0","0","0.00","0","","",""
"FZ2051A","FZ2051","ｻｷｿﾞﾒﾎﾞｰﾀﾞｰ　ｾﾝﾀｰﾗｸﾞ","","","","30","","0","00","","0","","","","","336","","","0","1","0","0","0","0","0","1","1","0","0","2","0","2","0","0","2","090","2","","2026","000","2026","","128","","","","","","","","","","","","2","","30","20260417","2200","","0.00","","0","3700","","","","","","","","","","","","","","","","","","","","","","","","","","","","","","","","","","","","","","","","","","","","","","","","","","","","","","","","","","","","","","","","","","","0","0","0.00","0","","",""
"FZ2051A","FZ2051","ｻｷｿﾞﾒﾎﾞｰﾀﾞｰ　ｾﾝﾀｰﾗｸﾞ","","","","40","","0","00","","0","","","","","336","","","0","1","0","0","0","0","0","1","1","0","0","2","0","2","0","0","2","090","2","","2026","000","2026","","128","","","","","","","","","","","","2","","30","20260417","2200","","0.00","","0","3700","","","","","","","","","","","","","","","","","","","","","","","","","","","","","","","","","","","","","","","","","","","","","","","","","","","","","","","","","","","","","","","","","","","0","0","0.00","0","","",""
"FZ2052A","FZ2052","ｻｷｿﾞﾒﾎﾞｰﾀﾞｰ　ｾﾝﾀｰﾗｸﾞ","","","","30","","0","00","","0","","","","","336","","","0","1","0","0","0","0","0","1","1","0","0","2","0","2","0","0","2","090","2","","2026","000","2026","","128","","","","","","","","","","","","2","","30","20260417","3248","","0.00","","0","5700","","","","","","","","","","","","","","","","","","","","","","","","","","","","","","","","","","","","","","","","","","","","","","","","","","","","","","","","","","","","","","","","","","","0","0","0.00","0","","",""
"FZ2052A","FZ2052","ｻｷｿﾞﾒﾎﾞｰﾀﾞｰ　ｾﾝﾀｰﾗｸﾞ","","","","40","","0","00","","0","","","","","336","","","0","1","0","0","0","0","0","1","1","0","0","2","0","2","0","0","2","090","2","","2026","000","2026","","128","","","","","","","","","","","","2","","30","20260417","3248","","0.00","","0","5700","","","","","","","","","","","","","","","","","","","","","","","","","","","","","","","","","","","","","","","","","","","","","","","","","","","","","","","","","","","","","","","","","","","0","0","0.00","0","","",""
"FZ2053A","FZ2053","ｼﾞｬｶﾞｰﾄﾞﾎﾞｰﾀﾞｰ　ｲﾝﾃﾘｱﾏｯﾄ","","","","32","","0","00","","0","","","","","336","","","0","1","0","0","0","0","0","1","1","0","0","2","0","2","0","0","2","090","2","","2026","000","2026","","128","","","","","","","","","","","","2","","30","20260417","414","","0.00","","0","690","","","","","","","","","","","","","","","","","","","","","","","","","","","","","","","","","","","","","","","","","","","","","","","","","","","","","","","","","","","","","","","","","","","0","0","0.00","0","","",""
"FZ2053A","FZ2053","ｼﾞｬｶﾞｰﾄﾞﾎﾞｰﾀﾞｰ　ｲﾝﾃﾘｱﾏｯﾄ","","","","80","","0","00","","0","","","","","336","","","0","1","0","0","0","0","0","1","1","0","0","2","0","2","0","0","2","090","2","","2026","000","2026","","128","","","","","","","","","","","","2","","30","20260417","414","","0.00","","0","690","","","","","","","","","","","","","","","","","","","","","","","","","","","","","","","","","","","","","","","","","","","","","","","","","","","","","","","","","","","","","","","","","","","0","0","0.00","0","","",""
"FZ2054A","FZ2054","ｼﾞｬｶﾞｰﾄﾞﾎﾞｰﾀﾞｰ　ｲﾝﾃﾘｱﾏｯﾄ","","","","32","","0","00","","0","","","","","336","","","0","1","0","0","0","0","0","1","1","0","0","2","0","2","0","0","2","090","2","","2026","000","2026","","128","","","","","","","","","","","","2","","30","20260417","1074","","0.00","","0","1790","","","","","","","","","","","","","","","","","","","","","","","","","","","","","","","","","","","","","","","","","","","","","","","","","","","","","","","","","","","","","","","","","","","0","0","0.00","0","","",""
"FZ2054A","FZ2054","ｼﾞｬｶﾞｰﾄﾞﾎﾞｰﾀﾞｰ　ｲﾝﾃﾘｱﾏｯﾄ","","","","80","","0","00","","0","","","","","336","","","0","1","0","0","0","0","0","1","1","0","0","2","0","2","0","0","2","090","2","","2026","000","2026","","128","","","","","","","","","","","","2","","30","20260417","1074","","0.00","","0","1790","","","","","","","","","","","","","","","","","","","","","","","","","","","","","","","","","","","","","","","","","","","","","","","","","","","","","","","","","","","","","","","","","","","0","0","0.00","0","","",""
"FZ2055A","FZ2055","ｻｷｿﾞﾒﾎﾞｰﾀﾞｰ　ｲﾝﾃﾘｱﾏｯﾄ","","","","30","","0","00","","0","","","","","336","","","0","1","0","0","0","0","0","1","1","0","0","2","0","2","0","0","2","090","2","","2026","000","2026","","128","","","","","","","","","","","","2","","30","20260417","414","","0.00","","0","690","","","","","","","","","","","","","","","","","","","","","","","","","","","","","","","","","","","","","","","","","","","","","","","","","","","","","","","","","","","","","","","","","","","0","0","0.00","0","","",""
"FZ2055A","FZ2055","ｻｷｿﾞﾒﾎﾞｰﾀﾞｰ　ｲﾝﾃﾘｱﾏｯﾄ","","","","40","","0","00","","0","","","","","336","","","0","1","0","0","0","0","0","1","1","0","0","2","0","2","0","0","2","090","2","","2026","000","2026","","128","","","","","","","","","","","","2","","30","20260417","414","","0.00","","0","690","","","","","","","","","","","","","","","","","","","","","","","","","","","","","","","","","","","","","","","","","","","","","","","","","","","","","","","","","","","","","","","","","","","0","0","0.00","0","","",""
"FZ2056A","FZ2056","ｻｷｿﾞﾒﾎﾞｰﾀﾞｰ　ｲﾝﾃﾘｱﾏｯﾄ","","","","30","","0","00","","0","","","","","336","","","0","1","0","0","0","0","0","1","1","0","0","2","0","2","0","0","2","090","2","","2026","000","2026","","128","","","","","","","","","","","","2","","30","20260417","1074","","0.00","","0","1790","","","","","","","","","","","","","","","","","","","","","","","","","","","","","","","","","","","","","","","","","","","","","","","","","","","","","","","","","","","","","","","","","","","0","0","0.00","0","","",""
"FZ2056A","FZ2056","ｻｷｿﾞﾒﾎﾞｰﾀﾞｰ　ｲﾝﾃﾘｱﾏｯﾄ","","","","40","","0","00","","0","","","","","336","","","0","1","0","0","0","0","0","1","1","0","0","2","0","2","0","0","2","090","2","","2026","000","2026","","128","","","","","","","","","","","","2","","30","20260417","1074","","0.00","","0","1790","","","","","","","","","","","","","","","","","","","","","","","","","","","","","","","","","","","","","","","","","","","","","","","","","","","","","","","","","","","","","","","","","","","0","0","0.00","0","","",""
"FZ2057A","FZ2057","ｼﾞｬｶﾞｰﾄﾞﾎﾞｰﾀﾞｰ　ﾅｶﾞｻﾞﾌﾞﾄﾝ","","","","32","","0","00","","0","","","","","336","","","0","1","0","0","0","0","0","1","1","0","0","2","0","2","0","0","2","090","2","","2026","000","2026","","128","","","","","","","","","","","","2","","30","20260417","1134","","0.00","","0","1990","","","","","","","","","","","","","","","","","","","","","","","","","","","","","","","","","","","","","","","","","","","","","","","","","","","","","","","","","","","","","","","","","","","0","0","0.00","0","","",""
"FZ2057A","FZ2057","ｼﾞｬｶﾞｰﾄﾞﾎﾞｰﾀﾞｰ　ﾅｶﾞｻﾞﾌﾞﾄﾝ","","","","80","","0","00","","0","","","","","336","","","0","1","0","0","0","0","0","1","1","0","0","2","0","2","0","0","2","090","2","","2026","000","2026","","128","","","","","","","","","","","","2","","30","20260417","1134","","0.00","","0","1990","","","","","","","","","","","","","","","","","","","","","","","","","","","","","","","","","","","","","","","","","","","","","","","","","","","","","","","","","","","","","","","","","","","0","0","0.00","0","","",""
"FZ2058A","FZ2058","ｼﾞｬｶﾞｰﾄﾞﾎﾞｰﾀﾞｰ　ｻﾞﾌﾞﾄﾝ","","","","32","","0","00","","0","","","","","336","","","0","1","0","0","0","0","0","1","1","0","0","2","0","2","0","0","2","090","2","","2026","000","2026","","128","","","","","","","","","","","","2","","30","20260417","774","","0.00","","0","1290","","","","","","","","","","","","","","","","","","","","","","","","","","","","","","","","","","","","","","","","","","","","","","","","","","","","","","","","","","","","","","","","","","","0","0","0.00","0","","",""
"FZ2058A","FZ2058","ｼﾞｬｶﾞｰﾄﾞﾎﾞｰﾀﾞｰ　ｻﾞﾌﾞﾄﾝ","","","","80","","0","00","","0","","","","","336","","","0","1","0","0","0","0","0","1","1","0","0","2","0","2","0","0","2","090","2","","2026","000","2026","","128","","","","","","","","","","","","2","","30","20260417","774","","0.00","","0","1290","","","","","","","","","","","","","","","","","","","","","","","","","","","","","","","","","","","","","","","","","","","","","","","","","","","","","","","","","","","","","","","","","","","0","0","0.00","0","","",""
"FZ2059A","FZ2059","ｻｷｿﾞﾒﾎﾞｰﾀﾞｰ　ﾅｶﾞｻﾞﾌﾞﾄﾝｶﾊﾞｰ","","","","30","","0","00","","0","","","","","336","","","0","1","0","0","0","0","0","1","1","0","0","2","0","2","0","0","2","090","2","","2026","000","2026","","128","","","","","","","","","","","","2","","30","20260417","564","","0.00","","0","990","","","","","","","","","","","","","","","","","","","","","","","","","","","","","","","","","","","","","","","","","","","","","","","","","","","","","","","","","","","","","","","","","","","0","0","0.00","0","","",""
"FZ2059A","FZ2059","ｻｷｿﾞﾒﾎﾞｰﾀﾞｰ　ﾅｶﾞｻﾞﾌﾞﾄﾝｶﾊﾞｰ","","","","40","","0","00","","0","","","","","336","","","0","1","0","0","0","0","0","1","1","0","0","2","0","2","0","0","2","090","2","","2026","000","2026","","128","","","","","","","","","","","","2","","30","20260417","564","","0.00","","0","990","","","","","","","","","","","","","","","","","","","","","","","","","","","","","","","","","","","","","","","","","","","","","","","","","","","","","","","","","","","","","","","","","","","0","0","0.00","0","","",""
"FZ2060A","FZ2060","ｻｷｿﾞﾒﾎﾞｰﾀﾞｰ　ｻﾞﾌﾞﾄﾝｶﾊﾞｰ","","","","30","","0","00","","0","","","","","336","","","0","1","0","0","0","0","0","1","1","0","0","2","0","2","0","0","2","090","2","","2026","000","2026","","128","","","","","","","","","","","","2","","30","20260417","354","","0.00","","0","590","","","","","","","","","","","","","","","","","","","","","","","","","","","","","","","","","","","","","","","","","","","","","","","","","","","","","","","","","","","","","","","","","","","0","0","0.00","0","","",""
"FZ2060A","FZ2060","ｻｷｿﾞﾒﾎﾞｰﾀﾞｰ　ｻﾞﾌﾞﾄﾝｶﾊﾞｰ","","","","40","","0","00","","0","","","","","336","","","0","1","0","0","0","0","0","1","1","0","0","2","0","2","0","0","2","090","2","","2026","000","2026","","128","","","","","","","","","","","","2","","30","20260417","354","","0.00","","0","590","","","","","","","","","","","","","","","","","","","","","","","","","","","","","","","","","","","","","","","","","","","","","","","","","","","","","","","","","","","","","","","","","","","0","0","0.00","0","","",""
"FZ2061A","FZ2061","ﾆｿｳｺｳｿﾞｳﾏｯﾄﾚｽ ﾐﾂｵﾘ","","","","32","","0","00","","0","","","","","336","","","0","1","0","0","0","0","0","1","1","0","0","2","0","2","0","0","2","090","2","","2026","000","2026","","128","","","","","","","","","","","","2","","30","20260417","5820","","0.00","","0","9700","","","","","","","","","","","","","","","","","","","","","","","","","","","","","","","","","","","","","","","","","","","","","","","","","","","","","","","","","","","","","","","","","","","0","0","0.00","0","","",""
"FZ2061A","FZ2061","ﾆｿｳｺｳｿﾞｳﾏｯﾄﾚｽ ﾐﾂｵﾘ","","","","80","","0","00","","0","","","","","336","","","0","1","0","0","0","0","0","1","1","0","0","2","0","2","0","0","2","090","2","","2026","000","2026","","128","","","","","","","","","","","","2","","30","20260417","5820","","0.00","","0","9700","","","","","","","","","","","","","","","","","","","","","","","","","","","","","","","","","","","","","","","","","","","","","","","","","","","","","","","","","","","","","","","","","","","0","0","0.00","0","","",""
"FZ2062A","FZ2062","HBﾋﾋﾞﾔｶﾀﾞﾝﾏｸﾗﾊﾟｯﾄﾞﾁｭｳｶﾞﾗ","","","","11","","0","00","","0","","","","","336","","","0","1","0","0","0","0","0","1","1","0","0","2","0","2","0","0","2","090","2","","2026","201","2026","","116","","","","","","","","","","","","2","","30","20260417","0","","0.00","","0","490","","","","","","","","","","","","","","","","","","","","","","","","","","","","","","","","","","","","","","","","","","","","","","","","","","","","","","","","","","","","","","","","","","","0","0","24.50","0","","",""
"FZ2062A","FZ2062","HBﾋﾋﾞﾔｶﾀﾞﾝﾏｸﾗﾊﾟｯﾄﾞﾁｭｳｶﾞﾗ","","","","30","","0","00","","0","","","","","336","","","0","1","0","0","0","0","0","1","1","0","0","2","0","2","0","0","2","090","2","","2026","201","2026","","116","","","","","","","","","","","","2","","30","20260417","0","","0.00","","0","490","","","","","","","","","","","","","","","","","","","","","","","","","","","","","","","","","","","","","","","","","","","","","","","","","","","","","","","","","","","","","","","","","","","0","0","24.50","0","","",""
"FZ2063A","FZ2063","HBﾋﾋﾞﾔｶﾀﾞﾝﾏｸﾗﾊﾟｯﾄﾞﾗｲﾝｶﾞﾗ","","","","11","","0","00","","0","","","","","336","","","0","1","0","0","0","0","0","1","1","0","0","2","0","2","0","0","2","090","2","","2026","201","2026","","116","","","","","","","","","","","","2","","30","20260417","0","","0.00","","0","490","","","","","","","","","","","","","","","","","","","","","","","","","","","","","","","","","","","","","","","","","","","","","","","","","","","","","","","","","","","","","","","","","","","0","0","24.50","0","","",""
"FZ2063A","FZ2063","HBﾋﾋﾞﾔｶﾀﾞﾝﾏｸﾗﾊﾟｯﾄﾞﾗｲﾝｶﾞﾗ","","","","80","","0","00","","0","","","","","336","","","0","1","0","0","0","0","0","1","1","0","0","2","0","2","0","0","2","090","2","","2026","201","2026","","116","","","","","","","","","","","","2","","30","20260417","0","","0.00","","0","490","","","","","","","","","","","","","","","","","","","","","","","","","","","","","","","","","","","","","","","","","","","","","","","","","","","","","","","","","","","","","","","","","","","0","0","24.50","0","","",""
"FZ2064A","FZ2064","HBﾋﾋﾞﾔｶﾀﾞﾝｼｷﾊﾟｯﾄﾞﾁｭｳｶﾞﾗ","","","","11","","0","00","","0","","","","","336","","","0","1","0","0","0","0","0","1","1","0","0","2","0","2","0","0","2","090","2","","2026","201","2026","","116","","","","","","","","","","","","2","","30","20260417","0","","0.00","","0","1990","","","","","","","","","","","","","","","","","","","","","","","","","","","","","","","","","","","","","","","","","","","","","","","","","","","","","","","","","","","","","","","","","","","0","0","99.50","0","","",""
"FZ2064A","FZ2064","HBﾋﾋﾞﾔｶﾀﾞﾝｼｷﾊﾟｯﾄﾞﾁｭｳｶﾞﾗ","","","","30","","0","00","","0","","","","","336","","","0","1","0","0","0","0","0","1","1","0","0","2","0","2","0","0","2","090","2","","2026","201","2026","","116","","","","","","","","","","","","2","","30","20260417","0","","0.00","","0","1990","","","","","","","","","","","","","","","","","","","","","","","","","","","","","","","","","","","","","","","","","","","","","","","","","","","","","","","","","","","","","","","","","","","0","0","99.50","0","","",""
"FZ2065A","FZ2065","HBﾋﾋﾞﾔｶﾀﾞﾝｼｷﾊﾟｯﾄﾞﾗｲﾝｶﾞﾗ","","","","11","","0","00","","0","","","","","336","","","0","1","0","0","0","0","0","1","1","0","0","2","0","2","0","0","2","090","2","","2026","201","2026","","116","","","","","","","","","","","","2","","30","20260417","0","","0.00","","0","1990","","","","","","","","","","","","","","","","","","","","","","","","","","","","","","","","","","","","","","","","","","","","","","","","","","","","","","","","","","","","","","","","","","","0","0","99.50","0","","",""
"FZ2065A","FZ2065","HBﾋﾋﾞﾔｶﾀﾞﾝｼｷﾊﾟｯﾄﾞﾗｲﾝｶﾞﾗ","","","","80","","0","00","","0","","","","","336","","","0","1","0","0","0","0","0","1","1","0","0","2","0","2","0","0","2","090","2","","2026","201","2026","","116","","","","","","","","","","","","2","","30","20260417","0","","0.00","","0","1990","","","","","","","","","","","","","","","","","","","","","","","","","","","","","","","","","","","","","","","","","","","","","","","","","","","","","","","","","","","","","","","","","","","0","0","99.50","0","","",""
"FZ2066A","FZ2066","HBﾋﾋﾞﾔｶﾀﾞﾝﾏｸﾗﾊﾅﾊﾞﾀｹ","","","","11","","0","00","","0","","","","","336","","","0","1","0","0","0","0","0","1","1","0","0","2","0","2","0","0","4","090","2","","2026","201","2026","","327","","","","","","","","","","","","2","","30","20260417","0","","0.00","","0","1990","","","","","","","","","","","","","","","","","","","","","","","","","","","","","","","","","","","","","","","","","","","","","","","","","","","","","","","","","","","","","","","","","","","0","0","99.50","0","","",""
"FZ2066A","FZ2066","HBﾋﾋﾞﾔｶﾀﾞﾝﾏｸﾗﾊﾅﾊﾞﾀｹ","","","","30","","0","00","","0","","","","","336","","","0","1","0","0","0","0","0","1","1","0","0","2","0","2","0","0","4","090","2","","2026","201","2026","","327","","","","","","","","","","","","2","","30","20260417","0","","0.00","","0","1990","","","","","","","","","","","","","","","","","","","","","","","","","","","","","","","","","","","","","","","","","","","","","","","","","","","","","","","","","","","","","","","","","","","0","0","99.50","0","","",""
"FZ2067A","FZ2067","HBﾋﾋﾞﾔｶﾀﾞﾝﾏｸﾗﾗｲﾝｶﾞﾗ","","","","11","","0","00","","0","","","","","336","","","0","1","0","0","0","0","0","1","1","0","0","2","0","2","0","0","4","090","2","","2026","201","2026","","327","","","","","","","","","","","","2","","30","20260417","0","","0.00","","0","1990","","","","","","","","","","","","","","","","","","","","","","","","","","","","","","","","","","","","","","","","","","","","","","","","","","","","","","","","","","","","","","","","","","","0","0","99.50","0","","",""
"FZ2067A","FZ2067","HBﾋﾋﾞﾔｶﾀﾞﾝﾏｸﾗﾗｲﾝｶﾞﾗ","","","","80","","0","00","","0","","","","","336","","","0","1","0","0","0","0","0","1","1","0","0","2","0","2","0","0","4","090","2","","2026","201","2026","","327","","","","","","","","","","","","2","","30","20260417","0","","0.00","","0","1990","","","","","","","","","","","","","","","","","","","","","","","","","","","","","","","","","","","","","","","","","","","","","","","","","","","","","","","","","","","","","","","","","","","0","0","99.50","0","","",""
"FZ2068A","FZ2068","HBﾋﾋﾞﾔｶﾀﾞﾝｶｹﾌﾄﾝﾊﾅﾊﾞﾀｹP","","","","11","","0","00","","0","","","","","336","","","0","1","0","0","0","0","0","1","1","0","0","2","0","2","0","0","2","090","2","","2026","201","2026","","327","","","","","","","","","","","","2","","30","20260417","0","","0.00","","0","2700","","","","","","","","","","","","","","","","","","","","","","","","","","","","","","","","","","","","","","","","","","","","","","","","","","","","","","","","","","","","","","","","","","","0","0","135.00","0","","",""
"FZ2068A","FZ2068","HBﾋﾋﾞﾔｶﾀﾞﾝｶｹﾌﾄﾝﾊﾅﾊﾞﾀｹP","","","","30","","0","00","","0","","","","","336","","","0","1","0","0","0","0","0","1","1","0","0","2","0","2","0","0","2","090","2","","2026","201","2026","","327","","","","","","","","","","","","2","","30","20260417","0","","0.00","","0","2700","","","","","","","","","","","","","","","","","","","","","","","","","","","","","","","","","","","","","","","","","","","","","","","","","","","","","","","","","","","","","","","","","","","0","0","135.00","0","","",""
"FZ2069A","FZ2069","HBﾋﾋﾞﾔｶﾀﾞﾝｶｹﾌﾄﾝﾗｲﾝｶﾞﾗP","","","","11","","0","00","","0","","","","","336","","","0","1","0","0","0","0","0","1","1","0","0","2","0","2","0","0","2","090","2","","2026","201","2026","","327","","","","","","","","","","","","2","","30","20260417","0","","0.00","","0","2700","","","","","","","","","","","","","","","","","","","","","","","","","","","","","","","","","","","","","","","","","","","","","","","","","","","","","","","","","","","","","","","","","","","0","0","135.00","0","","",""
"FZ2069A","FZ2069","HBﾋﾋﾞﾔｶﾀﾞﾝｶｹﾌﾄﾝﾗｲﾝｶﾞﾗP","","","","80","","0","00","","0","","","","","336","","","0","1","0","0","0","0","0","1","1","0","0","2","0","2","0","0","2","090","2","","2026","201","2026","","327","","","","","","","","","","","","2","","30","20260417","0","","0.00","","0","2700","","","","","","","","","","","","","","","","","","","","","","","","","","","","","","","","","","","","","","","","","","","","","","","","","","","","","","","","","","","","","","","","","","","0","0","135.00","0","","",""
"FZ2072A","FZ2072","HBﾋﾋﾞﾔｶﾀﾞﾝｶｹﾌﾄﾝﾊﾅﾊﾞﾀｹB","","","","30","","0","00","","0","","","","","336","","","0","1","0","0","0","0","0","1","1","0","0","2","0","2","0","0","2","090","2","","2026","201","2026","","327","","","","","","","","","","","","2","","30","20260417","0","","0.00","","0","2700","","","","","","","","","","","","","","","","","","","","","","","","","","","","","","","","","","","","","","","","","","","","","","","","","","","","","","","","","","","","","","","","","","","0","0","135.00","0","","",""
"FZ2073A","FZ2073","HBﾋﾋﾞﾔｶﾀﾞﾝｶｹﾌﾄﾝﾗｲﾝｶﾞﾗＧＲ","","","","80","","0","00","","0","","","","","336","","","0","1","0","0","0","0","0","1","1","0","0","2","0","2","0","0","2","090","2","","2026","201","2026","","327","","","","","","","","","","","","2","","30","20260417","0","","0.00","","0","2700","","","","","","","","","","","","","","","","","","","","","","","","","","","","","","","","","","","","","","","","","","","","","","","","","","","","","","","","","","","","","","","","","","","0","0","135.00","0","","",""
"FZ2074A","FZ2074","HBﾋﾋﾞﾔｶﾀﾞﾝｷｯﾁﾝﾏｯﾄP","","","","11","","0","00","","0","","","","","336","","","0","1","0","0","0","0","0","1","1","0","0","2","0","2","0","0","2","090","2","","2026","201","2026","","012","","","","","","","","","","","","2","","30","20260417","0","","0.00","","0","1790","","","","","","","","","","","","","","","","","","","","","","","","","","","","","","","","","","","","","","","","","","","","","","","","","","","","","","","","","","","","","","","","","","","0","0","89.50","0","","",""
"FZ2075A","FZ2075","HBﾋﾋﾞﾔｶﾀﾞﾝｷｯﾁﾝﾏｯﾄB","","","","30","","0","00","","0","","","","","336","","","0","1","0","0","0","0","0","1","1","0","0","2","0","2","0","0","2","090","2","","2026","201","2026","","012","","","","","","","","","","","","2","","30","20260417","0","","0.00","","0","1790","","","","","","","","","","","","","","","","","","","","","","","","","","","","","","","","","","","","","","","","","","","","","","","","","","","","","","","","","","","","","","","","","","","0","0","89.50","0","","",""
"FZ2076A","FZ2076","HBﾋﾋﾞﾔｶﾀﾞﾝｷｯﾁﾝﾏｯﾄGR","","","","80","","0","00","","0","","","","","336","","","0","1","0","0","0","0","0","1","1","0","0","2","0","2","0","0","2","090","2","","2026","201","2026","","012","","","","","","","","","","","","2","","30","20260417","0","","0.00","","0","1790","","","","","","","","","","","","","","","","","","","","","","","","","","","","","","","","","","","","","","","","","","","","","","","","","","","","","","","","","","","","","","","","","","","0","0","89.50","0","","",""
"FZ2077A","FZ2077","HBﾋﾋﾞﾔｶﾀﾞﾝｷｯﾁﾝﾏｯﾄDB","","","","32","","0","00","","0","","","","","336","","","0","1","0","0","0","0","0","1","1","0","0","2","0","2","0","0","2","090","2","","2026","201","2026","","012","","","","","","","","","","","","2","","30","20260417","0","","0.00","","0","1790","","","","","","","","","","","","","","","","","","","","","","","","","","","","","","","","","","","","","","","","","","","","","","","","","","","","","","","","","","","","","","","","","","","0","0","89.50","0","","",""
"FZ2078A","FZ2078","ﾋﾝﾔﾘﾊﾀﾞｶｹﾌﾄﾝ","","","","30","","0","00","","0","","","","","336","","","0","1","0","0","0","0","0","1","1","0","0","2","0","2","0","0","4","090","2","","2026","000","2026","","128","","","","","","","","","","","","2","","30","20260417","0","","0.00","","0","2700","","","","","","","","","","","","","","","","","","","","","","","","","","","","","","","","","","","","","","","","","","","","","","","","","","","","","","","","","","","","","","","","","","","0","0","0.00","0","","",""
"FZ2078A","FZ2078","ﾋﾝﾔﾘﾊﾀﾞｶｹﾌﾄﾝ","","","","80","","0","00","","0","","","","","336","","","0","1","0","0","0","0","0","1","1","0","0","2","0","2","0","0","4","090","2","","2026","000","2026","","128","","","","","","","","","","","","2","","30","20260417","0","","0.00","","0","2700","","","","","","","","","","","","","","","","","","","","","","","","","","","","","","","","","","","","","","","","","","","","","","","","","","","","","","","","","","","","","","","","","","","0","0","0.00","0","","",""
"FZ2079A","FZ2079","ﾋﾝﾔﾘｼｷﾊﾟｯﾄﾞ","","","","30","","0","00","","0","","","","","336","","","0","1","0","0","0","0","0","1","1","0","0","2","0","2","0","0","4","090","2","","2026","000","2026","","128","","","","","","","","","","","","2","","30","20260417","0","","0.00","","0","1990","","","","","","","","","","","","","","","","","","","","","","","","","","","","","","","","","","","","","","","","","","","","","","","","","","","","","","","","","","","","","","","","","","","0","0","0.00","0","","",""
"FZ2079A","FZ2079","ﾋﾝﾔﾘｼｷﾊﾟｯﾄﾞ","","","","80","","0","00","","0","","","","","336","","","0","1","0","0","0","0","0","1","1","0","0","2","0","2","0","0","4","090","2","","2026","000","2026","","128","","","","","","","","","","","","2","","30","20260417","0","","0.00","","0","1990","","","","","","","","","","","","","","","","","","","","","","","","","","","","","","","","","","","","","","","","","","","","","","","","","","","","","","","","","","","","","","","","","","","0","0","0.00","0","","",""
"FZ2080A","FZ2080","ﾋﾝﾔﾘﾏｸﾗﾊﾟｯﾄﾞ","","","","30","","0","00","","0","","","","","336","","","0","1","0","0","0","0","0","1","1","0","0","2","0","2","0","0","4","090","2","","2026","000","2026","","128","","","","","","","","","","","","2","","30","20260417","0","","0.00","","0","490","","","","","","","","","","","","","","","","","","","","","","","","","","","","","","","","","","","","","","","","","","","","","","","","","","","","","","","","","","","","","","","","","","","0","0","0.00","0","","",""
"FZ2080A","FZ2080","ﾋﾝﾔﾘﾏｸﾗﾊﾟｯﾄﾞ","","","","80","","0","00","","0","","","","","336","","","0","1","0","0","0","0","0","1","1","0","0","2","0","2","0","0","4","090","2","","2026","000","2026","","128","","","","","","","","","","","","2","","30","20260417","0","","0.00","","0","490","","","","","","","","","","","","","","","","","","","","","","","","","","","","","","","","","","","","","","","","","","","","","","","","","","","","","","","","","","","","","","","","","","","0","0","0.00","0","","",""
"FZ2081A","FZ2081","ﾚｲｶﾝｳﾚﾀﾝｷﾙﾄ ｼｷﾊﾟｯﾄﾞ","","","","30","","0","00","","0","","","","","336","","","0","1","0","0","0","0","0","1","1","0","0","2","0","2","0","0","4","090","2","","2026","000","2026","","128","","","","","","","","","","","","2","","30","20260417","0","","0.00","","0","1990","","","","","","","","","","","","","","","","","","","","","","","","","","","","","","","","","","","","","","","","","","","","","","","","","","","","","","","","","","","","","","","","","","","0","0","0.00","0","","",""
"FZ2081A","FZ2081","ﾚｲｶﾝｳﾚﾀﾝｷﾙﾄ ｼｷﾊﾟｯﾄﾞ","","","","80","","0","00","","0","","","","","336","","","0","1","0","0","0","0","0","1","1","0","0","2","0","2","0","0","4","090","2","","2026","000","2026","","128","","","","","","","","","","","","2","","30","20260417","0","","0.00","","0","1990","","","","","","","","","","","","","","","","","","","","","","","","","","","","","","","","","","","","","","","","","","","","","","","","","","","","","","","","","","","","","","","","","","","0","0","0.00","0","","",""
"FZ2082A","FZ2082","ﾚｲｶﾝｳﾚﾀﾝｷﾙﾄ ﾏｸﾗﾊﾟｯﾄﾞ","","","","30","","0","00","","0","","","","","336","","","0","1","0","0","0","0","0","1","1","0","0","2","0","2","0","0","4","090","2","","2026","000","2026","","128","","","","","","","","","","","","2","","30","20260417","0","","0.00","","0","490","","","","","","","","","","","","","","","","","","","","","","","","","","","","","","","","","","","","","","","","","","","","","","","","","","","","","","","","","","","","","","","","","","","0","0","0.00","0","","",""
"FZ2082A","FZ2082","ﾚｲｶﾝｳﾚﾀﾝｷﾙﾄ ﾏｸﾗﾊﾟｯﾄﾞ","","","","80","","0","00","","0","","","","","336","","","0","1","0","0","0","0","0","1","1","0","0","2","0","2","0","0","4","090","2","","2026","000","2026","","128","","","","","","","","","","","","2","","30","20260417","0","","0.00","","0","490","","","","","","","","","","","","","","","","","","","","","","","","","","","","","","","","","","","","","","","","","","","","","","","","","","","","","","","","","","","","","","","","","","","0","0","0.00","0","","",""
"FZ2083A","FZ2083","ﾚｲｶﾝｳﾚﾀﾝｷﾙﾄ ﾏｸﾗﾊﾟｯﾄﾞ","","","","30","","0","00","","0","","","","","336","","","0","1","0","0","0","0","0","1","1","0","0","2","0","2","0","0","4","090","2","","2026","000","2026","","128","","","","","","","","","","","","2","","30","20260417","0","","0.00","","0","490","","","","","","","","","","","","","","","","","","","","","","","","","","","","","","","","","","","","","","","","","","","","","","","","","","","","","","","","","","","","","","","","","","","0","0","0.00","0","","",""
"FZ2083A","FZ2083","ﾚｲｶﾝｳﾚﾀﾝｷﾙﾄ ﾏｸﾗﾊﾟｯﾄﾞ","","","","80","","0","00","","0","","","","","336","","","0","1","0","0","0","0","0","1","1","0","0","2","0","2","0","0","4","090","2","","2026","000","2026","","128","","","","","","","","","","","","2","","30","20260417","0","","0.00","","0","490","","","","","","","","","","","","","","","","","","","","","","","","","","","","","","","","","","","","","","","","","","","","","","","","","","","","","","","","","","","","","","","","","","","0","0","0.00","0","","",""
"FZ2084A","FZ2084","ﾚｲｶﾝﾘﾊﾞｰｼﾌﾞﾙ ﾊﾀﾞｶｹﾌﾄﾝ","","","","30","","0","00","","0","","","","","336","","","0","1","0","0","0","0","0","1","1","0","0","2","0","2","0","0","4","090","2","","2026","000","2026","","128","","","","","","","","","","","","2","","30","20260417","0","","0.00","","0","2700","","","","","","","","","","","","","","","","","","","","","","","","","","","","","","","","","","","","","","","","","","","","","","","","","","","","","","","","","","","","","","","","","","","0","0","0.00","0","","",""
"FZ2084A","FZ2084","ﾚｲｶﾝﾘﾊﾞｰｼﾌﾞﾙ ﾊﾀﾞｶｹﾌﾄﾝ","","","","80","","0","00","","0","","","","","336","","","0","1","0","0","0","0","0","1","1","0","0","2","0","2","0","0","4","090","2","","2026","000","2026","","128","","","","","","","","","","","","2","","30","20260417","0","","0.00","","0","2700","","","","","","","","","","","","","","","","","","","","","","","","","","","","","","","","","","","","","","","","","","","","","","","","","","","","","","","","","","","","","","","","","","","0","0","0.00","0","","",""
"FZ2085A","FZ2085","ﾚｲｶﾝﾘﾊﾞｰｼﾌﾞﾙ ｼｷﾊﾟｯﾄﾞ","","","","30","","0","00","","0","","","","","336","","","0","1","0","0","0","0","0","1","1","0","0","2","0","2","0","0","4","090","2","","2026","000","2026","","128","","","","","","","","","","","","2","","30","20260417","0","","0.00","","0","1990","","","","","","","","","","","","","","","","","","","","","","","","","","","","","","","","","","","","","","","","","","","","","","","","","","","","","","","","","","","","","","","","","","","0","0","0.00","0","","",""
"FZ2085A","FZ2085","ﾚｲｶﾝﾘﾊﾞｰｼﾌﾞﾙ ｼｷﾊﾟｯﾄﾞ","","","","80","","0","00","","0","","","","","336","","","0","1","0","0","0","0","0","1","1","0","0","2","0","2","0","0","4","090","2","","2026","000","2026","","128","","","","","","","","","","","","2","","30","20260417","0","","0.00","","0","1990","","","","","","","","","","","","","","","","","","","","","","","","","","","","","","","","","","","","","","","","","","","","","","","","","","","","","","","","","","","","","","","","","","","0","0","0.00","0","","",""
"FZ2086A","FZ2086","ｸｼｭｸｼｭﾚｲｶﾝｹｯﾄ ﾊｰﾌｻｲｽﾞ","","","","30","","0","00","","0","","","","","336","","","0","1","0","0","0","0","0","1","1","0","0","2","0","2","0","0","4","090","2","","2026","000","2026","","122","","","","","","","","","","","","2","","30","20260417","0","","0.00","","0","1290","","","","","","","","","","","","","","","","","","","","","","","","","","","","","","","","","","","","","","","","","","","","","","","","","","","","","","","","","","","","","","","","","","","0","0","0.00","0","","",""
"FZ2086A","FZ2086","ｸｼｭｸｼｭﾚｲｶﾝｹｯﾄ ﾊｰﾌｻｲｽﾞ","","","","40","","0","00","","0","","","","","336","","","0","1","0","0","0","0","0","1","1","0","0","2","0","2","0","0","4","090","2","","2026","000","2026","","122","","","","","","","","","","","","2","","30","20260417","0","","0.00","","0","1290","","","","","","","","","","","","","","","","","","","","","","","","","","","","","","","","","","","","","","","","","","","","","","","","","","","","","","","","","","","","","","","","","","","0","0","0.00","0","","",""
"FZ2086A","FZ2086","ｸｼｭｸｼｭﾚｲｶﾝｹｯﾄ ﾊｰﾌｻｲｽﾞ","","","","61","","0","00","","0","","","","","336","","","0","1","0","0","0","0","0","1","1","0","0","2","0","2","0","0","4","090","2","","2026","000","2026","","122","","","","","","","","","","","","2","","30","20260417","0","","0.00","","0","1290","","","","","","","","","","","","","","","","","","","","","","","","","","","","","","","","","","","","","","","","","","","","","","","","","","","","","","","","","","","","","","","","","","","0","0","0.00","0","","",""
"FZ2086A","FZ2086","ｸｼｭｸｼｭﾚｲｶﾝｹｯﾄ ﾊｰﾌｻｲｽﾞ","","","","80","","0","00","","0","","","","","336","","","0","1","0","0","0","0","0","1","1","0","0","2","0","2","0","0","4","090","2","","2026","000","2026","","122","","","","","","","","","","","","2","","30","20260417","0","","0.00","","0","1290","","","","","","","","","","","","","","","","","","","","","","","","","","","","","","","","","","","","","","","","","","","","","","","","","","","","","","","","","","","","","","","","","","","0","0","0.00","0","","",""
"FZ2087A","FZ2087","ｸｼｭｸｼｭﾚｲｶﾝｹｯﾄ ｼﾝｸﾞﾙｻｲｽﾞ","","","","30","","0","00","","0","","","","","336","","","0","1","0","0","0","0","0","1","1","0","0","2","0","2","0","0","4","090","2","","2026","000","2026","","122","","","","","","","","","","","","2","","30","20260417","0","","0.00","","0","1990","","","","","","","","","","","","","","","","","","","","","","","","","","","","","","","","","","","","","","","","","","","","","","","","","","","","","","","","","","","","","","","","","","","0","0","0.00","0","","",""
"FZ2087A","FZ2087","ｸｼｭｸｼｭﾚｲｶﾝｹｯﾄ ｼﾝｸﾞﾙｻｲｽﾞ","","","","40","","0","00","","0","","","","","336","","","0","1","0","0","0","0","0","1","1","0","0","2","0","2","0","0","4","090","2","","2026","000","2026","","122","","","","","","","","","","","","2","","30","20260417","0","","0.00","","0","1990","","","","","","","","","","","","","","","","","","","","","","","","","","","","","","","","","","","","","","","","","","","","","","","","","","","","","","","","","","","","","","","","","","","0","0","0.00","0","","",""
"FZ2087A","FZ2087","ｸｼｭｸｼｭﾚｲｶﾝｹｯﾄ ｼﾝｸﾞﾙｻｲｽﾞ","","","","61","","0","00","","0","","","","","336","","","0","1","0","0","0","0","0","1","1","0","0","2","0","2","0","0","4","090","2","","2026","000","2026","","122","","","","","","","","","","","","2","","30","20260417","0","","0.00","","0","1990","","","","","","","","","","","","","","","","","","","","","","","","","","","","","","","","","","","","","","","","","","","","","","","","","","","","","","","","","","","","","","","","","","","0","0","0.00","0","","",""
"FZ2087A","FZ2087","ｸｼｭｸｼｭﾚｲｶﾝｹｯﾄ ｼﾝｸﾞﾙｻｲｽﾞ","","","","80","","0","00","","0","","","","","336","","","0","1","0","0","0","0","0","1","1","0","0","2","0","2","0","0","4","090","2","","2026","000","2026","","122","","","","","","","","","","","","2","","30","20260417","0","","0.00","","0","1990","","","","","","","","","","","","","","","","","","","","","","","","","","","","","","","","","","","","","","","","","","","","","","","","","","","","","","","","","","","","","","","","","","","0","0","0.00","0","","",""
"FZ2088A","FZ2088","ﾁｮｳｵﾝﾊﾟｵｰﾅﾒﾝﾄｶﾞﾗ ｻﾞﾌﾞﾄﾝ","","","","80","","0","00","","0","","","","","336","","","0","1","0","0","0","0","0","1","1","0","0","2","0","2","0","0","4","090","2","","2026","000","2026","","128","","","","","","","","","","","","2","","30","20260417","0","","0.00","","0","1290","","","","","","","","","","","","","","","","","","","","","","","","","","","","","","","","","","","","","","","","","","","","","","","","","","","","","","","","","","","","","","","","","","","0","0","0.00","0","","",""
"FZ2089A","FZ2089","ﾁｮｳｵﾝﾊﾟｵｰﾅﾒﾝﾄｶﾞﾗ ﾅｶﾞｻﾞﾌﾞﾄﾝ","","","","80","","0","00","","0","","","","","336","","","0","1","0","0","0","0","0","1","1","0","0","2","0","2","0","0","4","090","2","","2026","000","2026","","128","","","","","","","","","","","","2","","30","20260417","0","","0.00","","0","1990","","","","","","","","","","","","","","","","","","","","","","","","","","","","","","","","","","","","","","","","","","","","","","","","","","","","","","","","","","","","","","","","","","","0","0","0.00","0","","",""
"FZ2090A","FZ2090","ﾁｮｳｵﾝﾊﾟｵｰﾅﾒﾝﾄｶﾞﾗ ｻﾞﾌﾞﾄﾝｶﾊﾞｰ","","","","40","","0","00","","0","","","","","336","","","0","1","0","0","0","0","0","1","1","0","0","2","0","2","0","0","4","090","2","","2026","000","2026","","128","","","","","","","","","","","","2","","30","20260417","0","","0.00","","0","590","","","","","","","","","","","","","","","","","","","","","","","","","","","","","","","","","","","","","","","","","","","","","","","","","","","","","","","","","","","","","","","","","","","0","0","0.00","0","","",""
"FZ2091A","FZ2091","ﾁｮｳｵﾝﾊﾟﾍﾞｰｼｯｸｶﾞﾗ ｻﾞﾌﾞﾄﾝ","","","","90","","0","00","","0","","","","","336","","","0","1","0","0","0","0","0","1","1","0","0","2","0","2","0","0","4","090","2","","2026","000","2026","","128","","","","","","","","","","","","2","","30","20260417","0","","0.00","","0","1290","","","","","","","","","","","","","","","","","","","","","","","","","","","","","","","","","","","","","","","","","","","","","","","","","","","","","","","","","","","","","","","","","","","0","0","0.00","0","","",""
"FZ2092A","FZ2092","ﾁｮｳｵﾝﾊﾟﾍﾞｰｼｯｸｶﾞﾗ ﾅｶﾞｻﾞﾌﾞﾄﾝ","","","","90","","0","00","","0","","","","","336","","","0","1","0","0","0","0","0","1","1","0","0","2","0","2","0","0","4","090","2","","2026","000","2026","","128","","","","","","","","","","","","2","","30","20260417","0","","0.00","","0","1990","","","","","","","","","","","","","","","","","","","","","","","","","","","","","","","","","","","","","","","","","","","","","","","","","","","","","","","","","","","","","","","","","","","0","0","0.00","0","","",""
"FZ2093A","FZ2093","ﾚｲｶﾝｳﾚﾀﾝｷﾙﾄ ﾏｸﾗﾊﾟｯﾄﾞ","","","","30","","0","00","","0","","","","","336","","","0","1","0","0","0","0","0","1","1","0","0","2","0","2","0","0","4","090","2","","2026","000","2026","","128","","","","","","","","","","","","2","","30","20260417","0","","0.00","","0","490","","","","","","","","","","","","","","","","","","","","","","","","","","","","","","","","","","","","","","","","","","","","","","","","","","","","","","","","","","","","","","","","","","","0","0","0.00","0","","",""
"FZ2093A","FZ2093","ﾚｲｶﾝｳﾚﾀﾝｷﾙﾄ ﾏｸﾗﾊﾟｯﾄﾞ","","","","80","","0","00","","0","","","","","336","","","0","1","0","0","0","0","0","1","1","0","0","2","0","2","0","0","4","090","2","","2026","000","2026","","128","","","","","","","","","","","","2","","30","20260417","0","","0.00","","0","490","","","","","","","","","","","","","","","","","","","","","","","","","","","","","","","","","","","","","","","","","","","","","","","","","","","","","","","","","","","","","","","","","","","0","0","0.00","0","","",""
