"î≠íçì˙ït","éwíËî[ä˙","íSìñé“ÉRÅ[Éh","édì¸êÊÉRÅ[Éh","édì¸êÊó™èÃ","î[ïiêÊÉRÅ[Éh","î[ïiêÊó™èÃ","ì¸å…ëqå…ÉRÅ[Éh","ëäéËêÊNO","éÊà¯ãÊï™ÉRÅ[Éh","è§ïiÉRÅ[Éh","ÉçÉbÉgNO","í â›ÉRÅ[Éh","í â›ñº","ÉåÅ[Ég","óLå¯ä˙å¿","îıçl1","îıçl2","îıçl3","è§ïiñº1","è§ïiñº2","CS1ÉRÅ[Éh","CS2ÉRÅ[Éh","PLUÉRÅ[Éh","ì¸êî","CTêî","ê≈î≤è„ë„íPâø","î≠íçêîó ","î≠íçíPâø","î≠íçã‡äz","äOâ›íPâø","äOâ›ã‡äz","ñæç◊îıçl1","ñæç◊îıçl2","ñæç◊ÉÅÉÇ","íçï∂NO","ì`ï[îıçl","ì`ï[îıçl2","ì`ï[îıçl3","ì`ï[îıçl4","ì`ï[ÉÅÉÇ","ägí£çÄñ⁄1","ägí£çÄñ⁄2","ägí£çÄñ⁄3","ägí£çÄñ⁄4","ägí£çÄñ⁄5"
"2025/10/02","2025/11/05","","411","ìÏí ì°ìå","","","017","S3649","01","EJ3233F","","CNY","","22.70","","","","","”–…∑∂ﬁ◊","","10","M","","0","","","800","18.70","","18.70","","","","","","","","","25-00318","","","","","",""
"2025/10/02","2025/11/05","","411","ìÏí ì°ìå","","","017","S3649","01","EJ3233F","","CNY","","22.70","","","","","”–…∑∂ﬁ◊","","20","M","","0","","","800","18.70","","18.70","","","","","","","","","25-00318","","","","","",""
"2025/10/02","2025/11/05","","411","ìÏí ì°ìå","","","017","S3649","01","EJ3233F","","CNY","","22.70","","","","","”–…∑∂ﬁ◊","","32","L","","0","","","800","18.70","","18.70","","","","","","","","","25-00318","","","","","",""
"2025/10/02","2025/11/05","","411","ìÏí ì°ìå","","","017","S3649","01","EJ3233F","","CNY","","22.70","","","","","”–…∑∂ﬁ◊","","70","M","","0","","","800","18.70","","18.70","","","","","","","","","25-00318","","","","","",""
"2025/10/02","2025/11/05","","411","ìÏí ì°ìå","","","017","S3649","01","EJ3234F","","CNY","","22.70","","","","","¿ﬁ≤‘∂ﬁ◊","","20","M","","0","","","800","18.70","","18.70","","","","","","","","","25-00318","","","","","",""
"2025/10/02","2025/11/05","","411","ìÏí ì°ìå","","","017","S3649","01","EJ3234F","","CNY","","22.70","","","","","¿ﬁ≤‘∂ﬁ◊","","80","L","","0","","","800","18.70","","18.70","","","","","","","","","25-00318","","","","","",""
"2025/10/02","2025/11/05","","411","ìÏí ì°ìå","","","017","S3649","01","EJ3235F","","CNY","","22.70","","","","","’∑∂ﬁ◊","","10","M","","0","","","800","18.70","","18.70","","","","","","","","","25-00318","","","","","",""
"2025/10/02","2025/11/05","","411","ìÏí ì°ìå","","","017","S3649","01","EJ3235F","","CNY","","22.70","","","","","’∑∂ﬁ◊","","73","M","","0","","","800","18.70","","18.70","","","","","","","","","25-00318","","","","","",""
"2025/10/02","2025/11/19","","437","êVìÏí ñ{èB","","","007","S3650","01","NA1524V","","CNY","","22.70","","","","","»∫ºº≠≥ƒ≤⁄ΩÿØ ﬂ","","62","L","","0","","","1500","11.95","","11.95","","","","","","","","","25-00319","","","","","",""
"2025/10/02","2025/11/19","","437","êVìÏí ñ{èB","","","807","S3650","01","NA1524V","","CNY","","22.70","","","","","»∫ºº≠≥ƒ≤⁄ΩÿØ ﬂ","","62","L","","20","","","8500","11.95","","11.95","","","","","","","","","25-00319","","","","","",""
"2025/10/02","2025/11/19","","437","êVìÏí ñ{èB","","","007","S3650","01","NA1524V","","CNY","","22.70","","","","","»∫ºº≠≥ƒ≤⁄ΩÿØ ﬂ","","90","L","","0","","","1500","11.95","","11.95","","","","","","","","","25-00319","","","","","",""
"2025/10/02","2025/11/19","","437","êVìÏí ñ{èB","","","807","S3650","01","NA1524V","","CNY","","22.70","","","","","»∫ºº≠≥ƒ≤⁄ΩÿØ ﬂ","","90","L","","20","","","5500","11.95","","11.95","","","","","","","","","25-00319","","","","","",""
"2025/10/02","2025/11/26","","437","êVìÏí ñ{èB","","","807","S3651","01","CD2705V","","CNY","","22.70","","","","","SXΩ–Ø∫∏ﬁ◊ºÅ@º€∏œ","","11","20.0","","30","","","4320","12.80","","12.80","","","","","","","","","25-00321","","","","","",""
"2025/10/02","2025/11/26","","437","êVìÏí ñ{èB","","","807","S3651","01","CD2708V","","CNY","","22.70","","","","","SXΩ–Ø∫∏ﬁ◊ºÅ@ƒ∂πﬁ","","30","20.0","","30","","","4200","12.35","","12.35","","","","","","","","","25-00321","","","","","",""
"2025/10/03","2025/10/03","","336","DEPARTURES","","","007","S3648","01","EZ3036A","","US","","161.00","","","","","PO“∂ﬁ»≥ª∑ﬁœ∏◊","","32","00","","0","","","702","968.00","","","","","","","","","","","25-00322","","","","","",""
"2025/10/03","2025/10/03","","336","DEPARTURES","","","007","S3648","01","EZ3037A","","US","","161.00","","","","","PO»Ωﬁ–∏›…¡ÆØ∑œ∏◊","","62","00","","0","","","702","968.00","","","","","","","","","","","25-00322","","","","","",""
"2025/10/03","2025/10/03","","336","DEPARTURES","","","007","S3648","01","EZ3038A","","CNY","","22.70","","","","","PHµ≤ºø≥≈º€∏œœ∏◊","","62","00","","0","","","702","968.00","","","","","","","","","","","25-00322","","","","","",""
"2025/10/03","2025/10/03","","336","DEPARTURES","","","007","S3648","01","EZ3039A","","US","","161.00","","","","","PO“∂ﬁ»≥ª∑ﬁœ∏◊ ﬂØƒﬁ","","32","00","","0","","","351","318.00","","","","","","","","","","","25-00322","","","","","",""
"2025/10/03","2025/10/03","","336","DEPARTURES","","","007","S3648","01","EZ3040A","","US","","161.00","","","","","PO»Ωﬁ–∏›…¡ÆØ∑œ∏◊ ﬂØƒﬁ","","80","00","","0","","","702","318.00","","","","","","","","","","","25-00322","","","","","",""
"2025/10/03","2025/10/03","","336","DEPARTURES","","","007","S3648","01","EZ3041A","","US","","161.00","","","","","PHµ≤ºø≥≈º€∏œœ∏◊ ﬂØƒﬁ","","62","00","","0","","","702","318.00","","","","","","","","","","","25-00322","","","","","",""
"2025/10/03","2025/10/03","","336","DEPARTURES","","","007","S3648","01","EZ3042A","","CNY","","22.70","","","","","PO“∂ﬁ»≥ª∑ﬁ∂πÃƒ›","","32","00","","0","","","702","2590.00","","","","","","","","","","","25-00322","","","","","",""
"2025/10/03","2025/10/03","","336","DEPARTURES","","","007","S3648","01","EZ3043A","","US","","161.00","","","","","PO»Ωﬁ–∏›…¡ÆØ∑∂πÃƒ›","","62","00","","0","","","702","2590.00","","","","","","","","","","","25-00322","","","","","",""
"2025/10/03","2025/10/03","","336","DEPARTURES","","","007","S3648","01","EZ3044A","","US","","161.00","","","","","PHµ≤ºø≥≈º€∏œ∂πÃƒ›","","62","00","","0","","","702","2590.00","","","","","","","","","","","25-00322","","","","","",""
"2025/10/03","2025/10/03","","336","DEPARTURES","","","007","S3648","01","EZ3045A","","US","","161.00","","","","","PO “∂ﬁ»≥ª∑ﬁ≤›√ÿ±œØƒ","","32","00","","0","","","351","1194.00","","","","","","","","","","","25-00322","","","","","",""
"2025/10/03","2025/10/03","","336","DEPARTURES","","","007","S3648","01","EZ3046A","","US","","161.00","","","","","PO »Ωﬁ–∏›…¡ÆØ∑≤›√ÿ±œØƒ","","80","00","","0","","","702","1194.00","","","","","","","","","","","25-00322","","","","","",""
"2025/10/03","2025/10/03","","336","DEPARTURES","","","007","S3648","01","EZ3047A","","CNY","","22.70","","","","","PH µ≤ºø≥≈º€∏œ≤›√ÿ±œØƒ","","62","00","","0","","","702","1194.00","","","","","","","","","","","25-00322","","","","","",""
"2025/10/03","2025/10/03","","336","DEPARTURES","","","007","S3648","01","EZ3048A","","US","","161.00","","","","","PO “∂ﬁ»≥ª∑ﬁ∫ﬁ€»Ãƒ›","","32","00","","0","","","351","1890.00","","","","","","","","","","","25-00322","","","","","",""
"2025/10/03","2025/10/03","","336","DEPARTURES","","","007","S3648","01","EZ3049A","","US","","161.00","","","","","PO »Ωﬁ–∏›…¡ÆØ∑∫ﬁ€»Ãƒ›","","80","00","","0","","","702","1890.00","","","","","","","","","","","25-00322","","","","","",""
"2025/10/03","2025/10/03","","336","DEPARTURES","","","007","S3648","01","EZ3050A","","US","","161.00","","","","","PH µ≤ºø≥≈º€∏œ∫ﬁ€»Ãƒ›","","62","00","","0","","","702","1890.00","","","","","","","","","","","25-00322","","","","","",""
"2025/10/03","2025/10/03","","336","DEPARTURES","","","007","S3648","01","EZ3051A","","US","","161.00","","","","","PO “∂ﬁ»≥ª∑ﬁÃﬁ◊›πØƒ","","32","00","","0","","","351","643.00","","","","","","","","","","","25-00322","","","","","",""
"2025/10/03","2025/10/03","","336","DEPARTURES","","","007","S3648","01","EZ3052A","","US","","161.00","","","","","PO »Ωﬁ–∏›…¡ÆØ∑Ãﬁ◊›πØƒ","","80","00","","0","","","702","643.00","","","","","","","","","","","25-00322","","","","","",""
"2025/10/03","2025/10/03","","336","DEPARTURES","","","007","S3648","01","EZ3053A","","US","","161.00","","","","","PH µ≤ºø≥≈º€∏œÃﬁ◊›πØƒ","","62","00","","0","","","702","643.00","","","","","","","","","","","25-00322","","","","","",""
"2025/10/03","2025/10/03","","336","DEPARTURES","","","007","S3648","01","EZ3054A","","US","","161.00","","","","","PO “∂ﬁ»≥ª∑ﬁº∑ ﬂØƒ","","32","00","","0","","","351","1293.00","","","","","","","","","","","25-00322","","","","","",""
"2025/10/03","2025/10/03","","336","DEPARTURES","","","007","S3648","01","EZ3055A","","US","","161.00","","","","","PO »Ωﬁ–∏›…¡ÆØ∑º∑ ﬂØƒ","","80","00","","0","","","702","1293.00","","","","","","","","","","","25-00322","","","","","",""
"2025/10/03","2025/10/03","","336","DEPARTURES","","","007","S3648","01","EZ3056A","","US","","161.00","","","","","PH µ≤ºø≥≈º€∏œº∑ ﬂØƒ","","62","00","","0","","","702","1293.00","","","","","","","","","","","25-00322","","","","","",""
"2025/10/03","2025/11/12","","434","ìÏí à§å¨","","","017","S3652","01","DT3019A","","CNY","","22.70","","","","","POÃ◊≤ ﬂ›¿ﬁ","","30","M-L","","50","","","300","38.00","","38.00","","","","","","","","","25-00323","","","","","",""
"2025/10/03","2025/11/12","","434","ìÏí à§å¨","","","017","S3652","01","DT3019A","","CNY","","22.70","","","","","POÃ◊≤ ﬂ›¿ﬁ","","30","LL3L","","50","","","100","38.00","","38.00","","","","","","","","","25-00323","","","","","",""
"2025/10/06","2026/01/14","","437","êVìÏí ñ{èB","","","017","S3653","01","DH3019V","","CNY","","22.70","","","","","BO ÿŒﬁ›¬≤∞ƒﬁ ≤∂Øƒ","","80","M","","0","","","735","18.50","","18.50","","","","","","","","","25-00324","","","","","",""
"2025/10/06","2026/01/14","","437","êVìÏí ñ{èB","","","017","S3653","01","EE2040V","","CNY","","22.70","","","","","BO ◊∏ﬁ±≥ƒ∏€Ω ﬁ›ƒﬁ","","90","M","","0","","","525","16.60","","16.60","","","","","","","","","25-00324","","","","","",""
"2025/10/06","2026/01/14","","437","êVìÏí ñ{èB","","","017","S3653","01","EH2080V","","CNY","","22.70","","","","","BO ◊∏ﬁ±≥ƒÿŒﬁ› ≤∂ØƒÿÀﬂ∞ƒ","","60","M","","20","","","420","18.50","","18.50","","","","","","","","","25-00324","","","","","",""
"2025/10/06","2026/01/14","","437","êVìÏí ñ{èB","","","017","S3653","01","EH2080V","","CNY","","22.70","","","","","BO ◊∏ﬁ±≥ƒÿŒﬁ› ≤∂ØƒÿÀﬂ∞ƒ","","90","M","","0","","","945","18.50","","18.50","","","","","","","","","25-00324","","","","","",""
"2025/10/06","2026/01/14","","437","êVìÏí ñ{èB","","","017","S3653","01","EH2081V","","CNY","","22.70","","","","","BO ◊∏ﬁ±≥ƒÿŒﬁ›","","90","M","","0","","","525","16.60","","16.60","","","","","","","","","25-00324","","","","","",""
"2025/10/06","2026/01/14","","437","êVìÏí ñ{èB","","","017","S3653","01","EH2082V","","CNY","","22.70","","","","","BO ◊∏ﬁ±≥ƒÿŒﬁ›¬∑","","90","M","","20","","","840","16.80","","16.80","","","","","","","","","25-00324","","","","","",""
"2025/10/06","2026/01/14","","437","êVìÏí ñ{èB","","","017","S3653","01","EH2098V","","CNY","","22.70","","","","","BO ◊∏ﬁ±≥ƒ Õﬁ€±∑ŸƒÿŒﬁ› ﬂ›¿€›","","60","M","","20","","","420","19.40","","19.40","","","","","","","","","25-00324","","","","","",""
"2025/10/06","2026/01/14","","437","êVìÏí ñ{èB","","","017","S3653","01","EH2098V","","CNY","","22.70","","","","","BO ◊∏ﬁ±≥ƒ Õﬁ€±∑ŸƒÿŒﬁ› ﬂ›¿€›","","80","M","","0","","","525","19.40","","19.40","","","","","","","","","25-00324","","","","","",""
"2025/10/06","2026/01/14","","437","êVìÏí ñ{èB","","","017","S3653","01","EH2098V","","CNY","","22.70","","","","","BO ◊∏ﬁ±≥ƒ Õﬁ€±∑ŸƒÿŒﬁ› ﬂ›¿€›","","90","M","","0","","","735","19.40","","19.40","","","","","","","","","25-00324","","","","","",""
"2025/10/06","2026/01/14","","437","êVìÏí ñ{èB","","","017","S3653","01","EH2102V","","CNY","","22.70","","","","","BO ◊∏ﬁ±≥ƒ ﬂ∞Ÿ¬∑ÃÿŸ","","11","M","","0","","","525","19.75","","19.75","","","","","","","","","25-00324","","","","","",""
"2025/10/06","2026/01/14","","437","êVìÏí ñ{èB","","","017","S3653","01","EH2102V","","CNY","","22.70","","","","","BO ◊∏ﬁ±≥ƒ ﬂ∞Ÿ¬∑ÃÿŸ","","60","M","","0","","","525","19.75","","19.75","","","","","","","","","25-00324","","","","","",""
"2025/10/06","2026/01/14","","437","êVìÏí ñ{èB","","","017","S3653","01","EH2102V","","CNY","","22.70","","","","","BO ◊∏ﬁ±≥ƒ ﬂ∞Ÿ¬∑ÃÿŸ","","80","M","","0","","","630","19.75","","19.75","","","","","","","","","25-00324","","","","","",""
"2025/10/06","2026/01/14","","437","êVìÏí ñ{èB","","","017","S3653","01","EH2102V","","CNY","","22.70","","","","","BO ◊∏ﬁ±≥ƒ ﬂ∞Ÿ¬∑ÃÿŸ","","90","M","","0","","","735","19.75","","19.75","","","","","","","","","25-00324","","","","","",""
"2025/10/07","2025/12/10","","437","êVìÏí ñ{èB","","","017","S3654","01","FJ2528V","","CNY","","22.70","","","","","SRŒﬂ—Œﬂ—Ãﬂÿ›G","","20","L","","0","","","525","16.80","","16.80","","","","","","","","","25-00325","","","","","",""
"2025/10/07","2025/12/10","","437","êVìÏí ñ{èB","","","017","S3654","01","FJ2529V","","CNY","","22.70","","","","","SR Œﬂ—Œﬂ—Ãﬂÿ›Y","","73","L","","0","","","525","16.80","","16.80","","","","","","","","","25-00325","","","","","",""
"2025/10/16","2025/11/27","","105","ã‡êX","","","017","S3655R","01","ED3266W","","CNY","","22.70","","","","","KTøƒ«≤ º€∏œ","","80","M","","0","","","800","9.50","","9.50","","","","","","","","","25-00326","","","","","",""
"2025/10/16","2025/11/27","","105","ã‡êX","","","017","S3655R","01","ED3267W","","CNY","","22.70","","","","","KTøƒ«≤ ºœ¥≈∂ﬁ","","32","M","","0","","","800","9.50","","9.50","","","","","","","","","25-00326","","","","","",""
"2025/10/16","2025/11/27","","105","ã‡êX","","","017","S3655R","01","ED3268W","","CNY","","22.70","","","","","KTøƒ«≤  ÿ»Ωﬁ–","","10","M","","0","","","800","9.50","","9.50","","","","","","","","","25-00326","","","","","",""
"2025/10/16","2025/11/27","","105","ã‡êX","","","017","S3655R","01","ED3269W","","CNY","","22.70","","","","","KTøƒ«≤ º ﬁ≤«","","11","M","","0","","","800","9.50","","9.50","","","","","","","","","25-00326","","","","","",""
"2025/10/16","2025/11/27","","105","ã‡êX","","","017","S3655R","01","ED3270W","","CNY","","22.70","","","","","KTøƒ«≤ ÿ∞Ã","","20","M","","0","","","800","9.50","","9.50","","","","","","","","","25-00326","","","","","",""
"2025/10/16","2025/11/27","","105","ã‡êX","","","017","S3655R","01","ED3272W","","CNY","","22.70","","","","","KTøƒ«≤ ªﬁØ∏ÿ∑ºﬁ","","32","M","","0","","","800","9.50","","9.50","","","","","","","","","25-00326","","","","","",""
"2025/10/16","2025/11/27","","105","ã‡êX","","","017","S3655R","01","ED3272W","","CNY","","22.70","","","","","KTøƒ«≤ ªﬁØ∏ÿ∑ºﬁ","","42","L","","0","","","800","9.50","","9.50","","","","","","","","","25-00326","","","","","",""
"2025/10/16","2025/11/27","","105","ã‡êX","","","017","S3655R","01","ED3272W","","CNY","","22.70","","","","","KTøƒ«≤ ªﬁØ∏ÿ∑ºﬁ","","11","M","","0","","","800","9.50","","9.50","","","","","","","","","25-00326","","","","","",""
"2025/10/16","2025/11/27","","105","ã‡êX","","","017","S3655R","01","ED3274W","","CNY","","22.70","","","","","KTøƒ«≤ Ã◊‹∞","","62","M","","0","","","800","9.50","","9.50","","","","","","","","","25-00326","","","","","",""
"2025/10/16","2025/11/27","","105","ã‡êX","","","017","S3655R","01","ED3622W","","CNY","","22.70","","","","","KTøƒ«≤ ∏œ","","40","L","","0","","","800","9.50","","9.50","","","","","","","","","25-00326","","","","","",""
"2025/10/08","2025/11/27","","437","êVìÏí ñ{èB","","","007","S3656","01","EJ3236V","","CNY","","22.70","","","","","SK”›¡Ø¡∂◊∞Ωﬁ","","11","M","","0","","","0","15.95","","15.95","","","","","","","","","25-00327","","","","","",""
"2025/10/08","2025/11/27","","437","êVìÏí ñ{èB","","","017","S3656","01","EJ3236V","","CNY","","22.70","","","","","SK”›¡Ø¡∂◊∞Ωﬁ","","11","M","","20","","","300","15.95","","15.95","","","","","","","","","25-00327","","","","","",""
"2025/10/08","2025/11/27","","437","êVìÏí ñ{èB","","","990","S3656","01","EJ3236V","","CNY","","22.70","","","","","SK”›¡Ø¡∂◊∞Ωﬁ","","11","M","","0","","","3","15.95","","15.95","","","","","","","","","25-00327","","","","","",""
"2025/10/08","2025/11/27","","437","êVìÏí ñ{èB","","","007","S3656","01","EJ3236V","","CNY","","22.70","","","","","SK”›¡Ø¡∂◊∞Ωﬁ","","21","M","","0","","","0","15.95","","15.95","","","","","","","","","25-00327","","","","","",""
"2025/10/08","2025/11/27","","437","êVìÏí ñ{èB","","","017","S3656","01","EJ3236V","","CNY","","22.70","","","","","SK”›¡Ø¡∂◊∞Ωﬁ","","21","M","","20","","","300","15.95","","15.95","","","","","","","","","25-00327","","","","","",""
"2025/10/08","2025/11/27","","437","êVìÏí ñ{èB","","","990","S3656","01","EJ3236V","","CNY","","22.70","","","","","SK”›¡Ø¡∂◊∞Ωﬁ","","21","M","","0","","","3","15.95","","15.95","","","","","","","","","25-00327","","","","","",""
"2025/10/08","2025/11/27","","437","êVìÏí ñ{èB","","","007","S3656","01","EJ3236V","","CNY","","22.70","","","","","SK”›¡Ø¡∂◊∞Ωﬁ","","50","M","","0","","","0","15.95","","15.95","","","","","","","","","25-00327","","","","","",""
"2025/10/08","2025/11/27","","437","êVìÏí ñ{èB","","","017","S3656","01","EJ3236V","","CNY","","22.70","","","","","SK”›¡Ø¡∂◊∞Ωﬁ","","50","M","","20","","","300","15.95","","15.95","","","","","","","","","25-00327","","","","","",""
"2025/10/08","2025/11/27","","437","êVìÏí ñ{èB","","","990","S3656","01","EJ3236V","","CNY","","22.70","","","","","SK”›¡Ø¡∂◊∞Ωﬁ","","50","M","","0","","","3","15.95","","15.95","","","","","","","","","25-00327","","","","","",""
"2025/10/08","2025/11/27","","437","êVìÏí ñ{èB","","","007","S3656","01","EJ3236V","","CNY","","22.70","","","","","SK”›¡Ø¡∂◊∞Ωﬁ","","90","M","","0","","","0","15.95","","15.95","","","","","","","","","25-00327","","","","","",""
"2025/10/08","2025/11/27","","437","êVìÏí ñ{èB","","","017","S3656","01","EJ3236V","","CNY","","22.70","","","","","SK”›¡Ø¡∂◊∞Ωﬁ","","90","M","","20","","","300","15.95","","15.95","","","","","","","","","25-00327","","","","","",""
"2025/10/08","2025/11/27","","437","êVìÏí ñ{èB","","","990","S3656","01","EJ3236V","","CNY","","22.70","","","","","SK”›¡Ø¡∂◊∞Ωﬁ","","90","M","","0","","","3","15.95","","15.95","","","","","","","","","25-00327","","","","","",""
"2025/10/08","2025/11/27","","437","êVìÏí ñ{èB","","","007","S3656","01","EJ3237V","","CNY","","22.70","","","","","SK”›¡Ø¡","","10","M","","0","","","3000","15.25","","15.25","","","","","","","","","25-00327","","","","","",""
"2025/10/08","2025/11/27","","437","êVìÏí ñ{èB","","","017","S3656","01","EJ3237V","","CNY","","22.70","","","","","SK”›¡Ø¡","","10","M","","0","","","0","15.25","","15.25","","","","","","","","","25-00327","","","","","",""
"2025/10/08","2025/11/27","","437","êVìÏí ñ{èB","","","990","S3656","01","EJ3237V","","CNY","","22.70","","","","","SK”›¡Ø¡","","10","M","","0","","","3","15.25","","15.25","","","","","","","","","25-00327","","","","","",""
"2025/10/08","2025/11/27","","437","êVìÏí ñ{èB","","","007","S3656","01","EJ3238V","","CNY","","22.70","","","","","SK”›¡Ø¡","","40","M","","0","","","3000","15.25","","15.25","","","","","","","","","25-00327","","","","","",""
"2025/10/08","2025/11/27","","437","êVìÏí ñ{èB","","","017","S3656","01","EJ3238V","","CNY","","22.70","","","","","SK”›¡Ø¡","","40","M","","0","","","0","15.25","","15.25","","","","","","","","","25-00327","","","","","",""
"2025/10/08","2025/11/27","","437","êVìÏí ñ{èB","","","990","S3656","01","EJ3238V","","CNY","","22.70","","","","","SK”›¡Ø¡","","40","M","","0","","","3","15.25","","15.25","","","","","","","","","25-00327","","","","","",""
"2025/10/10","2026/01/09","","404","à¿ãJëÒíy","","","007","S3660","01","NS1429J","","CNY","","22.70","","","","","µ‘’Àﬁ≥´∞∏","","10","M","","20","","","2840","9.80","","9.80","","","","","","","","","25-00328","","","","","",""
"2025/10/10","2026/01/09","","404","à¿ãJëÒíy","","","807","S3660","01","NS1429J","","CNY","","22.70","","","","","µ‘’Àﬁ≥´∞∏","","10","M","","20","","","12660","9.80","","9.80","","","","","","","","","25-00328","","","","","",""
"2025/10/10","2026/01/09","","404","à¿ãJëÒíy","","","007","S3660","01","NS1429J","","CNY","","22.70","","","","","µ‘’Àﬁ≥´∞∏","","10","L","","20","","","2840","9.80","","9.80","","","","","","","","","25-00328","","","","","",""
"2025/10/10","2026/01/09","","404","à¿ãJëÒíy","","","807","S3660","01","NS1429J","","CNY","","22.70","","","","","µ‘’Àﬁ≥´∞∏","","10","L","","20","","","11660","9.80","","9.80","","","","","","","","","25-00328","","","","","",""
"2025/10/10","2026/01/09","","404","à¿ãJëÒíy","","","007","S3660","01","NS1429J","","CNY","","22.70","","","","","µ‘’Àﬁ≥´∞∏","","11","M","","20","","","2840","9.80","","9.80","","","","","","","","","25-00328","","","","","",""
"2025/10/10","2026/01/09","","404","à¿ãJëÒíy","","","807","S3660","01","NS1429J","","CNY","","22.70","","","","","µ‘’Àﬁ≥´∞∏","","11","M","","20","","","11160","9.80","","9.80","","","","","","","","","25-00328","","","","","",""
"2025/10/10","2026/01/09","","404","à¿ãJëÒíy","","","007","S3660","01","NS1429J","","CNY","","22.70","","","","","µ‘’Àﬁ≥´∞∏","","11","L","","20","","","2840","9.80","","9.80","","","","","","","","","25-00328","","","","","",""
"2025/10/10","2026/01/09","","404","à¿ãJëÒíy","","","807","S3660","01","NS1429J","","CNY","","22.70","","","","","µ‘’Àﬁ≥´∞∏","","11","L","","20","","","8660","9.80","","9.80","","","","","","","","","25-00328","","","","","",""
"2025/10/10","2026/01/09","","404","à¿ãJëÒíy","","","007","S3660","01","NS1429J","","CNY","","22.70","","","","","µ‘’Àﬁ≥´∞∏","","20","M","","20","","","2840","9.80","","9.80","","","","","","","","","25-00328","","","","","",""
"2025/10/10","2026/01/09","","404","à¿ãJëÒíy","","","807","S3660","01","NS1429J","","CNY","","22.70","","","","","µ‘’Àﬁ≥´∞∏","","20","M","","20","","","10660","9.80","","9.80","","","","","","","","","25-00328","","","","","",""
"2025/10/10","2026/01/09","","404","à¿ãJëÒíy","","","007","S3660","01","NS1429J","","CNY","","22.70","","","","","µ‘’Àﬁ≥´∞∏","","20","L","","20","","","2840","9.80","","9.80","","","","","","","","","25-00328","","","","","",""
"2025/10/10","2026/01/09","","404","à¿ãJëÒíy","","","807","S3660","01","NS1429J","","CNY","","22.70","","","","","µ‘’Àﬁ≥´∞∏","","20","L","","20","","","9660","9.80","","9.80","","","","","","","","","25-00328","","","","","",""
"2025/10/10","2026/01/09","","404","à¿ãJëÒíy","","","007","S3660","01","NS1429J","","CNY","","22.70","","","","","µ‘’Àﬁ≥´∞∏","","50","M","","20","","","2840","9.80","","9.80","","","","","","","","","25-00328","","","","","",""
"2025/10/10","2026/01/09","","404","à¿ãJëÒíy","","","807","S3660","01","NS1429J","","CNY","","22.70","","","","","µ‘’Àﬁ≥´∞∏","","50","M","","20","","","12160","9.80","","9.80","","","","","","","","","25-00328","","","","","",""
"2025/10/10","2026/01/09","","404","à¿ãJëÒíy","","","007","S3660","01","NS1429J","","CNY","","22.70","","","","","µ‘’Àﬁ≥´∞∏","","50","L","","20","","","2840","9.80","","9.80","","","","","","","","","25-00328","","","","","",""
"2025/10/10","2026/01/09","","404","à¿ãJëÒíy","","","807","S3660","01","NS1429J","","CNY","","22.70","","","","","µ‘’Àﬁ≥´∞∏","","50","L","","20","","","10160","9.80","","9.80","","","","","","","","","25-00328","","","","","",""
"2025/10/10","2026/01/09","","404","à¿ãJëÒíy","","","007","S3660","01","NS1429J","","CNY","","22.70","","","","","µ‘’Àﬁ≥´∞∏","","80","M","","20","","","2840","9.80","","9.80","","","","","","","","","25-00328","","","","","",""
"2025/10/10","2026/01/09","","404","à¿ãJëÒíy","","","807","S3660","01","NS1429J","","CNY","","22.70","","","","","µ‘’Àﬁ≥´∞∏","","80","M","","20","","","9160","9.80","","9.80","","","","","","","","","25-00328","","","","","",""
"2025/10/10","2026/01/09","","404","à¿ãJëÒíy","","","007","S3660","01","NS1429J","","CNY","","22.70","","","","","µ‘’Àﬁ≥´∞∏","","80","L","","20","","","2840","9.80","","9.80","","","","","","","","","25-00328","","","","","",""
"2025/10/10","2026/01/09","","404","à¿ãJëÒíy","","","807","S3660","01","NS1429J","","CNY","","22.70","","","","","µ‘’Àﬁ≥´∞∏","","80","L","","20","","","7160","9.80","","9.80","","","","","","","","","25-00328","","","","","",""
"2025/10/10","2026/01/09","","404","à¿ãJëÒíy","","","007","S3660","01","NS1429J","","CNY","","22.70","","","","","µ‘’Àﬁ≥´∞∏","","90","M","","20","","","2840","9.80","","9.80","","","","","","","","","25-00328","","","","","",""
"2025/10/10","2026/01/09","","404","à¿ãJëÒíy","","","807","S3660","01","NS1429J","","CNY","","22.70","","","","","µ‘’Àﬁ≥´∞∏","","90","M","","20","","","13160","9.80","","9.80","","","","","","","","","25-00328","","","","","",""
"2025/10/10","2026/01/09","","404","à¿ãJëÒíy","","","007","S3660","01","NS1429J","","CNY","","22.70","","","","","µ‘’Àﬁ≥´∞∏","","90","L","","20","","","2840","9.80","","9.80","","","","","","","","","25-00328","","","","","",""
"2025/10/10","2026/01/09","","404","à¿ãJëÒíy","","","807","S3660","01","NS1429J","","CNY","","22.70","","","","","µ‘’Àﬁ≥´∞∏","","90","L","","20","","","13160","9.80","","9.80","","","","","","","","","25-00328","","","","","",""
"2025/10/10","2026/01/09","","404","à¿ãJëÒíy","","","007","S3660","01","NS7616J","","CNY","","22.70","","","","","–Ωﬁ πª›¿ﬁŸ","","20","M","","20","","","1420","10.20","","10.20","","","","","","","","","25-00328","","","","","",""
"2025/10/10","2026/01/09","","404","à¿ãJëÒíy","","","807","S3660","01","NS7616J","","CNY","","22.70","","","","","–Ωﬁ πª›¿ﬁŸ","","20","M","","20","","","3580","10.20","","10.20","","","","","","","","","25-00328","","","","","",""
"2025/10/10","2026/01/09","","404","à¿ãJëÒíy","","","007","S3660","01","NS7616J","","CNY","","22.70","","","","","–Ωﬁ πª›¿ﬁŸ","","20","L","","20","","","1420","10.20","","10.20","","","","","","","","","25-00328","","","","","",""
"2025/10/10","2026/01/09","","404","à¿ãJëÒíy","","","807","S3660","01","NS7616J","","CNY","","22.70","","","","","–Ωﬁ πª›¿ﬁŸ","","20","L","","20","","","4380","10.20","","10.20","","","","","","","","","25-00328","","","","","",""
"2025/10/10","2026/01/09","","404","à¿ãJëÒíy","","","007","S3660","01","NS7616J","","CNY","","22.70","","","","","–Ωﬁ πª›¿ﬁŸ","","90","M","","20","","","1420","10.20","","10.20","","","","","","","","","25-00328","","","","","",""
"2025/10/10","2026/01/09","","404","à¿ãJëÒíy","","","807","S3660","01","NS7616J","","CNY","","22.70","","","","","–Ωﬁ πª›¿ﬁŸ","","90","M","","20","","","4080","10.20","","10.20","","","","","","","","","25-00328","","","","","",""
"2025/10/10","2026/01/09","","404","à¿ãJëÒíy","","","007","S3660","01","NS7616J","","CNY","","22.70","","","","","–Ωﬁ πª›¿ﬁŸ","","90","L","","20","","","1420","10.20","","10.20","","","","","","","","","25-00328","","","","","",""
"2025/10/10","2026/01/09","","404","à¿ãJëÒíy","","","807","S3660","01","NS7616J","","CNY","","22.70","","","","","–Ωﬁ πª›¿ﬁŸ","","90","L","","20","","","5280","10.20","","10.20","","","","","","","","","25-00328","","","","","",""
"2025/10/10","2026/01/09","","404","à¿ãJëÒíy","","","007","S3660","01","NS7641J","","CNY","","22.70","","","","","µ‘’Àﬁ≥´∞∏","","30","M","","20","","","2840","9.80","","9.80","","","","","","","","","25-00328","","","","","",""
"2025/10/10","2026/01/09","","404","à¿ãJëÒíy","","","807","S3660","01","NS7641J","","CNY","","22.70","","","","","µ‘’Àﬁ≥´∞∏","","30","M","","20","","","6160","9.80","","9.80","","","","","","","","","25-00328","","","","","",""
"2025/10/10","2026/01/09","","404","à¿ãJëÒíy","","","007","S3660","01","NS7641J","","CNY","","22.70","","","","","µ‘’Àﬁ≥´∞∏","","30","L","","20","","","2840","9.80","","9.80","","","","","","","","","25-00328","","","","","",""
"2025/10/10","2026/01/09","","404","à¿ãJëÒíy","","","807","S3660","01","NS7641J","","CNY","","22.70","","","","","µ‘’Àﬁ≥´∞∏","","30","L","","20","","","7160","9.80","","9.80","","","","","","","","","25-00328","","","","","",""
"2025/10/10","2026/01/09","","404","à¿ãJëÒíy","","","007","S3660","01","NS7641J","","CNY","","22.70","","","","","µ‘’Àﬁ≥´∞∏","","80","M","","20","","","2840","9.80","","9.80","","","","","","","","","25-00328","","","","","",""
"2025/10/10","2026/01/09","","404","à¿ãJëÒíy","","","807","S3660","01","NS7641J","","CNY","","22.70","","","","","µ‘’Àﬁ≥´∞∏","","80","M","","20","","","6160","9.80","","9.80","","","","","","","","","25-00328","","","","","",""
"2025/10/10","2026/01/09","","404","à¿ãJëÒíy","","","007","S3660","01","NS7641J","","CNY","","22.70","","","","","µ‘’Àﬁ≥´∞∏","","80","L","","20","","","2840","9.80","","9.80","","","","","","","","","25-00328","","","","","",""
"2025/10/10","2026/01/09","","404","à¿ãJëÒíy","","","807","S3660","01","NS7641J","","CNY","","22.70","","","","","µ‘’Àﬁ≥´∞∏","","80","L","","20","","","7160","9.80","","9.80","","","","","","","","","25-00328","","","","","",""
"2025/10/10","2026/01/09","","404","à¿ãJëÒíy","","","007","S3660","01","NS7641J","","CNY","","22.70","","","","","µ‘’Àﬁ≥´∞∏","","90","M","","20","","","2840","9.80","","9.80","","","","","","","","","25-00328","","","","","",""
"2025/10/10","2026/01/09","","404","à¿ãJëÒíy","","","807","S3660","01","NS7641J","","CNY","","22.70","","","","","µ‘’Àﬁ≥´∞∏","","90","M","","20","","","10160","9.80","","9.80","","","","","","","","","25-00328","","","","","",""
"2025/10/10","2026/01/09","","404","à¿ãJëÒíy","","","007","S3660","01","NS7641J","","CNY","","22.70","","","","","µ‘’Àﬁ≥´∞∏","","90","L","","20","","","2840","9.80","","9.80","","","","","","","","","25-00328","","","","","",""
"2025/10/10","2026/01/09","","404","à¿ãJëÒíy","","","807","S3660","01","NS7641J","","CNY","","22.70","","","","","µ‘’Àﬁ≥´∞∏","","90","L","","20","","","12160","9.80","","9.80","","","","","","","","","25-00328","","","","","",""
"2025/10/10","2026/01/09","","411","ìÏí ì°ìå","","","007","S3663","01","NS1430F","","CNY","","22.70","","","","","ïùçLÇµÇ»Ç‚∂∞Ÿ","","11","M","","20","","","1420","9.50","","9.50","","","","","","","","","25-00329","","","","","",""
"2025/10/10","2026/01/09","","411","ìÏí ì°ìå","","","807","S3663","01","NS1430F","","CNY","","22.70","","","","","ïùçLÇµÇ»Ç‚∂∞Ÿ","","11","M","","20","","","7580","9.50","","9.50","","","","","","","","","25-00329","","","","","",""
"2025/10/10","2026/01/09","","411","ìÏí ì°ìå","","","007","S3663","01","NS1430F","","CNY","","22.70","","","","","ïùçLÇµÇ»Ç‚∂∞Ÿ","","11","L","","20","","","1420","9.50","","9.50","","","","","","","","","25-00329","","","","","",""
"2025/10/10","2026/01/09","","411","ìÏí ì°ìå","","","807","S3663","01","NS1430F","","CNY","","22.70","","","","","ïùçLÇµÇ»Ç‚∂∞Ÿ","","11","L","","20","","","6580","9.50","","9.50","","","","","","","","","25-00329","","","","","",""
"2025/10/10","2026/01/09","","411","ìÏí ì°ìå","","","007","S3663","01","NS1430F","","CNY","","22.70","","","","","ïùçLÇµÇ»Ç‚∂∞Ÿ","","62","M","","20","","","1420","9.50","","9.50","","","","","","","","","25-00329","","","","","",""
"2025/10/10","2026/01/09","","411","ìÏí ì°ìå","","","807","S3663","01","NS1430F","","CNY","","22.70","","","","","ïùçLÇµÇ»Ç‚∂∞Ÿ","","62","M","","20","","","7580","9.50","","9.50","","","","","","","","","25-00329","","","","","",""
"2025/10/10","2026/01/09","","411","ìÏí ì°ìå","","","007","S3663","01","NS1430F","","CNY","","22.70","","","","","ïùçLÇµÇ»Ç‚∂∞Ÿ","","62","L","","20","","","1420","9.50","","9.50","","","","","","","","","25-00329","","","","","",""
"2025/10/10","2026/01/09","","411","ìÏí ì°ìå","","","807","S3663","01","NS1430F","","CNY","","22.70","","","","","ïùçLÇµÇ»Ç‚∂∞Ÿ","","62","L","","20","","","6580","9.50","","9.50","","","","","","","","","25-00329","","","","","",""
"2025/10/10","2026/01/09","","411","ìÏí ì°ìå","","","007","S3663","01","NS1430F","","CNY","","22.70","","","","","ïùçLÇµÇ»Ç‚∂∞Ÿ","","90","M","","20","","","1420","9.50","","9.50","","","","","","","","","25-00329","","","","","",""
"2025/10/10","2026/01/09","","411","ìÏí ì°ìå","","","807","S3663","01","NS1430F","","CNY","","22.70","","","","","ïùçLÇµÇ»Ç‚∂∞Ÿ","","90","M","","20","","","9580","9.50","","9.50","","","","","","","","","25-00329","","","","","",""
"2025/10/10","2026/01/09","","411","ìÏí ì°ìå","","","007","S3663","01","NS1430F","","CNY","","22.70","","","","","ïùçLÇµÇ»Ç‚∂∞Ÿ","","90","L","","20","","","1420","9.50","","9.50","","","","","","","","","25-00329","","","","","",""
"2025/10/10","2026/01/09","","411","ìÏí ì°ìå","","","807","S3663","01","NS1430F","","CNY","","22.70","","","","","ïùçLÇµÇ»Ç‚∂∞Ÿ","","90","L","","20","","","9580","9.50","","9.50","","","","","","","","","25-00329","","","","","",""
"2025/10/10","2026/01/09","","411","ìÏí ì°ìå","","","007","S3663","01","NS7642F","","CNY","","22.70","","","","","ïùçLÇµÇ»Ç‚∂∞Ÿ","","32","M","","20","","","1420","9.50","","9.50","","","","","","","","","25-00329","","","","","",""
"2025/10/10","2026/01/09","","411","ìÏí ì°ìå","","","807","S3663","01","NS7642F","","CNY","","22.70","","","","","ïùçLÇµÇ»Ç‚∂∞Ÿ","","32","M","","20","","","4580","9.50","","9.50","","","","","","","","","25-00329","","","","","",""
"2025/10/10","2026/01/09","","411","ìÏí ì°ìå","","","007","S3663","01","NS7642F","","CNY","","22.70","","","","","ïùçLÇµÇ»Ç‚∂∞Ÿ","","32","L","","20","","","1420","9.50","","9.50","","","","","","","","","25-00329","","","","","",""
"2025/10/10","2026/01/09","","411","ìÏí ì°ìå","","","807","S3663","01","NS7642F","","CNY","","22.70","","","","","ïùçLÇµÇ»Ç‚∂∞Ÿ","","32","L","","20","","","4580","9.50","","9.50","","","","","","","","","25-00329","","","","","",""
"2025/10/10","2026/01/09","","411","ìÏí ì°ìå","","","007","S3663","01","NS7642F","","CNY","","22.70","","","","","ïùçLÇµÇ»Ç‚∂∞Ÿ","","90","M","","20","","","1420","9.50","","9.50","","","","","","","","","25-00329","","","","","",""
"2025/10/10","2026/01/09","","411","ìÏí ì°ìå","","","807","S3663","01","NS7642F","","CNY","","22.70","","","","","ïùçLÇµÇ»Ç‚∂∞Ÿ","","90","M","","20","","","6580","9.50","","9.50","","","","","","","","","25-00329","","","","","",""
"2025/10/10","2026/01/09","","411","ìÏí ì°ìå","","","007","S3663","01","NS7642F","","CNY","","22.70","","","","","ïùçLÇµÇ»Ç‚∂∞Ÿ","","90","L","","20","","","1420","9.50","","9.50","","","","","","","","","25-00329","","","","","",""
"2025/10/10","2026/01/09","","411","ìÏí ì°ìå","","","807","S3663","01","NS7642F","","CNY","","22.70","","","","","ïùçLÇµÇ»Ç‚∂∞Ÿ","","90","L","","20","","","6580","9.50","","9.50","","","","","","","","","25-00329","","","","","",""
"2025/10/10","2026/01/09","","404","à¿ãJëÒíy","","","007","S3658","01","NS1423J","","CNY","","22.70","","","","","LC∏€Øº∞EVAª›¿ﬁŸïwêl","","62","M","","20","","","1420","17.90","","17.90","","","","","","","","","25-00330","","","","","",""
"2025/10/10","2026/01/09","","404","à¿ãJëÒíy","","","807","S3658","01","NS1423J","","CNY","","22.70","","","","","LC∏€Øº∞EVAª›¿ﬁŸïwêl","","62","M","","20","","","80","17.90","","17.90","","","","","","","","","25-00330","","","","","",""
"2025/10/10","2026/01/09","","404","à¿ãJëÒíy","","","007","S3658","01","NS1423J","","CNY","","22.70","","","","","LC∏€Øº∞EVAª›¿ﬁŸïwêl","","62","L","","20","","","1420","17.90","","17.90","","","","","","","","","25-00330","","","","","",""
"2025/10/10","2026/01/09","","404","à¿ãJëÒíy","","","807","S3658","01","NS1423J","","CNY","","22.70","","","","","LC∏€Øº∞EVAª›¿ﬁŸïwêl","","62","L","","20","","","80","17.90","","17.90","","","","","","","","","25-00330","","","","","",""
"2025/10/10","2026/01/09","","404","à¿ãJëÒíy","","","007","S3658","01","NS1423J","","CNY","","22.70","","","","","LC∏€Øº∞EVAª›¿ﬁŸïwêl","","90","M","","20","","","1420","17.90","","17.90","","","","","","","","","25-00330","","","","","",""
"2025/10/10","2026/01/09","","404","à¿ãJëÒíy","","","807","S3658","01","NS1423J","","CNY","","22.70","","","","","LC∏€Øº∞EVAª›¿ﬁŸïwêl","","90","M","","20","","","4080","17.90","","17.90","","","","","","","","","25-00330","","","","","",""
"2025/10/10","2026/01/09","","404","à¿ãJëÒíy","","","007","S3658","01","NS1423J","","CNY","","22.70","","","","","LC∏€Øº∞EVAª›¿ﬁŸïwêl","","90","L","","20","","","1420","17.90","","17.90","","","","","","","","","25-00330","","","","","",""
"2025/10/10","2026/01/09","","404","à¿ãJëÒíy","","","807","S3658","01","NS1423J","","CNY","","22.70","","","","","LC∏€Øº∞EVAª›¿ﬁŸïwêl","","90","L","","20","","","2880","17.90","","17.90","","","","","","","","","25-00330","","","","","",""
"2025/10/10","2026/01/09","","404","à¿ãJëÒíy","","","007","S3658","01","NS1423J","","CNY","","22.70","","","","","LC∏€Øº∞EVAª›¿ﬁŸïwêl","","90","LL","","20","","","1420","17.90","","17.90","","","","","","","","","25-00330","","","","","",""
"2025/10/10","2026/01/09","","404","à¿ãJëÒíy","","","807","S3658","01","NS1423J","","CNY","","22.70","","","","","LC∏€Øº∞EVAª›¿ﬁŸïwêl","","90","LL","","20","","","1780","17.90","","17.90","","","","","","","","","25-00330","","","","","",""
"2025/10/10","2026/01/09","","404","à¿ãJëÒíy","","","007","S3658","01","NS7636J","","CNY","","22.70","","","","","LC∏€Øº∞EVAª›¿ﬁŸêaém","","90","M","","20","","","1420","17.90","","17.90","","","","","","","","","25-00330","","","","","",""
"2025/10/10","2026/01/09","","404","à¿ãJëÒíy","","","807","S3658","01","NS7636J","","CNY","","22.70","","","","","LC∏€Øº∞EVAª›¿ﬁŸêaém","","90","M","","20","","","2180","17.90","","17.90","","","","","","","","","25-00330","","","","","",""
"2025/10/10","2026/01/09","","404","à¿ãJëÒíy","","","007","S3658","01","NS7636J","","CNY","","22.70","","","","","LC∏€Øº∞EVAª›¿ﬁŸêaém","","90","L","","20","","","1420","17.90","","17.90","","","","","","","","","25-00330","","","","","",""
"2025/10/10","2026/01/09","","404","à¿ãJëÒíy","","","807","S3658","01","NS7636J","","CNY","","22.70","","","","","LC∏€Øº∞EVAª›¿ﬁŸêaém","","90","L","","20","","","3080","17.90","","17.90","","","","","","","","","25-00330","","","","","",""
"2025/10/10","2026/01/09","","404","à¿ãJëÒíy","","","007","S3658","01","NS7636J","","CNY","","22.70","","","","","LC∏€Øº∞EVAª›¿ﬁŸêaém","","90","LL","","20","","","1420","17.90","","17.90","","","","","","","","","25-00330","","","","","",""
"2025/10/10","2026/01/09","","404","à¿ãJëÒíy","","","807","S3658","01","NS7636J","","CNY","","22.70","","","","","LC∏€Øº∞EVAª›¿ﬁŸêaém","","90","LL","","20","","","3980","17.90","","17.90","","","","","","","","","25-00330","","","","","",""
"2025/10/10","2026/01/09","","437","êVìÏí ñ{èB","","","007","S3662","01","NS1424V","","CNY","","22.70","","","","","LC∏€Øº∞∑Ÿ√®›∏ﬁª›¿ﬁŸïwêl","","62","M","","20","","","1420","25.30","","25.30","","","","","","","","","25-00331","","","","","",""
"2025/10/10","2026/01/09","","437","êVìÏí ñ{èB","","","807","S3662","01","NS1424V","","CNY","","22.70","","","","","LC∏€Øº∞∑Ÿ√®›∏ﬁª›¿ﬁŸïwêl","","62","M","","20","","","1580","25.30","","25.30","","","","","","","","","25-00331","","","","","",""
"2025/10/10","2026/01/09","","437","êVìÏí ñ{èB","","","007","S3662","01","NS1424V","","CNY","","22.70","","","","","LC∏€Øº∞∑Ÿ√®›∏ﬁª›¿ﬁŸïwêl","","62","L","","20","","","1420","25.30","","25.30","","","","","","","","","25-00331","","","","","",""
"2025/10/10","2026/01/09","","437","êVìÏí ñ{èB","","","807","S3662","01","NS1424V","","CNY","","22.70","","","","","LC∏€Øº∞∑Ÿ√®›∏ﬁª›¿ﬁŸïwêl","","62","L","","20","","","980","25.30","","25.30","","","","","","","","","25-00331","","","","","",""
"2025/10/10","2026/01/09","","437","êVìÏí ñ{èB","","","007","S3662","01","NS1424V","","CNY","","22.70","","","","","LC∏€Øº∞∑Ÿ√®›∏ﬁª›¿ﬁŸïwêl","","90","M","","20","","","1420","25.30","","25.30","","","","","","","","","25-00331","","","","","",""
"2025/10/10","2026/01/09","","437","êVìÏí ñ{èB","","","807","S3662","01","NS1424V","","CNY","","22.70","","","","","LC∏€Øº∞∑Ÿ√®›∏ﬁª›¿ﬁŸïwêl","","90","M","","20","","","3980","25.30","","25.30","","","","","","","","","25-00331","","","","","",""
"2025/10/10","2026/01/09","","437","êVìÏí ñ{èB","","","007","S3662","01","NS1424V","","CNY","","22.70","","","","","LC∏€Øº∞∑Ÿ√®›∏ﬁª›¿ﬁŸïwêl","","90","L","","20","","","1420","25.30","","25.30","","","","","","","","","25-00331","","","","","",""
"2025/10/10","2026/01/09","","437","êVìÏí ñ{èB","","","807","S3662","01","NS1424V","","CNY","","22.70","","","","","LC∏€Øº∞∑Ÿ√®›∏ﬁª›¿ﬁŸïwêl","","90","L","","20","","","3280","25.30","","25.30","","","","","","","","","25-00331","","","","","",""
"2025/10/10","2026/01/09","","437","êVìÏí ñ{èB","","","007","S3662","01","NS1424V","","CNY","","22.70","","","","","LC∏€Øº∞∑Ÿ√®›∏ﬁª›¿ﬁŸïwêl","","90","LL","","20","","","1420","25.30","","25.30","","","","","","","","","25-00331","","","","","",""
"2025/10/10","2026/01/09","","437","êVìÏí ñ{èB","","","807","S3662","01","NS1424V","","CNY","","22.70","","","","","LC∏€Øº∞∑Ÿ√®›∏ﬁª›¿ﬁŸïwêl","","90","LL","","20","","","2580","25.30","","25.30","","","","","","","","","25-00331","","","","","",""
"2025/10/10","2026/01/09","","437","êVìÏí ñ{èB","","","007","S3662","01","NS7637V","","CNY","","22.70","","","","","LC∏€Øº∞∑Ÿ√®›∏ﬁª›¿ﬁŸêaém","","90","M","","20","","","1420","27.20","","27.20","","","","","","","","","25-00331","","","","","",""
"2025/10/10","2026/01/09","","437","êVìÏí ñ{èB","","","807","S3662","01","NS7637V","","CNY","","22.70","","","","","LC∏€Øº∞∑Ÿ√®›∏ﬁª›¿ﬁŸêaém","","90","M","","20","","","2580","27.20","","27.20","","","","","","","","","25-00331","","","","","",""
"2025/10/10","2026/01/09","","437","êVìÏí ñ{èB","","","007","S3662","01","NS7637V","","CNY","","22.70","","","","","LC∏€Øº∞∑Ÿ√®›∏ﬁª›¿ﬁŸêaém","","90","L","","20","","","1420","27.20","","27.20","","","","","","","","","25-00331","","","","","",""
"2025/10/10","2026/01/09","","437","êVìÏí ñ{èB","","","807","S3662","01","NS7637V","","CNY","","22.70","","","","","LC∏€Øº∞∑Ÿ√®›∏ﬁª›¿ﬁŸêaém","","90","L","","20","","","3080","27.20","","27.20","","","","","","","","","25-00331","","","","","",""
"2025/10/10","2026/01/09","","437","êVìÏí ñ{èB","","","007","S3662","01","NS7637V","","CNY","","22.70","","","","","LC∏€Øº∞∑Ÿ√®›∏ﬁª›¿ﬁŸêaém","","90","LL","","20","","","1420","27.20","","27.20","","","","","","","","","25-00331","","","","","",""
"2025/10/10","2026/01/09","","437","êVìÏí ñ{èB","","","807","S3662","01","NS7637V","","CNY","","22.70","","","","","LC∏€Øº∞∑Ÿ√®›∏ﬁª›¿ﬁŸêaém","","90","LL","","20","","","3580","27.20","","27.20","","","","","","","","","25-00331","","","","","",""
"2025/10/10","2026/01/09","","404","à¿ãJëÒíy","","","007","S3661","01","NS1431J","","CNY","","22.70","","","","","LC∏€Øº∞EVAª›¿ﬁŸëOï¬Ç∂ïwêl","","62","M","","20","","","1420","18.20","","18.20","","","","","","","","","25-00332","","","","","",""
"2025/10/10","2026/01/09","","404","à¿ãJëÒíy","","","807","S3661","01","NS1431J","","CNY","","22.70","","","","","LC∏€Øº∞EVAª›¿ﬁŸëOï¬Ç∂ïwêl","","62","M","","20","","","80","18.20","","18.20","","","","","","","","","25-00332","","","","","",""
"2025/10/10","2026/01/09","","404","à¿ãJëÒíy","","","007","S3661","01","NS1431J","","CNY","","22.70","","","","","LC∏€Øº∞EVAª›¿ﬁŸëOï¬Ç∂ïwêl","","62","L","","20","","","1420","18.20","","18.20","","","","","","","","","25-00332","","","","","",""
"2025/10/10","2026/01/09","","404","à¿ãJëÒíy","","","807","S3661","01","NS1431J","","CNY","","22.70","","","","","LC∏€Øº∞EVAª›¿ﬁŸëOï¬Ç∂ïwêl","","62","L","","20","","","80","18.20","","18.20","","","","","","","","","25-00332","","","","","",""
"2025/10/10","2026/01/09","","404","à¿ãJëÒíy","","","007","S3661","01","NS1431J","","CNY","","22.70","","","","","LC∏€Øº∞EVAª›¿ﬁŸëOï¬Ç∂ïwêl","","90","M","","20","","","1420","18.20","","18.20","","","","","","","","","25-00332","","","","","",""
"2025/10/10","2026/01/09","","404","à¿ãJëÒíy","","","807","S3661","01","NS1431J","","CNY","","22.70","","","","","LC∏€Øº∞EVAª›¿ﬁŸëOï¬Ç∂ïwêl","","90","M","","20","","","4280","18.20","","18.20","","","","","","","","","25-00332","","","","","",""
"2025/10/10","2026/01/09","","404","à¿ãJëÒíy","","","007","S3661","01","NS1431J","","CNY","","22.70","","","","","LC∏€Øº∞EVAª›¿ﬁŸëOï¬Ç∂ïwêl","","90","L","","20","","","1420","18.20","","18.20","","","","","","","","","25-00332","","","","","",""
"2025/10/10","2026/01/09","","404","à¿ãJëÒíy","","","807","S3661","01","NS1431J","","CNY","","22.70","","","","","LC∏€Øº∞EVAª›¿ﬁŸëOï¬Ç∂ïwêl","","90","L","","20","","","2880","18.20","","18.20","","","","","","","","","25-00332","","","","","",""
"2025/10/10","2026/01/09","","404","à¿ãJëÒíy","","","007","S3661","01","NS1431J","","CNY","","22.70","","","","","LC∏€Øº∞EVAª›¿ﬁŸëOï¬Ç∂ïwêl","","90","LL","","20","","","1420","18.20","","18.20","","","","","","","","","25-00332","","","","","",""
"2025/10/10","2026/01/09","","404","à¿ãJëÒíy","","","807","S3661","01","NS1431J","","CNY","","22.70","","","","","LC∏€Øº∞EVAª›¿ﬁŸëOï¬Ç∂ïwêl","","90","LL","","20","","","1880","18.20","","18.20","","","","","","","","","25-00332","","","","","",""
"2025/10/10","2026/01/09","","404","à¿ãJëÒíy","","","007","S3661","01","NS1432J","","CNY","","22.70","","","","","LC∏€Øº∞EVAª›¿ﬁŸƒ›∏ﬁïwêl","","62","M","","20","","","1420","18.20","","18.20","","","","","","","","","25-00332","","","","","",""
"2025/10/10","2026/01/09","","404","à¿ãJëÒíy","","","807","S3661","01","NS1432J","","CNY","","22.70","","","","","LC∏€Øº∞EVAª›¿ﬁŸƒ›∏ﬁïwêl","","62","M","","20","","","80","18.20","","18.20","","","","","","","","","25-00332","","","","","",""
"2025/10/10","2026/01/09","","404","à¿ãJëÒíy","","","007","S3661","01","NS1432J","","CNY","","22.70","","","","","LC∏€Øº∞EVAª›¿ﬁŸƒ›∏ﬁïwêl","","62","L","","20","","","1420","18.20","","18.20","","","","","","","","","25-00332","","","","","",""
"2025/10/10","2026/01/09","","404","à¿ãJëÒíy","","","807","S3661","01","NS1432J","","CNY","","22.70","","","","","LC∏€Øº∞EVAª›¿ﬁŸƒ›∏ﬁïwêl","","62","L","","20","","","80","18.20","","18.20","","","","","","","","","25-00332","","","","","",""
"2025/10/10","2026/01/09","","404","à¿ãJëÒíy","","","007","S3661","01","NS1432J","","CNY","","22.70","","","","","LC∏€Øº∞EVAª›¿ﬁŸƒ›∏ﬁïwêl","","90","M","","20","","","1420","18.20","","18.20","","","","","","","","","25-00332","","","","","",""
"2025/10/10","2026/01/09","","404","à¿ãJëÒíy","","","807","S3661","01","NS1432J","","CNY","","22.70","","","","","LC∏€Øº∞EVAª›¿ﬁŸƒ›∏ﬁïwêl","","90","M","","20","","","2480","18.20","","18.20","","","","","","","","","25-00332","","","","","",""
"2025/10/10","2026/01/09","","404","à¿ãJëÒíy","","","007","S3661","01","NS1432J","","CNY","","22.70","","","","","LC∏€Øº∞EVAª›¿ﬁŸƒ›∏ﬁïwêl","","90","L","","20","","","1420","18.20","","18.20","","","","","","","","","25-00332","","","","","",""
"2025/10/10","2026/01/09","","404","à¿ãJëÒíy","","","807","S3661","01","NS1432J","","CNY","","22.70","","","","","LC∏€Øº∞EVAª›¿ﬁŸƒ›∏ﬁïwêl","","90","L","","20","","","1880","18.20","","18.20","","","","","","","","","25-00332","","","","","",""
"2025/10/10","2026/01/09","","404","à¿ãJëÒíy","","","007","S3661","01","NS1432J","","CNY","","22.70","","","","","LC∏€Øº∞EVAª›¿ﬁŸƒ›∏ﬁïwêl","","90","LL","","20","","","1420","18.20","","18.20","","","","","","","","","25-00332","","","","","",""
"2025/10/10","2026/01/09","","404","à¿ãJëÒíy","","","807","S3661","01","NS1432J","","CNY","","22.70","","","","","LC∏€Øº∞EVAª›¿ﬁŸƒ›∏ﬁïwêl","","90","LL","","20","","","1480","18.20","","18.20","","","","","","","","","25-00332","","","","","",""
"2025/10/10","2026/01/09","","404","à¿ãJëÒíy","","","007","S3661","01","NS7643J","","CNY","","22.70","","","","","LC∏€Øº∞EVAª›¿ﬁŸêaém","","90","M","","20","","","1420","18.20","","18.20","","","","","","","","","25-00332","","","","","",""
"2025/10/10","2026/01/09","","404","à¿ãJëÒíy","","","807","S3661","01","NS7643J","","CNY","","22.70","","","","","LC∏€Øº∞EVAª›¿ﬁŸêaém","","90","M","","20","","","2080","18.20","","18.20","","","","","","","","","25-00332","","","","","",""
"2025/10/10","2026/01/09","","404","à¿ãJëÒíy","","","007","S3661","01","NS7643J","","CNY","","22.70","","","","","LC∏€Øº∞EVAª›¿ﬁŸêaém","","90","L","","20","","","1420","18.20","","18.20","","","","","","","","","25-00332","","","","","",""
"2025/10/10","2026/01/09","","404","à¿ãJëÒíy","","","807","S3661","01","NS7643J","","CNY","","22.70","","","","","LC∏€Øº∞EVAª›¿ﬁŸêaém","","90","L","","20","","","3380","18.20","","18.20","","","","","","","","","25-00332","","","","","",""
"2025/10/10","2026/01/09","","404","à¿ãJëÒíy","","","007","S3661","01","NS7643J","","CNY","","22.70","","","","","LC∏€Øº∞EVAª›¿ﬁŸêaém","","90","LL","","20","","","1420","18.20","","18.20","","","","","","","","","25-00332","","","","","",""
"2025/10/10","2026/01/09","","404","à¿ãJëÒíy","","","807","S3661","01","NS7643J","","CNY","","22.70","","","","","LC∏€Øº∞EVAª›¿ﬁŸêaém","","90","LL","","20","","","3980","18.20","","18.20","","","","","","","","","25-00332","","","","","",""
"2025/10/10","2026/01/09","","404","à¿ãJëÒíy","","","007","S3661","01","NS7644J","","CNY","","22.70","","","","","LC∏€Øº∞EVAª›¿ﬁŸƒ›∏ﬁêaém","","90","M","","20","","","500","18.20","","18.20","","","","","","","","","25-00332","","","","","",""
"2025/10/10","2026/01/09","","404","à¿ãJëÒíy","","","807","S3661","01","NS7644J","","CNY","","22.70","","","","","LC∏€Øº∞EVAª›¿ﬁŸƒ›∏ﬁêaém","","90","M","","20","","","500","18.20","","18.20","","","","","","","","","25-00332","","","","","",""
"2025/10/10","2026/01/09","","404","à¿ãJëÒíy","","","007","S3661","01","NS7644J","","CNY","","22.70","","","","","LC∏€Øº∞EVAª›¿ﬁŸƒ›∏ﬁêaém","","90","L","","20","","","500","18.20","","18.20","","","","","","","","","25-00332","","","","","",""
"2025/10/10","2026/01/09","","404","à¿ãJëÒíy","","","807","S3661","01","NS7644J","","CNY","","22.70","","","","","LC∏€Øº∞EVAª›¿ﬁŸƒ›∏ﬁêaém","","90","L","","20","","","700","18.20","","18.20","","","","","","","","","25-00332","","","","","",""
"2025/10/10","2026/01/09","","404","à¿ãJëÒíy","","","007","S3661","01","NS7644J","","CNY","","22.70","","","","","LC∏€Øº∞EVAª›¿ﬁŸƒ›∏ﬁêaém","","90","LL","","20","","","500","18.20","","18.20","","","","","","","","","25-00332","","","","","",""
"2025/10/10","2026/01/09","","404","à¿ãJëÒíy","","","807","S3661","01","NS7644J","","CNY","","22.70","","","","","LC∏€Øº∞EVAª›¿ﬁŸƒ›∏ﬁêaém","","90","LL","","20","","","1000","18.20","","18.20","","","","","","","","","25-00332","","","","","",""
"2025/10/10","2026/01/09","","404","à¿ãJëÒíy","","","007","S3659","01","NS1412J","","CNY","","22.70","","","",""," Ωﬁ–∂Ÿ","","10","M","","20","","","1420","15.60","","15.60","","","","","","","","","25-00333","","","","","",""
"2025/10/10","2026/01/09","","404","à¿ãJëÒíy","","","807","S3659","01","NS1412J","","CNY","","22.70","","","",""," Ωﬁ–∂Ÿ","","10","M","","20","","","5480","15.60","","15.60","","","","","","","","","25-00333","","","","","",""
"2025/10/10","2026/01/09","","404","à¿ãJëÒíy","","","007","S3659","01","NS1412J","","CNY","","22.70","","","",""," Ωﬁ–∂Ÿ","","10","L","","20","","","1420","15.60","","15.60","","","","","","","","","25-00333","","","","","",""
"2025/10/10","2026/01/09","","404","à¿ãJëÒíy","","","807","S3659","01","NS1412J","","CNY","","22.70","","","",""," Ωﬁ–∂Ÿ","","10","L","","20","","","3980","15.60","","15.60","","","","","","","","","25-00333","","","","","",""
"2025/10/10","2026/01/09","","404","à¿ãJëÒíy","","","007","S3659","01","NS1412J","","CNY","","22.70","","","",""," Ωﬁ–∂Ÿ","","62","M","","20","","","1420","15.60","","15.60","","","","","","","","","25-00333","","","","","",""
"2025/10/10","2026/01/09","","404","à¿ãJëÒíy","","","807","S3659","01","NS1412J","","CNY","","22.70","","","",""," Ωﬁ–∂Ÿ","","62","M","","20","","","5480","15.60","","15.60","","","","","","","","","25-00333","","","","","",""
"2025/10/10","2026/01/09","","404","à¿ãJëÒíy","","","007","S3659","01","NS1412J","","CNY","","22.70","","","",""," Ωﬁ–∂Ÿ","","62","L","","20","","","1420","15.60","","15.60","","","","","","","","","25-00333","","","","","",""
"2025/10/10","2026/01/09","","404","à¿ãJëÒíy","","","807","S3659","01","NS1412J","","CNY","","22.70","","","",""," Ωﬁ–∂Ÿ","","62","L","","20","","","3980","15.60","","15.60","","","","","","","","","25-00333","","","","","",""
"2025/10/10","2026/01/09","","404","à¿ãJëÒíy","","","007","S3659","01","NS1412J","","CNY","","22.70","","","",""," Ωﬁ–∂Ÿ","","80","M","","20","","","1420","15.60","","15.60","","","","","","","","","25-00333","","","","","",""
"2025/10/10","2026/01/09","","404","à¿ãJëÒíy","","","807","S3659","01","NS1412J","","CNY","","22.70","","","",""," Ωﬁ–∂Ÿ","","80","M","","20","","","5480","15.60","","15.60","","","","","","","","","25-00333","","","","","",""
"2025/10/10","2026/01/09","","404","à¿ãJëÒíy","","","007","S3659","01","NS1412J","","CNY","","22.70","","","",""," Ωﬁ–∂Ÿ","","80","L","","20","","","1420","15.60","","15.60","","","","","","","","","25-00333","","","","","",""
"2025/10/10","2026/01/09","","404","à¿ãJëÒíy","","","807","S3659","01","NS1412J","","CNY","","22.70","","","",""," Ωﬁ–∂Ÿ","","80","L","","20","","","3980","15.60","","15.60","","","","","","","","","25-00333","","","","","",""
"2025/10/10","2026/01/09","","404","à¿ãJëÒíy","","","007","S3659","01","NS1412J","","CNY","","22.70","","","",""," Ωﬁ–∂Ÿ","","90","M","","20","","","1420","15.60","","15.60","","","","","","","","","25-00333","","","","","",""
"2025/10/10","2026/01/09","","404","à¿ãJëÒíy","","","807","S3659","01","NS1412J","","CNY","","22.70","","","",""," Ωﬁ–∂Ÿ","","90","M","","20","","","7980","15.60","","15.60","","","","","","","","","25-00333","","","","","",""
"2025/10/10","2026/01/09","","404","à¿ãJëÒíy","","","007","S3659","01","NS1412J","","CNY","","22.70","","","",""," Ωﬁ–∂Ÿ","","90","L","","20","","","1420","15.60","","15.60","","","","","","","","","25-00333","","","","","",""
"2025/10/10","2026/01/09","","404","à¿ãJëÒíy","","","807","S3659","01","NS1412J","","CNY","","22.70","","","",""," Ωﬁ–∂Ÿ","","90","L","","20","","","6980","15.60","","15.60","","","","","","","","","25-00333","","","","","",""
"2025/10/10","2026/01/09","","404","à¿ãJëÒíy","","","007","S3659","01","NS7631J","","CNY","","22.70","","","",""," Ωﬁ–∂Ÿ","","80","M","","20","","","1420","15.60","","15.60","","","","","","","","","25-00333","","","","","",""
"2025/10/10","2026/01/09","","404","à¿ãJëÒíy","","","807","S3659","01","NS7631J","","CNY","","22.70","","","",""," Ωﬁ–∂Ÿ","","80","M","","20","","","3780","15.60","","15.60","","","","","","","","","25-00333","","","","","",""
"2025/10/10","2026/01/09","","404","à¿ãJëÒíy","","","007","S3659","01","NS7631J","","CNY","","22.70","","","",""," Ωﬁ–∂Ÿ","","80","L","","20","","","1420","15.60","","15.60","","","","","","","","","25-00333","","","","","",""
"2025/10/10","2026/01/09","","404","à¿ãJëÒíy","","","807","S3659","01","NS7631J","","CNY","","22.70","","","",""," Ωﬁ–∂Ÿ","","80","L","","20","","","5480","15.60","","15.60","","","","","","","","","25-00333","","","","","",""
"2025/10/10","2026/01/09","","404","à¿ãJëÒíy","","","007","S3659","01","NS7631J","","CNY","","22.70","","","",""," Ωﬁ–∂Ÿ","","90","M","","20","","","1420","15.60","","15.60","","","","","","","","","25-00333","","","","","",""
"2025/10/10","2026/01/09","","404","à¿ãJëÒíy","","","807","S3659","01","NS7631J","","CNY","","22.70","","","",""," Ωﬁ–∂Ÿ","","90","M","","20","","","5380","15.60","","15.60","","","","","","","","","25-00333","","","","","",""
"2025/10/10","2026/01/09","","404","à¿ãJëÒíy","","","007","S3659","01","NS7631J","","CNY","","22.70","","","",""," Ωﬁ–∂Ÿ","","90","L","","20","","","1420","15.60","","15.60","","","","","","","","","25-00333","","","","","",""
"2025/10/10","2026/01/09","","404","à¿ãJëÒíy","","","807","S3659","01","NS7631J","","CNY","","22.70","","","",""," Ωﬁ–∂Ÿ","","90","L","","20","","","8080","15.60","","15.60","","","","","","","","","25-00333","","","","","",""
"2025/10/10","2026/03/16","","437","êVìÏí ñ{èB","","","017","S3657","01","EH2109V","","CNY","","22.70","","","","","SR À‘π∑√®Àﬂ›∏","","11","M","","0","","","1050","18.90","","18.90","","","","","","","","","25-00334","","","","","",""
"2025/10/10","2026/03/16","","437","êVìÏí ñ{èB","","","017","S3657","01","EH2110V","","CNY","","22.70","","","","","SR À‘π∑√®Ãﬁ◊Ø∏","","90","M","","0","","","1050","17.05","","17.05","","","","","","","","","25-00334","","","","","",""
"2025/10/10","2025/12/25","","433","ìÏí å‹êØ","","","017","S3667R","01","FD2338L","","CNY","","22.70","","","","","¡Æ≥ƒﬁ≤≤‹ º ﬁ≤«»∞—","","80","M","","20","","","360","18.94","","18.94","","","","","","","","","25-00335","","","","","",""
"2025/10/10","2025/12/25","","433","ìÏí å‹êØ","","","017","S3667R","01","FD2339L","","CNY","","22.70","","","","","¡Æ≥ƒﬁ≤≤‹ »∫ºº≠≥","","62","M","","20","","","360","18.94","","18.94","","","","","","","","","25-00335","","","","","",""
"2025/10/10","2025/12/25","","433","ìÏí å‹êØ","","","017","S3667R","01","FD2661L","","CNY","","22.70","","","","","¡Æ≥ƒﬁ≤≤‹ ◊≤µ›»∞—","","32","L","","20","","","360","19.22","","19.22","","","","","","","","","25-00335","","","","","",""
"2025/10/10","2025/12/25","","433","ìÏí å‹êØ","","","017","S3667R","01","FD2662L","","CNY","","22.70","","","","","¡Æ≥ƒﬁ≤≤‹ ∏œºº≠≥","","90","L","","20","","","360","19.22","","19.22","","","","","","","","","25-00335","","","","","",""
"2025/10/14","2025/10/17","","801","áä◊Ø∑∞éYã∆","","","017","","01","ED3275R","","CNY","","22.70","","","","","ÿ∞Ã∂ﬁ◊","","62","M","","6","","","6","730.00","","","","","","","","","","","25-00336","","","","","",""
"2025/10/14","2025/10/17","","801","áä◊Ø∑∞éYã∆","","","017","","01","ED3275R","","CNY","","22.70","","","","","ÿ∞Ã∂ﬁ◊","","70","M","","6","","","6","730.00","","","","","","","","","","","25-00336","","","","","",""
"2025/10/14","2025/10/17","","801","áä◊Ø∑∞éYã∆","","","017","","01","ED3275R","","CNY","","22.70","","","","","ÿ∞Ã∂ﬁ◊","","80","M","","6","","","6","730.00","","","","","","","","","","","25-00336","","","","","",""
"2025/10/14","2025/10/17","","801","áä◊Ø∑∞éYã∆","","","017","","01","ED3276R","","CNY","","22.70","","","",""," ≈∂ﬁ◊","","10","M","","9","","","9","790.00","","","","","","","","","","","25-00336","","","","","",""
"2025/10/14","2025/10/17","","801","áä◊Ø∑∞éYã∆","","","017","","01","ED3276R","","CNY","","22.70","","","",""," ≈∂ﬁ◊","","62","M","","9","","","9","790.00","","","","","","","","","","","25-00336","","","","","",""
"2025/10/14","2025/10/17","","801","áä◊Ø∑∞éYã∆","","","017","","01","ED3276R","","CNY","","22.70","","","",""," ≈∂ﬁ◊","","90","M","","9","","","9","790.00","","","","","","","","","","","25-00336","","","","","",""
"2025/10/14","2025/10/17","","801","áä◊Ø∑∞éYã∆","","","017","","01","ED3277R","","CNY","","22.70","","","",""," ≈∂ﬁ◊","","10","M","","9","","","9","880.00","","","","","","","","","","","25-00336","","","","","",""
"2025/10/14","2025/10/17","","801","áä◊Ø∑∞éYã∆","","","017","","01","ED3277R","","CNY","","22.70","","","",""," ≈∂ﬁ◊","","32","M","","9","","","9","880.00","","","","","","","","","","","25-00336","","","","","",""
"2025/10/14","2025/10/17","","801","áä◊Ø∑∞éYã∆","","","017","","01","ED3277R","","CNY","","22.70","","","",""," ≈∂ﬁ◊","","90","M","","9","","","9","880.00","","","","","","","","","","","25-00336","","","","","",""
"2025/10/14","2025/10/17","","801","áä◊Ø∑∞éYã∆","","","017","","01","ED3278R","","CNY","","22.70","","","","","¡™Ø∏∂ﬁ◊","","10","M","","9","","","9","765.00","","","","","","","","","","","25-00336","","","","","",""
"2025/10/14","2025/10/17","","801","áä◊Ø∑∞éYã∆","","","017","","01","ED3278R","","CNY","","22.70","","","","","¡™Ø∏∂ﬁ◊","","32","M","","9","","","9","765.00","","","","","","","","","","","25-00336","","","","","",""
"2025/10/14","2025/10/17","","801","áä◊Ø∑∞éYã∆","","","017","","01","ED3278R","","CNY","","22.70","","","","","¡™Ø∏∂ﬁ◊","","40","M","","9","","","9","765.00","","","","","","","","","","","25-00336","","","","","",""
"2025/10/14","2025/10/17","","801","áä◊Ø∑∞éYã∆","","","017","","01","ED3279R","","CNY","","22.70","","","","","ÿ∞Ã∂ﬁ◊","","10","M","","6","","","6","760.00","","","","","","","","","","","25-00336","","","","","",""
"2025/10/14","2025/10/17","","801","áä◊Ø∑∞éYã∆","","","017","","01","ED3279R","","CNY","","22.70","","","","","ÿ∞Ã∂ﬁ◊","","32","M","","6","","","6","760.00","","","","","","","","","","","25-00336","","","","","",""
"2025/10/14","2025/10/17","","801","áä◊Ø∑∞éYã∆","","","017","","01","ED3279R","","CNY","","22.70","","","","","ÿ∞Ã∂ﬁ◊","","62","M","","6","","","6","760.00","","","","","","","","","","","25-00336","","","","","",""
"2025/10/14","2025/10/17","","801","áä◊Ø∑∞éYã∆","","","017","","01","ED3280R","","CNY","","22.70","","","","","Œ∏µ≥Ã≥∂ﬁ◊","","11","M","","6","","","6","780.00","","","","","","","","","","","25-00336","","","","","",""
"2025/10/14","2025/10/17","","801","áä◊Ø∑∞éYã∆","","","017","","01","ED3280R","","CNY","","22.70","","","","","Œ∏µ≥Ã≥∂ﬁ◊","","32","M","","6","","","6","780.00","","","","","","","","","","","25-00336","","","","","",""
"2025/10/14","2025/10/17","","801","áä◊Ø∑∞éYã∆","","","017","","01","ED3280R","","CNY","","22.70","","","","","Œ∏µ≥Ã≥∂ﬁ◊","","80","M","","6","","","6","780.00","","","","","","","","","","","25-00336","","","","","",""
"2025/10/14","2025/10/17","","801","áä◊Ø∑∞éYã∆","","","017","","01","ED3281R","","CNY","","22.70","","","","","œœ","","40","M","","10","","","10","780.00","","","","","","","","","","","25-00336","","","","","",""
"2025/10/14","2025/10/17","","801","áä◊Ø∑∞éYã∆","","","017","","01","ED3281R","","CNY","","22.70","","","","","œœ","","62","M","","10","","","10","780.00","","","","","","","","","","","25-00336","","","","","",""
"2025/10/14","2025/10/17","","801","áä◊Ø∑∞éYã∆","","","017","","01","ED3282R","","CNY","","22.70","","","","","◊Ã¡™Ø∏∂ﬁ◊","","10","M","","10","","","10","850.00","","","","","","","","","","","25-00336","","","","","",""
"2025/10/14","2025/10/17","","801","áä◊Ø∑∞éYã∆","","","017","","01","ED3282R","","CNY","","22.70","","","","","◊Ã¡™Ø∏∂ﬁ◊","","80","M","","10","","","10","850.00","","","","","","","","","","","25-00336","","","","","",""
"2025/10/14","2025/10/17","","801","áä◊Ø∑∞éYã∆","","","017","","01","ED3282R","","CNY","","22.70","","","","","◊Ã¡™Ø∏∂ﬁ◊","","90","M","","10","","","10","850.00","","","","","","","","","","","25-00336","","","","","",""
"2025/10/14","2025/10/17","","801","áä◊Ø∑∞éYã∆","","","017","","01","ED3624R","","CNY","","22.70","","","",""," ﬂ ﬂ","","20","L","","10","","","10","830.00","","","","","","","","","","","25-00336","","","","","",""
"2025/10/14","2025/10/17","","801","áä◊Ø∑∞éYã∆","","","017","","01","ED3624R","","CNY","","22.70","","","",""," ﬂ ﬂ","","40","L","","10","","","10","830.00","","","","","","","","","","","25-00336","","","","","",""
"2025/10/14","2025/10/17","","801","áä◊Ø∑∞éYã∆","","","017","","01","EJ3239R","","CNY","","22.70","","","","","¡™Ø∏∂ﬁ◊","","10","M","","6","","","6","1400.00","","","","","","","","","","","25-00336","","","","","",""
"2025/10/14","2025/10/17","","801","áä◊Ø∑∞éYã∆","","","017","","01","EJ3239R","","CNY","","22.70","","","","","¡™Ø∏∂ﬁ◊","","70","M","","6","","","6","1400.00","","","","","","","","","","","25-00336","","","","","",""
"2025/10/14","2025/10/17","","801","áä◊Ø∑∞éYã∆","","","017","","01","EJ3240R","","CNY","","22.70","","","","","¡™Ø∏∂ﬁ◊","","10","M","","6","","","6","1020.00","","","","","","","","","","","25-00336","","","","","",""
"2025/10/14","2025/10/17","","801","áä◊Ø∑∞éYã∆","","","017","","01","EJ3240R","","CNY","","22.70","","","","","¡™Ø∏∂ﬁ◊","","32","M","","6","","","6","1020.00","","","","","","","","","","","25-00336","","","","","",""
"2025/10/14","2025/10/17","","801","áä◊Ø∑∞éYã∆","","","017","","01","EJ3240R","","CNY","","22.70","","","","","¡™Ø∏∂ﬁ◊","","40","M","","6","","","6","1020.00","","","","","","","","","","","25-00336","","","","","",""
"2025/10/14","2025/10/17","","801","áä◊Ø∑∞éYã∆","","","017","","01","EJ3241R","","CNY","","22.70","","","",""," ≈∂ﬁ◊","","11","M","","6","","","6","940.00","","","","","","","","","","","25-00336","","","","","",""
"2025/10/14","2025/10/17","","801","áä◊Ø∑∞éYã∆","","","017","","01","EJ3242R","","CNY","","22.70","","","",""," ≈∂ﬁ◊","","10","M","","6","","","6","960.00","","","","","","","","","","","25-00336","","","","","",""
"2025/10/14","2025/10/17","","801","áä◊Ø∑∞éYã∆","","","017","","01","EJ3242R","","CNY","","22.70","","","",""," ≈∂ﬁ◊","","62","M","","6","","","6","960.00","","","","","","","","","","","25-00336","","","","","",""
"2025/10/10","2025/12/24","","411","ìÏí ì°ìå","","","010","S3664","01","NF1036F","","CNY","","22.70","","","","","Ç©ÇÁÇæÇ…Ç¢ä‚","","80","00","","10","","","1200","18.30","","18.30","","","","","","","","","25-00337","","","","","",""
"2025/10/10","2025/12/24","","411","ìÏí ì°ìå","","","019","S3664","01","NF1036F","","CNY","","22.70","","","","","Ç©ÇÁÇæÇ…Ç¢ä‚","","80","00","","0","","","0","18.30","","18.30","","","","","","","","","25-00337","","","","","",""
"2025/10/10","2025/12/24","","411","ìÏí ì°ìå","","","010","S3664","01","NF1036F","","CNY","","22.70","","","","","Ç©ÇÁÇæÇ…Ç¢ä‚","","90","00","","10","","","900","18.30","","18.30","","","","","","","","","25-00337","","","","","",""
"2025/10/10","2025/12/24","","411","ìÏí ì°ìå","","","019","S3664","01","NF1036F","","CNY","","22.70","","","","","Ç©ÇÁÇæÇ…Ç¢ä‚","","90","00","","0","","","0","18.30","","18.30","","","","","","","","","25-00337","","","","","",""
"2025/10/10","2025/12/24","","411","ìÏí ì°ìå","","","010","S3664","01","NF1529F","","CNY","","22.70","","","","","Ç©ÇÁÇæÇ…Ç¢ä‚","","80","00","","10","","","750","18.80","","18.80","","","","","","","","","25-00337","","","","","",""
"2025/10/10","2025/12/24","","411","ìÏí ì°ìå","","","019","S3664","01","NF1529F","","CNY","","22.70","","","","","Ç©ÇÁÇæÇ…Ç¢ä‚","","80","00","","0","","","0","18.80","","18.80","","","","","","","","","25-00337","","","","","",""
"2025/10/10","2025/12/24","","411","ìÏí ì°ìå","","","010","S3664","01","NF1529F","","CNY","","22.70","","","","","Ç©ÇÁÇæÇ…Ç¢ä‚","","90","00","","10","","","900","18.80","","18.80","","","","","","","","","25-00337","","","","","",""
"2025/10/10","2025/12/24","","411","ìÏí ì°ìå","","","019","S3664","01","NF1529F","","CNY","","22.70","","","","","Ç©ÇÁÇæÇ…Ç¢ä‚","","90","00","","0","","","0","18.80","","18.80","","","","","","","","","25-00337","","","","","",""
"2025/10/14","2026/01/14","","437","êVìÏí ñ{èB","","","017","S3665","01","EH2085V","","CNY","","22.70","","","","","Õﬁ√®“Øº≠ ﬂ›¿","","90","M","","0","","","1050","19.10","","19.10","","","","","","","","","25-00338","","","","","",""
"2025/10/14","2026/01/14","","437","êVìÏí ñ{èB","","","017","S3665","01","EH2087V","","CNY","","22.70","","","","","SK ”›¡Ø¡“Øº≠","","10","M","","0","","","735","20.70","","20.70","","","","","","","","","25-00338","","","","","",""
"2025/10/14","2026/01/14","","437","êVìÏí ñ{èB","","","017","S3665","01","EH2088V","","CNY","","22.70","","","","","SR æﬁÃﬁ◊∑√®“Øº≠ ﬂ›¿","","90","M","","0","","","1365","18.90","","18.90","","","","","","","","","25-00338","","","","","",""
"2025/10/14","2026/01/14","","437","êVìÏí ñ{èB","","","017","S3665","01","EH2089V","","CNY","","22.70","","","","","SR ÀÆ≥∑√®“Øº≠ ﬂ›¿","","11","M","","0","","","1365","18.90","","18.90","","","","","","","","","25-00338","","","","","",""
"2025/10/14","2026/01/14","","437","êVìÏí ñ{èB","","","017","S3665","01","EJ2111V","","CNY","","22.70","","","","","SR∑√®ÀÆ≥∂ﬁ◊Œø”ØÃﬂ","","11","M","","0","","","1050","16.80","","16.80","","","","","","","","","25-00338","","","","","",""
"2025/10/14","2026/01/14","","437","êVìÏí ñ{èB","","","017","S3665","01","EJ2112V","","CNY","","22.70","","","","","SR ﬂ√®±›ƒﬁºﬁ–∞Œø”ØÃﬂ","","30","M","","0","","","735","17.75","","17.75","","","","","","","","","25-00338","","","","","",""
"2025/10/14","2026/01/14","","437","êVìÏí ñ{èB","","","017","S3665","01","EJ2115V","","CNY","","22.70","","","","","KE ∫Àﬁƒ¬ﬁ∂›Œø”ØÃﬂ","","70","M","","0","","","1050","17.50","","17.50","","","","","","","","","25-00338","","","","","",""
"2025/10/17","2026/01/14","","411","ìÏí ì°ìå","","","017","S3668","01","EJ2121F","","CNY","","22.70","","","","","DSÕﬁ≤œØ∏Ωç◊”ØÃﬂw","","61","M","","20","","","700","21.30","","21.30","","","","","","","","","25-00339","","","","","",""
"2025/10/17","2026/01/14","","411","ìÏí ì°ìå","","","990","S3668","01","EJ2121F","","CNY","","22.70","","","","","DSÕﬁ≤œØ∏Ωç◊”ØÃﬂw","","61","M","","1","","","1","21.30","","21.30","","","","","","","","","25-00339","","","","","",""
"2025/10/20","2025/11/25","","411","ìÏí ì°ìå","","","305","S3669","01","NS1418F","","CNY","","22.70","","","","","ïwêlÕﬁ∞ºØ∏ª›¿ﬁŸ","","61","S","","24","","","768","10.70","","10.70","","","","","","","","","25-00340","","","","","",""
"2025/10/20","2025/11/25","","411","ìÏí ì°ìå","","","305","S3669","01","NS1418F","","CNY","","22.70","","","","","ïwêlÕﬁ∞ºØ∏ª›¿ﬁŸ","","61","M","","24","","","768","10.70","","10.70","","","","","","","","","25-00340","","","","","",""
"2025/10/20","2025/11/25","","411","ìÏí ì°ìå","","","305","S3669","01","NS1418F","","CNY","","22.70","","","","","ïwêlÕﬁ∞ºØ∏ª›¿ﬁŸ","","61","L","","24","","","768","10.70","","10.70","","","","","","","","","25-00340","","","","","",""
"2025/10/20","2025/11/25","","411","ìÏí ì°ìå","","","305","S3669","01","NS1418F","","CNY","","22.70","","","","","ïwêlÕﬁ∞ºØ∏ª›¿ﬁŸ","","61","L","","24","","","768","10.70","","10.70","","","","","","","","","25-00340","","","","","",""
"2025/10/20","2025/11/25","","411","ìÏí ì°ìå","","","305","S3669","01","NS1418F","","CNY","","22.70","","","","","ïwêlÕﬁ∞ºØ∏ª›¿ﬁŸ","","80","S","","24","","","432","10.70","","10.70","","","","","","","","","25-00340","","","","","",""
"2025/10/20","2025/11/25","","411","ìÏí ì°ìå","","","305","S3669","01","NS1418F","","CNY","","22.70","","","","","ïwêlÕﬁ∞ºØ∏ª›¿ﬁŸ","","80","M","","24","","","432","10.70","","10.70","","","","","","","","","25-00340","","","","","",""
"2025/10/20","2025/11/25","","411","ìÏí ì°ìå","","","305","S3669","01","NS1418F","","CNY","","22.70","","","","","ïwêlÕﬁ∞ºØ∏ª›¿ﬁŸ","","80","L","","24","","","432","10.70","","10.70","","","","","","","","","25-00340","","","","","",""
"2025/10/20","2025/11/25","","411","ìÏí ì°ìå","","","305","S3669","01","NS1418F","","CNY","","22.70","","","","","ïwêlÕﬁ∞ºØ∏ª›¿ﬁŸ","","80","L","","24","","","432","10.70","","10.70","","","","","","","","","25-00340","","","","","",""
"2025/10/20","2025/11/25","","411","ìÏí ì°ìå","","","305","S3669","01","NS7634F","","CNY","","22.70","","","","","êaémÕﬁ∞ºØ∏ª›¿ﬁŸ","","32","M","","24","","","432","10.70","","10.70","","","","","","","","","25-00340","","","","","",""
"2025/10/20","2025/11/25","","411","ìÏí ì°ìå","","","305","S3669","01","NS7634F","","CNY","","22.70","","","","","êaémÕﬁ∞ºØ∏ª›¿ﬁŸ","","32","L","","24","","","432","10.70","","10.70","","","","","","","","","25-00340","","","","","",""
"2025/10/20","2025/11/25","","411","ìÏí ì°ìå","","","305","S3669","01","NS7634F","","CNY","","22.70","","","","","êaémÕﬁ∞ºØ∏ª›¿ﬁŸ","","32","L","","24","","","432","10.70","","10.70","","","","","","","","","25-00340","","","","","",""
"2025/10/20","2025/11/25","","411","ìÏí ì°ìå","","","305","S3669","01","NS7634F","","CNY","","22.70","","","","","êaémÕﬁ∞ºØ∏ª›¿ﬁŸ","","32","LL","","24","","","432","10.70","","10.70","","","","","","","","","25-00340","","","","","",""
"2025/10/20","2025/11/25","","411","ìÏí ì°ìå","","","305","S3669","01","NS7634F","","CNY","","22.70","","","","","êaémÕﬁ∞ºØ∏ª›¿ﬁŸ","","90","M","","24","","","624","10.70","","10.70","","","","","","","","","25-00340","","","","","",""
"2025/10/20","2025/11/25","","411","ìÏí ì°ìå","","","305","S3669","01","NS7634F","","CNY","","22.70","","","","","êaémÕﬁ∞ºØ∏ª›¿ﬁŸ","","90","L","","24","","","624","10.70","","10.70","","","","","","","","","25-00340","","","","","",""
"2025/10/20","2025/11/25","","411","ìÏí ì°ìå","","","305","S3669","01","NS7634F","","CNY","","22.70","","","","","êaémÕﬁ∞ºØ∏ª›¿ﬁŸ","","90","L","","24","","","624","10.70","","10.70","","","","","","","","","25-00340","","","","","",""
"2025/10/20","2025/11/25","","411","ìÏí ì°ìå","","","305","S3669","01","NS7634F","","CNY","","22.70","","","","","êaémÕﬁ∞ºØ∏ª›¿ﬁŸ","","90","LL","","24","","","624","10.70","","10.70","","","","","","","","","25-00340","","","","","",""
"2025/10/22","2025/12/22","","411","ìÏí ì°ìå","","","009","S3670R","01","ES3025F","","CNY","","22.70","","","","","BTSJ-HOPE","","30","M","","20","","","100","23.60","","23.60","","","","","","","","","25-00341","","","","","",""
"2025/10/22","2025/12/22","","411","ìÏí ì°ìå","","","990","S3670R","01","ES3025F","","CNY","","22.70","","","","","BTSJ-HOPE","","30","M","","0","","","3","23.60","","23.60","","","","","","","","","25-00341","","","","","",""
"2025/10/22","2025/12/22","","411","ìÏí ì°ìå","","","009","S3670R","01","ES3025F","","CNY","","22.70","","","","","BTSJ-HOPE","","30","L","","20","","","100","23.60","","23.60","","","","","","","","","25-00341","","","","","",""
"2025/10/22","2025/12/22","","411","ìÏí ì°ìå","","","990","S3670R","01","ES3025F","","CNY","","22.70","","","","","BTSJ-HOPE","","30","L","","0","","","0","23.60","","23.60","","","","","","","","","25-00341","","","","","",""
"2025/10/22","2025/12/22","","411","ìÏí ì°ìå","","","009","S3670R","01","ES3026F","","CNY","","22.70","","","","","BTSJIMIN","","11","M","","20","","","300","23.60","","23.60","","","","","","","","","25-00341","","","","","",""
"2025/10/22","2025/12/22","","411","ìÏí ì°ìå","","","990","S3670R","01","ES3026F","","CNY","","22.70","","","","","BTSJIMIN","","11","M","","0","","","3","23.60","","23.60","","","","","","","","","25-00341","","","","","",""
"2025/10/22","2025/12/22","","411","ìÏí ì°ìå","","","009","S3670R","01","ES3026F","","CNY","","22.70","","","","","BTSJIMIN","","11","L","","20","","","300","23.60","","23.60","","","","","","","","","25-00341","","","","","",""
"2025/10/22","2025/12/22","","411","ìÏí ì°ìå","","","990","S3670R","01","ES3026F","","CNY","","22.70","","","","","BTSJIMIN","","11","L","","0","","","0","23.60","","23.60","","","","","","","","","25-00341","","","","","",""
"2025/10/22","2025/12/22","","411","ìÏí ì°ìå","","","009","S3670R","01","ES3027F","","CNY","","22.70","","","","","BTS RM","","21","M","","20","","","100","23.60","","23.60","","","","","","","","","25-00341","","","","","",""
"2025/10/22","2025/12/22","","411","ìÏí ì°ìå","","","990","S3670R","01","ES3027F","","CNY","","22.70","","","","","BTS RM","","21","M","","0","","","3","23.60","","23.60","","","","","","","","","25-00341","","","","","",""
"2025/10/22","2025/12/22","","411","ìÏí ì°ìå","","","009","S3670R","01","ES3027F","","CNY","","22.70","","","","","BTS RM","","21","L","","20","","","100","23.60","","23.60","","","","","","","","","25-00341","","","","","",""
"2025/10/22","2025/12/22","","411","ìÏí ì°ìå","","","990","S3670R","01","ES3027F","","CNY","","22.70","","","","","BTS RM","","21","L","","0","","","0","23.60","","23.60","","","","","","","","","25-00341","","","","","",""
"2025/10/22","2025/12/22","","411","ìÏí ì°ìå","","","009","S3670R","01","ES3028F","","CNY","","22.70","","","","","BTS SUGA","","73","M","","20","","","200","23.60","","23.60","","","","","","","","","25-00341","","","","","",""
"2025/10/22","2025/12/22","","411","ìÏí ì°ìå","","","990","S3670R","01","ES3028F","","CNY","","22.70","","","","","BTS SUGA","","73","M","","0","","","3","23.60","","23.60","","","","","","","","","25-00341","","","","","",""
"2025/10/22","2025/12/22","","411","ìÏí ì°ìå","","","009","S3670R","01","ES3028F","","CNY","","22.70","","","","","BTS SUGA","","73","L","","20","","","200","23.60","","23.60","","","","","","","","","25-00341","","","","","",""
"2025/10/22","2025/12/22","","411","ìÏí ì°ìå","","","990","S3670R","01","ES3028F","","CNY","","22.70","","","","","BTS SUGA","","73","L","","0","","","0","23.60","","23.60","","","","","","","","","25-00341","","","","","",""
"2025/10/22","2025/12/22","","411","ìÏí ì°ìå","","","009","S3670R","01","ES3029F","","CNY","","22.70","","","","","BTS JINŒﬁ±ª›¿ﬁŸ","","70","M","","20","","","300","23.60","","23.60","","","","","","","","","25-00341","","","","","",""
"2025/10/22","2025/12/22","","411","ìÏí ì°ìå","","","990","S3670R","01","ES3029F","","CNY","","22.70","","","","","BTS JINŒﬁ±ª›¿ﬁŸ","","70","M","","0","","","3","23.60","","23.60","","","","","","","","","25-00341","","","","","",""
"2025/10/22","2025/12/22","","411","ìÏí ì°ìå","","","009","S3670R","01","ES3029F","","CNY","","22.70","","","","","BTS JINŒﬁ±ª›¿ﬁŸ","","70","L","","20","","","300","23.60","","23.60","","","","","","","","","25-00341","","","","","",""
"2025/10/22","2025/12/22","","411","ìÏí ì°ìå","","","990","S3670R","01","ES3029F","","CNY","","22.70","","","","","BTS JINŒﬁ±ª›¿ﬁŸ","","70","L","","0","","","0","23.60","","23.60","","","","","","","","","25-00341","","","","","",""
"2025/10/22","2025/12/22","","411","ìÏí ì°ìå","","","009","S3670R","01","ES3030F","","CNY","","22.70","","","","","BTS VŒﬁ±ª›¿ﬁŸ","","50","M","","20","","","500","23.60","","23.60","","","","","","","","","25-00341","","","","","",""
"2025/10/22","2025/12/22","","411","ìÏí ì°ìå","","","990","S3670R","01","ES3030F","","CNY","","22.70","","","","","BTS VŒﬁ±ª›¿ﬁŸ","","50","M","","0","","","3","23.60","","23.60","","","","","","","","","25-00341","","","","","",""
"2025/10/22","2025/12/22","","411","ìÏí ì°ìå","","","009","S3670R","01","ES3030F","","CNY","","22.70","","","","","BTS VŒﬁ±ª›¿ﬁŸ","","50","L","","20","","","600","23.60","","23.60","","","","","","","","","25-00341","","","","","",""
"2025/10/22","2025/12/22","","411","ìÏí ì°ìå","","","990","S3670R","01","ES3030F","","CNY","","22.70","","","","","BTS VŒﬁ±ª›¿ﬁŸ","","50","L","","0","","","0","23.60","","23.60","","","","","","","","","25-00341","","","","","",""
"2025/10/22","2025/12/22","","411","ìÏí ì°ìå","","","009","S3670R","01","ES3031F","","CNY","","22.70","","","","","BTSJUNGKOOK","","31","M","","20","","","500","23.60","","23.60","","","","","","","","","25-00341","","","","","",""
"2025/10/22","2025/12/22","","411","ìÏí ì°ìå","","","990","S3670R","01","ES3031F","","CNY","","22.70","","","","","BTSJUNGKOOK","","31","M","","0","","","3","23.60","","23.60","","","","","","","","","25-00341","","","","","",""
"2025/10/22","2025/12/22","","411","ìÏí ì°ìå","","","009","S3670R","01","ES3031F","","CNY","","22.70","","","","","BTSJUNGKOOK","","31","L","","20","","","600","23.60","","23.60","","","","","","","","","25-00341","","","","","",""
"2025/10/22","2025/12/22","","411","ìÏí ì°ìå","","","990","S3670R","01","ES3031F","","CNY","","22.70","","","","","BTSJUNGKOOK","","31","L","","0","","","0","23.60","","23.60","","","","","","","","","25-00341","","","","","",""
"2025/10/21","2025/11/17","","437","êVìÏí ñ{èB","","","007","S3671","01","EJ3176V","","CNY","","22.70","","","","","≥ª∑ﬁÅ@FH","","11","M","","20","","","80","17.45","","17.45","","","","","","","","","25-00342","","","","","",""
"2025/10/21","2025/11/17","","437","êVìÏí ñ{èB","","","007","S3671","01","EJ3177V","","CNY","","22.70","","","","","»∞—Å@FH","","10","M","","25","","","50","17.50","","17.50","","","","","","","","","25-00342","","","","","",""
"2025/10/21","2025/11/17","","437","êVìÏí ñ{èB","","","007","S3671","01","EJ3177V","","CNY","","22.70","","","","","»∞—Å@FH","","90","L","","25","","","50","17.85","","17.85","","","","","","","","","25-00342","","","","","",""
"2025/10/21","2025/11/17","","437","êVìÏí ñ{èB","","","007","S3671","01","EJ3178V","","CNY","","22.70","","","",""," ﬂ›¿ﬁ FH","","60","M","","25","","","50","17.50","","17.50","","","","","","","","","25-00342","","","","","",""
"2025/10/21","2025/11/17","","437","êVìÏí ñ{èB","","","007","S3671","01","EJ3179V","","CNY","","22.70","","","","","∏œ FH","","40","M","","25","","","50","17.50","","17.50","","","","","","","","","25-00342","","","","","",""
"2025/10/21","2025/11/17","","437","êVìÏí ñ{èB","","","007","S3671","01","EJ3180V","","CNY","","22.70","","","","","–π»∫ FH","","41","M","","20","","","100","17.85","","17.85","","","","","","","","","25-00342","","","","","",""
"2025/10/21","2025/11/17","","437","êVìÏí ñ{èB","","","007","S3671","01","EJ3563V","","CNY","","22.70","","","","","ƒ◊Å@FH","","70","L","","20","","","80","17.65","","17.65","","","","","","","","","25-00342","","","","","",""
"2025/10/21","2025/11/17","","437","êVìÏí ñ{èB","","","007","S3671","01","EJ3564V","","CNY","","22.70","","","","","ª”¥ƒﬁ FH","","80","L","","20","","","100","17.65","","17.65","","","","","","","","","25-00342","","","","","",""
"2025/10/21","2025/11/17","","181","ä¬ãÖË‹ã∆","","","007","S3672","01","ED3238H","","US","","161.00","","","","","4KD ≤¡∫ﬁ»∫","","11","M","","20","","","80","10.65","","10.65","","","","","","","","","25-00343","","","","","",""
"2025/10/21","2025/11/17","","181","ä¬ãÖË‹ã∆","","","007","S3672","01","ED3241H","","CNY","","22.70","","","","","4KD Ã⁄∞“›»∫","","70","M","","20","","","60","10.65","","10.65","","","","","","","","","25-00343","","","","","",""
"2025/10/21","2025/11/17","","181","ä¬ãÖË‹ã∆","","","007","S3672","01","ED3243H","","CNY","","22.70","","","","","œ«Ÿ»∫Å@4KD","","62","M","","20","","","80","10.65","","10.65","","","","","","","","","25-00343","","","","","",""
"2025/10/21","2025/11/17","","181","ä¬ãÖË‹ã∆","","","007","S3672","01","ED3610H","","CNY","","22.70","","","","","4KD Œ‹≤ƒ¿≤∂ﬁ∞","","40","L","","20","","","80","10.65","","10.65","","","","","","","","","25-00343","","","","","",""
"2025/10/21","2025/11/17","","181","ä¬ãÖË‹ã∆","","","007","S3672","01","ED3611H","","US","","161.00","","","","","4KD –∂›≤«","","20","L","","20","","","80","10.65","","10.65","","","","","","","","","25-00343","","","","","",""
"2025/10/21","2025/11/17","","181","ä¬ãÖË‹ã∆","","","007","S3672","01","ED3613H","","CNY","","22.70","","","","","4KD Ã⁄∞“›∏œ","","90","L","","20","","","60","10.65","","10.65","","","","","","","","","25-00343","","","","","",""
"2025/10/21","2025/11/17","","181","ä¬ãÖË‹ã∆","","","007","S3672","01","ED3614H","","CNY","","22.70","","","","","⁄Øª∞ ﬂ›¿ﬁ 4KD","","80","L","","20","","","80","10.65","","10.65","","","","","","","","","25-00343","","","","","",""
"2025/10/23","2025/10/21","","336","DEPARTURES","","","007","","01","EZ3030A","","CNY","","22.70","","","","","∂¡µ›◊ÀﬁØƒÃß∞∂πÃﬁƒ›","","40","00","","0","","","900","2145.00","","","","","","","","","","","25-00344","","","","","",""
"2025/10/23","2025/10/21","","336","DEPARTURES","","","007","","01","EZ3030A","","CNY","","22.70","","","","","∂¡µ›◊ÀﬁØƒÃß∞∂πÃﬁƒ›","","80","00","","0","","","900","2145.00","","","","","","","","","","","25-00344","","","","","",""
"2025/10/23","2025/10/21","","336","DEPARTURES","","","007","","01","EZ3031A","","CNY","","22.70","","","","","∂¡µ›◊ÀﬁØƒÃß∞º∑ ﬂØƒ","","40","00","","0","","","900","1194.00","","","","","","","","","","","25-00344","","","","","",""
"2025/10/23","2025/10/21","","336","DEPARTURES","","","007","","01","EZ3031A","","CNY","","22.70","","","","","∂¡µ›◊ÀﬁØƒÃß∞º∑ ﬂØƒ","","80","00","","0","","","900","1194.00","","","","","","","","","","","25-00344","","","","","",""
"2025/10/23","2025/10/21","","336","DEPARTURES","","","007","","01","EZ3032A","","CNY","","22.70","","","","","∂¡µ›◊ÀﬁØƒÃß∞œ∏◊ ﬂØƒ","","40","00","","0","","","900","234.00","","","","","","","","","","","25-00344","","","","","",""
"2025/10/23","2025/10/21","","336","DEPARTURES","","","007","","01","EZ3032A","","CNY","","22.70","","","","","∂¡µ›◊ÀﬁØƒÃß∞œ∏◊ ﬂØƒ","","80","00","","0","","","900","234.00","","","","","","","","","","","25-00344","","","","","",""
"2025/10/23","2025/10/21","","336","DEPARTURES","","","007","","01","EZ3033A","","CNY","","22.70","","","","","∂¡µ›◊ÀﬁØƒÃß∞œ∏◊ ﬂØƒ","","40","00","","0","","","900","234.00","","","","","","","","","","","25-00344","","","","","",""
"2025/10/23","2025/10/21","","336","DEPARTURES","","","007","","01","EZ3033A","","CNY","","22.70","","","","","∂¡µ›◊ÀﬁØƒÃß∞œ∏◊ ﬂØƒ","","80","00","","0","","","900","234.00","","","","","","","","","","","25-00344","","","","","",""
"2025/10/23","2025/11/20","","213","å‹êØûjöºûÀ","","","007","S3674","01","EA3016L","","CNY","","22.70","","","",""," ØÀﬂ∞¬ÿ∫– —ºﬁ","","10","M","","0","","","2680","1.07","","1.07","","","","","","","","","25-00345","","","","","",""
"2025/10/23","2025/11/20","","213","å‹êØûjöºûÀ","","","007","S3674","01","EA3016L","","CNY","","22.70","","","",""," ØÀﬂ∞¬ÿ∫– —ºﬁ","","20","M","","0","","","2680","1.07","","1.07","","","","","","","","","25-00345","","","","","",""
"2025/10/23","2025/11/20","","213","å‹êØûjöºûÀ","","","007","S3674","01","EA3016L","","CNY","","22.70","","","",""," ØÀﬂ∞¬ÿ∫– —ºﬁ","","32","M","","0","","","4080","1.07","","1.07","","","","","","","","","25-00345","","","","","",""
"2025/10/23","2025/11/20","","213","å‹êØûjöºûÀ","","","007","S3674","01","EA3016L","","CNY","","22.70","","","",""," ØÀﬂ∞¬ÿ∫– —ºﬁ","","41","M","","0","","","2600","1.07","","1.07","","","","","","","","","25-00345","","","","","",""
"2025/10/23","2025/11/20","","213","å‹êØûjöºûÀ","","","007","S3674","01","EA3016L","","CNY","","22.70","","","",""," ØÀﬂ∞¬ÿ∫– —ºﬁ","","62","M","","0","","","2080","1.07","","1.07","","","","","","","","","25-00345","","","","","",""
"2025/10/24","2025/12/11","","437","êVìÏí ñ{èB","","","017","S3675","01","EJ3573V","","CNY","","22.70","","","","","SR ∑√®ÀÆ≥","","40","L","","20","","","500","18.10","","18.10","","","","","","","","","25-00346","","","","","",""
"2025/10/24","2025/12/11","","437","êVìÏí ñ{èB","","","017","S3675","01","EJ3574V","","CNY","","22.70","","","","","SR ∑√®æﬁÃﬁ◊","","80","L","","20","","","500","18.60","","18.60","","","","","","","","","25-00346","","","","","",""
"2025/10/27","2025/11/26","","411","ìÏí ì°ìå","","","019","S3678","01","NC1702F","","CNY","","22.70","","","","","—ºﬁ","","62","00","","30","","","1500","9.30","","9.30","","","","","","","","","25-00347","","","","","",""
"2025/10/27","2025/11/26","","411","ìÏí ì°ìå","","","019","S3678","01","NC1702F","","CNY","","22.70","","","","","—ºﬁ","","62","00","","0","","","0","9.30","","9.30","","","","","","","","","25-00347","","","","","",""
"2025/10/27","2026/01/14","","433","ìÏí å‹êØ","","","019","S3676","01","BD2700L","","CNY","","22.70","","","","","ECÇÕÇÁÇÿÇ±Ç†Ç®ÇﬁÇµ⁄ªﬁ∞éqãü","","10","S","","30","","","630","12.79","","12.79","","","","","","","","","25-00348","","","","","",""
"2025/10/27","2026/01/14","","433","ìÏí å‹êØ","","","019","S3676","01","BD2700L","","CNY","","22.70","","","","","ECÇÕÇÁÇÿÇ±Ç†Ç®ÇﬁÇµ⁄ªﬁ∞éqãü","","30","S","","30","","","630","12.79","","12.79","","","","","","","","","25-00348","","","","","",""
"2025/10/27","2025/12/12","","437","êVìÏí ñ{èB","","","009","S3677","01","CE2028V","","CNY","","22.70","","","","","—ºﬁ","","90","M","","30","","","2010","15.30","","15.30","","","","","","","","","25-00349","","","","","",""
"2025/10/27","2025/12/12","","437","êVìÏí ñ{èB","","","009","S3677","01","CE2028V","","CNY","","22.70","","","","","—ºﬁ","","90","L","","30","","","2010","16.20","","16.20","","","","","","","","","25-00349","","","","","",""
"2025/11/13","2025/11/21","","105","ã‡êX","","","007","S3680R+A","01","EA3017W","","CNY","","22.70","","","","","ÃƒÿÃﬁ","","32","M","","0","","","2900","6.55","","6.55","","","","","","","","","25-00350","","","","","",""
"2025/11/13","2025/11/21","","105","ã‡êX","","","807","S3680R+A","01","EA3017W","","CNY","","22.70","","","","","ÃƒÿÃﬁ","","32","M","","20","","","5800","6.55","","6.55","","","","","","","","","25-00350","","","","","",""
"2025/11/13","2025/11/21","","105","ã‡êX","","","007","S3680R+A","01","EA3017W","","CNY","","22.70","","","","","ÃƒÿÃﬁ","","42","M","","0","","","2900","6.55","","6.55","","","","","","","","","25-00350","","","","","",""
"2025/11/13","2025/11/21","","105","ã‡êX","","","807","S3680R+A","01","EA3017W","","CNY","","22.70","","","","","ÃƒÿÃﬁ","","42","M","","20","","","5800","6.55","","6.55","","","","","","","","","25-00350","","","","","",""
"2025/11/13","2025/11/21","","105","ã‡êX","","","007","S3680R+A","01","EA3018W","","CNY","","22.70","","","","","ŒøÿÃﬁ","","22","M","","0","","","2900","6.55","","6.55","","","","","","","","","25-00350","","","","","",""
"2025/11/13","2025/11/21","","105","ã‡êX","","","807","S3680R+A","01","EA3018W","","CNY","","22.70","","","","","ŒøÿÃﬁ","","22","M","","20","","","5800","6.55","","6.55","","","","","","","","","25-00350","","","","","",""
"2025/11/13","2025/11/21","","105","ã‡êX","","","007","S3680R+A","01","EA3018W","","CNY","","22.70","","","","","ŒøÿÃﬁ","","32","M","","0","","","2900","6.55","","6.55","","","","","","","","","25-00350","","","","","",""
"2025/11/13","2025/11/21","","105","ã‡êX","","","807","S3680R+A","01","EA3018W","","CNY","","22.70","","","","","ŒøÿÃﬁ","","32","M","","20","","","5800","6.55","","6.55","","","","","","","","","25-00350","","","","","",""
"2025/11/13","2025/11/21","","105","ã‡êX","","","007","S3680R+A","01","EA3018W","","CNY","","22.70","","","","","ŒøÿÃﬁ","","20","M","","0","","","2900","6.55","","6.55","","","","","","","","","25-00350","","","","","",""
"2025/11/13","2025/11/21","","105","ã‡êX","","","807","S3680R+A","01","EA3018W","","CNY","","22.70","","","","","ŒøÿÃﬁ","","20","M","","20","","","5800","6.55","","6.55","","","","","","","","","25-00350","","","","","",""
"2025/11/13","2025/11/21","","105","ã‡êX","","","007","S3680R+A","01","EA3019W","","CNY","","22.70","","","","","—ºﬁ","","11","M","","0","","","2900","6.55","","6.55","","","","","","","","","25-00350","","","","","",""
"2025/11/13","2025/11/21","","105","ã‡êX","","","807","S3680R+A","01","EA3019W","","CNY","","22.70","","","","","—ºﬁ","","11","M","","20","","","5800","6.55","","6.55","","","","","","","","","25-00350","","","","","",""
"2025/11/13","2025/11/21","","105","ã‡êX","","","007","S3680R+A","01","EA3019W","","CNY","","22.70","","","","","—ºﬁ","","30","M","","0","","","2900","6.55","","6.55","","","","","","","","","25-00350","","","","","",""
"2025/11/13","2025/11/21","","105","ã‡êX","","","807","S3680R+A","01","EA3019W","","CNY","","22.70","","","","","—ºﬁ","","30","M","","20","","","5800","6.55","","6.55","","","","","","","","","25-00350","","","","","",""
"2025/11/13","2025/11/21","","105","ã‡êX","","","007","S3680R+A","01","EA3019W","","CNY","","22.70","","","","","—ºﬁ","","40","M","","0","","","2900","6.55","","6.55","","","","","","","","","25-00350","","","","","",""
"2025/11/13","2025/11/21","","105","ã‡êX","","","807","S3680R+A","01","EA3019W","","CNY","","22.70","","","","","—ºﬁ","","40","M","","20","","","5800","6.55","","6.55","","","","","","","","","25-00350","","","","","",""
"2025/11/13","2025/11/21","","105","ã‡êX","","","007","S3680R+A","01","EA3019W","","CNY","","22.70","","","","","—ºﬁ","","62","M","","0","","","2900","6.55","","6.55","","","","","","","","","25-00350","","","","","",""
"2025/11/13","2025/11/21","","105","ã‡êX","","","807","S3680R+A","01","EA3019W","","CNY","","22.70","","","","","—ºﬁ","","62","M","","20","","","5800","6.55","","6.55","","","","","","","","","25-00350","","","","","",""
"2025/10/28","2025/12/08","","437","êVìÏí ñ{èB","","","017","S3679","01","EZ2096V","","CNY","","22.70","","","","","π≤¿≤¬ÿ∫–ΩÿØ ﬂÿŒﬁ›","","90","M","","20","","","300","16.40","","16.40","","","","","","","","","25-00351","","","","","",""
"2025/11/20","2026/01/26","","437","êVìÏí ñ{èB","","","017","S3699R","01","FH2092V","","CNY","","22.70","","","","","SB ÃﬁÿÃﬁÿªﬁ¥”›“Øº≠ ﬂ›¿","","50","M","","20","","","500","18.35","","18.35","","","","","","","","","25-00352","","","","","",""
"2025/11/20","2026/01/26","","437","êVìÏí ñ{èB","","","990","S3699R","01","FH2092V","","CNY","","22.70","","","","","SB ÃﬁÿÃﬁÿªﬁ¥”›“Øº≠ ﬂ›¿","","50","M","","0","","","7","18.35","","18.35","","","","","","","","","25-00352","","","","","",""
"2025/11/20","2026/01/26","","437","êVìÏí ñ{èB","","","017","S3699R","01","FH2099V","","CNY","","22.70","","","","","SR  ﬁ¬œŸ ﬂ›¿€›","","90","M","","20","","","500","18.50","","18.50","","","","","","","","","25-00352","","","","","",""
"2025/11/20","2026/01/26","","437","êVìÏí ñ{èB","","","990","S3699R","01","FH2099V","","CNY","","22.70","","","","","SR  ﬁ¬œŸ ﬂ›¿€›","","90","M","","0","","","0","18.50","","18.50","","","","","","","","","25-00352","","","","","",""
"2025/11/20","2026/01/26","","437","êVìÏí ñ{èB","","","017","S3699R","01","FH2100V","","CNY","","22.70","","","","","SR  ﬂ√®ºﬁ–“Øº≠ ﬂ›¿","","10","M","","20","","","500","18.50","","18.50","","","","","","","","","25-00352","","","","","",""
"2025/11/20","2026/01/26","","437","êVìÏí ñ{èB","","","990","S3699R","01","FH2100V","","CNY","","22.70","","","","","SR  ﬂ√®ºﬁ–“Øº≠ ﬂ›¿","","10","M","","0","","","0","18.50","","18.50","","","","","","","","","25-00352","","","","","",""
"2025/11/20","2026/01/26","","437","êVìÏí ñ{èB","","","017","S3699R","01","FH2101V","","CNY","","22.70","","","","","KOµÃﬁ›∏ﬁƒ≤ØºÆ“Øº≠ ﬂ›¿","","20","M","","20","","","500","18.50","","18.50","","","","","","","","","25-00352","","","","","",""
"2025/11/20","2026/01/26","","437","êVìÏí ñ{èB","","","990","S3699R","01","FH2101V","","CNY","","22.70","","","","","KOµÃﬁ›∏ﬁƒ≤ØºÆ“Øº≠ ﬂ›¿","","20","M","","0","","","2","18.50","","18.50","","","","","","","","","25-00352","","","","","",""
"2025/11/20","2026/01/26","","437","êVìÏí ñ{èB","","","017","S3699R","01","FH2103V","","CNY","","22.70","","","","","SR ∏€–“Øº≠ ﬂ›¿€›","","50","M","","20","","","500","18.30","","18.30","","","","","","","","","25-00352","","","","","",""
"2025/11/20","2026/01/26","","437","êVìÏí ñ{èB","","","990","S3699R","01","FH2103V","","CNY","","22.70","","","","","SR ∏€–“Øº≠ ﬂ›¿€›","","50","M","","0","","","0","18.30","","18.30","","","","","","","","","25-00352","","","","","",""
"2025/11/20","2026/01/26","","437","êVìÏí ñ{èB","","","017","S3699R","01","FJ2084V","","CNY","","22.70","","","","","KE Õﬁ√®Ãﬁ∞ÃﬂŒø”ØÃﬂ","","90","M","","20","","","800","17.00","","17.00","","","","","","","","","25-00352","","","","","",""
"2025/11/20","2026/01/26","","437","êVìÏí ñ{èB","","","990","S3699R","01","FJ2084V","","CNY","","22.70","","","","","KE Õﬁ√®Ãﬁ∞ÃﬂŒø”ØÃﬂ","","90","M","","0","","","2","17.00","","17.00","","","","","","","","","25-00352","","","","","",""
"2025/11/20","2026/01/26","","437","êVìÏí ñ{èB","","","017","S3699R","01","FJ2085V","","CNY","","22.70","","","","","SK”›¡Ø¡Œø”ØÃﬂ","","62","M","","20","","","500","17.25","","17.25","","","","","","","","","25-00352","","","","","",""
"2025/11/20","2026/01/26","","437","êVìÏí ñ{èB","","","990","S3699R","01","FJ2085V","","CNY","","22.70","","","","","SK”›¡Ø¡Œø”ØÃﬂ","","62","M","","0","","","3","17.25","","17.25","","","","","","","","","25-00352","","","","","",""
"2025/11/20","2026/01/26","","437","êVìÏí ñ{èB","","","017","S3699R","01","FJ2086V","","CNY","","22.70","","","","","SB º›¡¨›‹∆‘œª›","","20","M","","20","","","500","18.20","","18.20","","","","","","","","","25-00352","","","","","",""
"2025/11/20","2026/01/26","","437","êVìÏí ñ{èB","","","990","S3699R","01","FJ2086V","","CNY","","22.70","","","","","SB º›¡¨›‹∆‘œª›","","20","M","","0","","","7","18.20","","18.20","","","","","","","","","25-00352","","","","","",""
"2025/11/20","2026/01/26","","437","êVìÏí ñ{èB","","","017","S3699R","01","FJ2087V","","CNY","","22.70","","","","","SX ÿ◊Ø∏œŒø”ØÃﬂ","","40","M","","20","","","500","15.00","","15.00","","","","","","","","","25-00352","","","","","",""
"2025/11/20","2026/01/26","","437","êVìÏí ñ{èB","","","990","S3699R","01","FJ2087V","","CNY","","22.70","","","","","SX ÿ◊Ø∏œŒø”ØÃﬂ","","40","M","","0","","","3","15.00","","15.00","","","","","","","","","25-00352","","","","","",""
"2025/11/20","2026/01/26","","437","êVìÏí ñ{èB","","","017","S3699R","01","FJ2088V","","CNY","","22.70","","","","","SR æﬁÃﬁ◊∑√®Œø”ØÃﬂ","","90","M","","20","","","1000","16.70","","16.70","","","","","","","","","25-00352","","","","","",""
"2025/11/20","2026/01/26","","437","êVìÏí ñ{èB","","","990","S3699R","01","FJ2088V","","CNY","","22.70","","","","","SR æﬁÃﬁ◊∑√®Œø”ØÃﬂ","","90","M","","0","","","0","16.70","","16.70","","","","","","","","","25-00352","","","","","",""
"2025/11/20","2026/01/26","","437","êVìÏí ñ{èB","","","017","S3699R","01","FJ2089V","","CNY","","22.70","","","","","KO µÃﬁ›∏ﬁƒ≤ØºÆ Œø”ØÃﬂ","","62","M","","20","","","500","15.95","","15.95","","","","","","","","","25-00352","","","","","",""
"2025/11/20","2026/01/26","","437","êVìÏí ñ{èB","","","990","S3699R","01","FJ2089V","","CNY","","22.70","","","","","KO µÃﬁ›∏ﬁƒ≤ØºÆ Œø”ØÃﬂ","","62","M","","0","","","2","15.95","","15.95","","","","","","","","","25-00352","","","","","",""
"2025/10/30","2026/03/09","","437","êVìÏí ñ{èB","","","017","S3692R","01","EH2095V","","CNY","","22.70","","","","","SR∑√® ¿π","","60","M","","20","","","500","17.50","","17.50","","","","","","","","","25-00353","","","","","",""
"2025/10/30","2026/03/09","","437","êVìÏí ñ{èB","","","990","S3692R","01","EH2095V","","CNY","","22.70","","","","","SR∑√® ¿π","","60","M","","0","","","0","17.50","","17.50","","","","","","","","","25-00353","","","","","",""
"2025/10/30","2026/03/09","","437","êVìÏí ñ{èB","","","017","S3692R","01","FH2089V","","CNY","","22.70","","","","","KE Õﬁ√®Ãﬁ∞Ãﬂ ¿π","","90","M","","20","","","500","17.65","","17.65","","","","","","","","","25-00353","","","","","",""
"2025/10/30","2026/03/09","","437","êVìÏí ñ{èB","","","990","S3692R","01","FH2089V","","CNY","","22.70","","","","","KE Õﬁ√®Ãﬁ∞Ãﬂ ¿π","","90","M","","0","","","2","17.65","","17.65","","","","","","","","","25-00353","","","","","",""
"2025/10/30","2026/03/09","","437","êVìÏí ñ{èB","","","017","S3692R","01","FH2093V","","CNY","","22.70","","","","","SK ”›¡Ø¡√›»› ﬂ›¿","","10","M","","20","","","500","17.45","","17.45","","","","","","","","","25-00353","","","","","",""
"2025/10/30","2026/03/09","","437","êVìÏí ñ{èB","","","990","S3692R","01","FH2093V","","CNY","","22.70","","","","","SK ”›¡Ø¡√›»› ﬂ›¿","","10","M","","0","","","3","17.45","","17.45","","","","","","","","","25-00353","","","","","",""
"2025/10/30","2026/03/09","","437","êVìÏí ñ{èB","","","017","S3692R","01","FH2094V","","CNY","","22.70","","","","","SR À‘π∑√®ÀÆ≥√›»› ﬂ›¿","","40","M","","20","","","700","18.60","","18.60","","","","","","","","","25-00353","","","","","",""
"2025/10/30","2026/03/09","","437","êVìÏí ñ{èB","","","990","S3692R","01","FH2094V","","CNY","","22.70","","","","","SR À‘π∑√®ÀÆ≥√›»› ﬂ›¿","","40","M","","0","","","0","18.60","","18.60","","","","","","","","","25-00353","","","","","",""
"2025/10/30","2026/03/09","","437","êVìÏí ñ{èB","","","017","S3692R","01","FH2102V","","CNY","","22.70","","","","","SR ›∑ﬁÆƒﬁ›Å@¿π","","31","M","","20","","","700","17.10","","17.10","","","","","","","","","25-00353","","","","","",""
"2025/10/30","2026/03/09","","437","êVìÏí ñ{èB","","","990","S3692R","01","FH2102V","","CNY","","22.70","","","","","SR ›∑ﬁÆƒﬁ›Å@¿π","","31","M","","0","","","0","17.10","","17.10","","","","","","","","","25-00353","","","","","",""
"2025/10/30","2026/03/09","","437","êVìÏí ñ{èB","","","017","S3692R","01","FH2105V","","CNY","","22.70","","","","","SR ﬂ√®±›ƒﬁºﬁ–-Å@¿π","","61","M","","20","","","500","17.20","","17.20","","","","","","","","","25-00353","","","","","",""
"2025/10/30","2026/03/09","","437","êVìÏí ñ{èB","","","990","S3692R","01","FH2105V","","CNY","","22.70","","","","","SR ﬂ√®±›ƒﬁºﬁ–-Å@¿π","","61","M","","0","","","0","17.20","","17.20","","","","","","","","","25-00353","","","","","",""
"2025/10/30","2026/01/14","","437","êVìÏí ñ{èB","","","017","S3682","01","EH3101V","","CNY","","22.70","","","","","BO ◊∏ﬁ±≥ƒÃÿŸ ﬂ›¿€›","","11","M","","20","","","200","18.20","","18.20","","","","","","","","","25-00354","","","","","",""
"2025/10/30","2026/01/14","","437","êVìÏí ñ{èB","","","017","S3682","01","EH3101V","","CNY","","22.70","","","","","BO ◊∏ﬁ±≥ƒÃÿŸ ﬂ›¿€›","","80","M","","20","","","200","18.20","","18.20","","","","","","","","","25-00354","","","","","",""
"2025/10/30","2026/01/14","","437","êVìÏí ñ{èB","","","017","S3682","01","EH3101V","","CNY","","22.70","","","","","BO ◊∏ﬁ±≥ƒÃÿŸ ﬂ›¿€›","","90","M","","20","","","200","18.20","","18.20","","","","","","","","","25-00354","","","","","",""
"2025/10/30","2026/01/14","","437","êVìÏí ñ{èB","","","017","S3682","01","FH2104V","","CNY","","22.70","","","","","BO ◊∏ﬁ±≥ƒÿŒﬁ› ≤∂Øƒ","","80","M","","20","","","400","18.50","","18.50","","","","","","","","","25-00354","","","","","",""
"2025/10/30","2026/01/14","","437","êVìÏí ñ{èB","","","017","S3682","01","FH2107V","","CNY","","22.70","","","","","BO ◊∏ﬁ±≥ƒ»ºﬁÿ ≤∂Øƒ","","80","M","","20","","","200","19.40","","19.40","","","","","","","","","25-00354","","","","","",""
"2025/10/30","2026/01/14","","437","êVìÏí ñ{èB","","","017","S3682","01","FH2107V","","CNY","","22.70","","","","","BO ◊∏ﬁ±≥ƒ»ºﬁÿ ≤∂Øƒ","","90","M","","20","","","200","19.40","","19.40","","","","","","","","","25-00354","","","","","",""
"2025/10/30","2026/01/14","","437","êVìÏí ñ{èB","","","017","S3682","01","FH2108V","","CNY","","22.70","","","","","BO ◊∏ﬁ±≥ƒÿŒﬁ›¬∑Œﬁ± ﬂ›¿","","11","M","","20","","","500","16.85","","16.85","","","","","","","","","25-00354","","","","","",""
"2025/10/30","2026/01/14","","437","êVìÏí ñ{èB","","","017","S3682","01","FH2108V","","CNY","","22.70","","","","","BO ◊∏ﬁ±≥ƒÿŒﬁ›¬∑Œﬁ± ﬂ›¿","","60","M","","20","","","400","16.85","","16.85","","","","","","","","","25-00354","","","","","",""
"2025/10/30","2026/01/14","","437","êVìÏí ñ{èB","","","017","S3682","01","FH2108V","","CNY","","22.70","","","","","BO ◊∏ﬁ±≥ƒÿŒﬁ›¬∑Œﬁ± ﬂ›¿","","80","M","","20","","","500","16.85","","16.85","","","","","","","","","25-00354","","","","","",""
"2025/10/30","2026/01/14","","437","êVìÏí ñ{èB","","","017","S3682","01","FH2108V","","CNY","","22.70","","","","","BO ◊∏ﬁ±≥ƒÿŒﬁ›¬∑Œﬁ± ﬂ›¿","","90","M","","20","","","500","16.85","","16.85","","","","","","","","","25-00354","","","","","",""
"2025/10/30","2026/01/14","","437","êVìÏí ñ{èB","","","017","S3682","01","FH2109V","","CNY","","22.70","","","","","BO ◊∏ﬁ±≥ƒ¬≤∞ƒﬁÃÿŸ ﬂ›¿","","70","M","","20","","","200","17.80","","17.80","","","","","","","","","25-00354","","","","","",""
"2025/10/30","2026/01/14","","437","êVìÏí ñ{èB","","","017","S3682","01","FH2109V","","CNY","","22.70","","","","","BO ◊∏ﬁ±≥ƒ¬≤∞ƒﬁÃÿŸ ﬂ›¿","","90","M","","20","","","200","17.80","","17.80","","","","","","","","","25-00354","","","","","",""
"2025/11/04","2025/12/24","","437","êVìÏí ñ{èB","","","017","S3683R","01","EH3091V","","CNY","","22.70","","","","","SR À‘π∑√®æﬁÃﬁ◊ ≤∂Øƒ","","90","M","","20","","","640","19.60","","19.60","","","","","","","","","25-00355","","","","","",""
"2025/11/04","2025/12/24","","437","êVìÏí ñ{èB","","","017","S3683R","01","EH3093V","","CNY","","22.70","","","","","SR ÀÆ≥∂ﬁ◊∑√® ≤∂Øƒ","","11","M","","20","","","500","19.10","","19.10","","","","","","","","","25-00355","","","","","",""
"2025/11/05","2026/01/05","","437","êVìÏí ñ{èB","","","017","S3684","01","EH3083V","","CNY","","22.70","","","","","SR ∑√®¥Øºﬁ∞ ≤∂Øƒ","","11","M","","20","","","700","18.05","","18.05","","","","","","","","","25-00356","","","","","",""
"2025/11/05","2026/01/05","","437","êVìÏí ñ{èB","","","017","S3684","01","EJ3219V","","CNY","","22.70","","","","","SR ⁄ƒ€∑√®”ØÃﬂ","","10","M","","20","","","500","17.75","","17.75","","","","","","","","","25-00356","","","","","",""
"2025/11/05","2025/11/26","","406","ìÏí üèèπ","","","010","S3685","01","NE1052G","","CNY","","22.70","","","","","LC fit it BASIC","","40","110c","","0","","","7","41.45","","41.45","","","","","","","","","25-00357","","","","","",""
"2025/11/05","2025/11/26","","406","ìÏí üèèπ","","","010","S3685","01","NE1052G","","CNY","","22.70","","","","","LC fit it BASIC","","40","120c","","0","","","15","41.45","","41.45","","","","","","","","","25-00357","","","","","",""
"2025/11/05","2025/11/26","","406","ìÏí üèèπ","","","010","S3685","01","NE1052G","","CNY","","22.70","","","","","LC fit it BASIC","","40","130c","","0","","","15","41.45","","41.45","","","","","","","","","25-00357","","","","","",""
"2025/11/05","2025/11/26","","406","ìÏí üèèπ","","","010","S3685","01","NE1052G","","CNY","","22.70","","","","","LC fit it BASIC","","40","140c","","0","","","7","41.45","","41.45","","","","","","","","","25-00357","","","","","",""
"2025/11/05","2025/11/26","","406","ìÏí üèèπ","","","010","S3685","01","NE1052G","","CNY","","22.70","","","","","LC fit it BASIC","","61","110c","","0","","","7","41.45","","41.45","","","","","","","","","25-00357","","","","","",""
"2025/11/05","2025/11/26","","406","ìÏí üèèπ","","","010","S3685","01","NE1052G","","CNY","","22.70","","","","","LC fit it BASIC","","61","120c","","0","","","15","41.45","","41.45","","","","","","","","","25-00357","","","","","",""
"2025/11/05","2025/11/26","","406","ìÏí üèèπ","","","010","S3685","01","NE1052G","","CNY","","22.70","","","","","LC fit it BASIC","","61","130c","","0","","","15","41.45","","41.45","","","","","","","","","25-00357","","","","","",""
"2025/11/05","2025/11/26","","406","ìÏí üèèπ","","","010","S3685","01","NE1052G","","CNY","","22.70","","","","","LC fit it BASIC","","61","140c","","0","","","7","41.45","","41.45","","","","","","","","","25-00357","","","","","",""
"2025/11/05","2025/11/26","","406","ìÏí üèèπ","","","010","S3685","01","NE1052G","","CNY","","22.70","","","","","LC fit it BASIC","","62","110c","","0","","","7","41.45","","41.45","","","","","","","","","25-00357","","","","","",""
"2025/11/05","2025/11/26","","406","ìÏí üèèπ","","","010","S3685","01","NE1052G","","CNY","","22.70","","","","","LC fit it BASIC","","62","120c","","0","","","25","41.45","","41.45","","","","","","","","","25-00357","","","","","",""
"2025/11/05","2025/11/26","","406","ìÏí üèèπ","","","010","S3685","01","NE1052G","","CNY","","22.70","","","","","LC fit it BASIC","","62","130c","","0","","","15","41.45","","41.45","","","","","","","","","25-00357","","","","","",""
"2025/11/05","2025/11/26","","406","ìÏí üèèπ","","","010","S3685","01","NE1052G","","CNY","","22.70","","","","","LC fit it BASIC","","62","140c","","0","","","7","41.45","","41.45","","","","","","","","","25-00357","","","","","",""
"2025/11/05","2025/11/26","","406","ìÏí üèèπ","","","010","S3685","01","NE1052G","","CNY","","22.70","","","","","LC fit it BASIC","","80","110c","","0","","","7","41.45","","41.45","","","","","","","","","25-00357","","","","","",""
"2025/11/05","2025/11/26","","406","ìÏí üèèπ","","","010","S3685","01","NE1052G","","CNY","","22.70","","","","","LC fit it BASIC","","80","120c","","0","","","15","41.45","","41.45","","","","","","","","","25-00357","","","","","",""
"2025/11/05","2025/11/26","","406","ìÏí üèèπ","","","010","S3685","01","NE1052G","","CNY","","22.70","","","","","LC fit it BASIC","","80","130c","","0","","","25","41.45","","41.45","","","","","","","","","25-00357","","","","","",""
"2025/11/05","2025/11/26","","406","ìÏí üèèπ","","","010","S3685","01","NE1052G","","CNY","","22.70","","","","","LC fit it BASIC","","80","140c","","0","","","7","41.45","","41.45","","","","","","","","","25-00357","","","","","",""
"2025/11/05","2025/11/26","","406","ìÏí üèèπ","","","010","S3685","01","NE1053G","","CNY","","22.70","","","","","LC fit it CLASSIC","","40","110c","","0","","","7","41.45","","41.45","","","","","","","","","25-00357","","","","","",""
"2025/11/05","2025/11/26","","406","ìÏí üèèπ","","","010","S3685","01","NE1053G","","CNY","","22.70","","","","","LC fit it CLASSIC","","40","120c","","0","","","15","41.45","","41.45","","","","","","","","","25-00357","","","","","",""
"2025/11/05","2025/11/26","","406","ìÏí üèèπ","","","010","S3685","01","NE1053G","","CNY","","22.70","","","","","LC fit it CLASSIC","","40","130c","","0","","","15","41.45","","41.45","","","","","","","","","25-00357","","","","","",""
"2025/11/05","2025/11/26","","406","ìÏí üèèπ","","","010","S3685","01","NE1053G","","CNY","","22.70","","","","","LC fit it CLASSIC","","40","140c","","0","","","7","41.45","","41.45","","","","","","","","","25-00357","","","","","",""
"2025/11/05","2025/11/26","","406","ìÏí üèèπ","","","010","S3685","01","NE1053G","","CNY","","22.70","","","","","LC fit it CLASSIC","","90","110c","","0","","","7","41.45","","41.45","","","","","","","","","25-00357","","","","","",""
"2025/11/05","2025/11/26","","406","ìÏí üèèπ","","","010","S3685","01","NE1053G","","CNY","","22.70","","","","","LC fit it CLASSIC","","90","120c","","0","","","15","41.45","","41.45","","","","","","","","","25-00357","","","","","",""
"2025/11/05","2025/11/26","","406","ìÏí üèèπ","","","010","S3685","01","NE1053G","","CNY","","22.70","","","","","LC fit it CLASSIC","","90","130c","","0","","","15","41.45","","41.45","","","","","","","","","25-00357","","","","","",""
"2025/11/05","2025/11/26","","406","ìÏí üèèπ","","","010","S3685","01","NE1053G","","CNY","","22.70","","","","","LC fit it CLASSIC","","90","140c","","0","","","7","41.45","","41.45","","","","","","","","","25-00357","","","","","",""
"2025/11/07","2026/02/16","","437","êVìÏí ñ{èB","","","017","S3686","01","FH2087V","","CNY","","22.70","","","","","SP mofusand ÿ»Ωﬁ– ≤∂Øƒ","","11","M","","20","","","600","18.05","","18.05","","","","","","","","","25-00358","","","","","",""
"2025/11/07","2026/02/16","","437","êVìÏí ñ{èB","","","990","S3686","01","FH2087V","","CNY","","22.70","","","","","SP mofusand ÿ»Ωﬁ– ≤∂Øƒ","","11","M","","0","","","6","18.05","","18.05","","","","","","","","","25-00358","","","","","",""
"2025/11/07","2026/02/16","","437","êVìÏí ñ{èB","","","017","S3686","01","FH2088V","","CNY","","22.70","","","","","SP mofusandÿΩ ≤∂Øƒ","","32","M","","20","","","600","17.85","","17.85","","","","","","","","","25-00358","","","","","",""
"2025/11/07","2026/02/16","","437","êVìÏí ñ{èB","","","990","S3686","01","FH2088V","","CNY","","22.70","","","","","SP mofusandÿΩ ≤∂Øƒ","","32","M","","0","","","6","17.85","","17.85","","","","","","","","","25-00358","","","","","",""
"2025/11/07","2026/01/21","","411","ìÏí ì°ìå","","","017","S3687","01","FJ2092F","","CNY","","22.70","","","","","º≠≈≥ªﬁ∞óßëÃRS","","81","M","","20","","","200","26.80","","26.80","","","","","","","","","25-00359","","","","","",""
"2025/11/07","2025/12/03","","434","ìÏí à§å¨","","","017","S3688","01","CT2059A","","CNY","","22.70","","","","","KA ﬂ›ƒﬁ€Œﬁ≥Å@–À◊∑¥Ãﬂ€›","","62","M-L","","50","","","250","36.50","","36.50","","","","","","","","","25-00360","","","","","",""
"2025/11/10","2026/02/09","","437","êVìÏí ñ{èB","","","017","S3689R","01","FH2090V","","CNY","","22.70","","","","","É[ÉuÉâïøÉÅÉbÉVÉÖÉpÉìÉ^","","90","M","","20","","","200","16.80","","16.80","","","","","","","","","25-00361","","","","","",""
"2025/11/10","2026/02/09","","437","êVìÏí ñ{èB","","","017","S3689R","01","FH2091V","","CNY","","22.70","","","","","ÉqÉáÉEïøÉÅÉbÉVÉÖÉpÉìÉ^","","11","M","","20","","","200","16.80","","16.80","","","","","","","","","25-00361","","","","","",""
"2025/11/10","2025/12/23","","437","êVìÏí ñ{èB","","","007","S3690","01","FZ2039V","","CNY","","22.70","","","","","ÿŒﬁ›¬∑¬ÿ∫–π≤¿≤ΩÿØ ﬂ","","32","S","","0","","","1450","15.40","","15.40","","","","","","","","","25-00362","","","","","",""
"2025/11/10","2025/12/23","","437","êVìÏí ñ{èB","","","017","S3690","01","FZ2039V","","CNY","","22.70","","","","","ÿŒﬁ›¬∑¬ÿ∫–π≤¿≤ΩÿØ ﬂ","","32","S","","25","","","50","15.40","","15.40","","","","","","","","","25-00362","","","","","",""
"2025/11/10","2025/12/23","","437","êVìÏí ñ{èB","","","007","S3690","01","FZ2039V","","CNY","","22.70","","","","","ÿŒﬁ›¬∑¬ÿ∫–π≤¿≤ΩÿØ ﬂ","","90","S","","0","","","1450","15.40","","15.40","","","","","","","","","25-00362","","","","","",""
"2025/11/10","2025/12/23","","437","êVìÏí ñ{èB","","","017","S3690","01","FZ2039V","","CNY","","22.70","","","","","ÿŒﬁ›¬∑¬ÿ∫–π≤¿≤ΩÿØ ﬂ","","90","S","","25","","","50","15.40","","15.40","","","","","","","","","25-00362","","","","","",""
"2025/11/10","2025/12/23","","437","êVìÏí ñ{èB","","","007","S3690","01","FZ2040V","","CNY","","22.70","","","","","¬ÿ∫–π≤¿≤ΩÿØ ﬂŒøÿŒﬁ›","","32","S","","0","","","1450","15.40","","15.40","","","","","","","","","25-00362","","","","","",""
"2025/11/10","2025/12/23","","437","êVìÏí ñ{èB","","","017","S3690","01","FZ2040V","","CNY","","22.70","","","","","¬ÿ∫–π≤¿≤ΩÿØ ﬂŒøÿŒﬁ›","","32","S","","25","","","50","15.40","","15.40","","","","","","","","","25-00362","","","","","",""
"2025/11/10","2025/12/23","","437","êVìÏí ñ{èB","","","007","S3690","01","FZ2040V","","CNY","","22.70","","","","","¬ÿ∫–π≤¿≤ΩÿØ ﬂŒøÿŒﬁ›","","90","S","","0","","","1450","15.40","","15.40","","","","","","","","","25-00362","","","","","",""
"2025/11/10","2025/12/23","","437","êVìÏí ñ{èB","","","017","S3690","01","FZ2040V","","CNY","","22.70","","","","","¬ÿ∫–π≤¿≤ΩÿØ ﬂŒøÿŒﬁ›","","90","S","","25","","","50","15.40","","15.40","","","","","","","","","25-00362","","","","","",""
"2025/11/10","2025/12/23","","437","êVìÏí ñ{èB","","","007","S3690","01","FZ2041V","","CNY","","22.70","","","","","CR À≈ À≈π≤¿≤ ﬂ›¿€›","","32","00","","0","","","1450","28.50","","28.50","","","","","","","","","25-00362","","","","","",""
"2025/11/10","2025/12/23","","437","êVìÏí ñ{èB","","","017","S3690","01","FZ2041V","","CNY","","22.70","","","","","CR À≈ À≈π≤¿≤ ﬂ›¿€›","","32","00","","25","","","50","28.50","","28.50","","","","","","","","","25-00362","","","","","",""
"2025/11/10","2025/12/23","","437","êVìÏí ñ{èB","","","007","S3690","01","FZ2041V","","CNY","","22.70","","","","","CR À≈ À≈π≤¿≤ ﬂ›¿€›","","32","M","","0","","","0","28.50","","28.50","","","","","","","","","25-00362","","","","","",""
"2025/11/10","2025/12/23","","437","êVìÏí ñ{èB","","","017","S3690","01","FZ2041V","","CNY","","22.70","","","","","CR À≈ À≈π≤¿≤ ﬂ›¿€›","","32","M","","20","","","300","28.50","","28.50","","","","","","","","","25-00362","","","","","",""
"2025/11/10","2025/12/23","","437","êVìÏí ñ{èB","","","007","S3690","01","FZ2041V","","CNY","","22.70","","","","","CR À≈ À≈π≤¿≤ ﬂ›¿€›","","90","00","","0","","","1450","28.50","","28.50","","","","","","","","","25-00362","","","","","",""
"2025/11/10","2025/12/23","","437","êVìÏí ñ{èB","","","017","S3690","01","FZ2041V","","CNY","","22.70","","","","","CR À≈ À≈π≤¿≤ ﬂ›¿€›","","90","00","","25","","","50","28.50","","28.50","","","","","","","","","25-00362","","","","","",""
"2025/11/10","2025/12/23","","437","êVìÏí ñ{èB","","","007","S3690","01","FZ2041V","","CNY","","22.70","","","","","CR À≈ À≈π≤¿≤ ﬂ›¿€›","","90","M","","0","","","0","28.50","","28.50","","","","","","","","","25-00362","","","","","",""
"2025/11/10","2025/12/23","","437","êVìÏí ñ{èB","","","017","S3690","01","FZ2041V","","CNY","","22.70","","","","","CR À≈ À≈π≤¿≤ ﬂ›¿€›","","90","M","","20","","","300","28.50","","28.50","","","","","","","","","25-00362","","","","","",""
"2025/11/10","2025/12/23","","437","êVìÏí ñ{èB","","","007","S3690","01","FZ2042V","","CNY","","22.70","","","","","CR À≈ À≈π≤¿≤ÃÿŸ","","90","00","","0","","","1450","22.90","","22.90","","","","","","","","","25-00362","","","","","",""
"2025/11/10","2025/12/23","","437","êVìÏí ñ{èB","","","017","S3690","01","FZ2042V","","CNY","","22.70","","","","","CR À≈ À≈π≤¿≤ÃÿŸ","","90","00","","25","","","50","22.90","","22.90","","","","","","","","","25-00362","","","","","",""
"2025/11/10","2025/12/23","","437","êVìÏí ñ{èB","","","007","S3690","01","FZ2042V","","CNY","","22.70","","","","","CR À≈ À≈π≤¿≤ÃÿŸ","","90","M","","0","","","0","22.90","","22.90","","","","","","","","","25-00362","","","","","",""
"2025/11/10","2025/12/23","","437","êVìÏí ñ{èB","","","017","S3690","01","FZ2042V","","CNY","","22.70","","","","","CR À≈ À≈π≤¿≤ÃÿŸ","","90","M","","20","","","300","22.90","","22.90","","","","","","","","","25-00362","","","","","",""
"2025/11/10","2025/12/23","","437","êVìÏí ñ{èB","","","007","S3690","01","FZ2043V","","CNY","","22.70","","","","","CR À≈ À≈π≤¿≤ÿŒﬁ›","","90","00","","0","","","1450","22.60","","22.60","","","","","","","","","25-00362","","","","","",""
"2025/11/10","2025/12/23","","437","êVìÏí ñ{èB","","","017","S3690","01","FZ2043V","","CNY","","22.70","","","","","CR À≈ À≈π≤¿≤ÿŒﬁ›","","90","00","","25","","","50","22.60","","22.60","","","","","","","","","25-00362","","","","","",""
"2025/11/10","2025/12/23","","437","êVìÏí ñ{èB","","","007","S3690","01","FZ2043V","","CNY","","22.70","","","","","CR À≈ À≈π≤¿≤ÿŒﬁ›","","90","M","","0","","","0","22.60","","22.60","","","","","","","","","25-00362","","","","","",""
"2025/11/10","2025/12/23","","437","êVìÏí ñ{èB","","","017","S3690","01","FZ2043V","","CNY","","22.70","","","","","CR À≈ À≈π≤¿≤ÿŒﬁ›","","90","M","","20","","","300","22.60","","22.60","","","","","","","","","25-00362","","","","","",""
"2025/11/17","2025/12/26","","437","êVìÏí ñ{èB","","","007","S3691R","01","FE2027V","","CNY","","22.70","","","","","»∫÷∂ﬁ","","80","M","","0","","","1200","13.60","","13.60","","","","","","","","","25-00363","","","","","",""
"2025/11/17","2025/12/26","","437","êVìÏí ñ{èB","","","007","S3691R","01","FE2028V","","CNY","","22.70","","","","","∑ÆÀº ﬁ","","20","M","","0","","","1200","13.80","","13.80","","","","","","","","","25-00363","","","","","",""
"2025/11/17","2025/12/26","","437","êVìÏí ñ{èB","","","007","S3691R","01","FE2029V","","CNY","","22.70","","","","","º›æ≤∂¬µÿ»∞—","","31","M","","0","","","1200","13.20","","13.20","","","","","","","","","25-00363","","","","","",""
"2025/11/17","2025/12/26","","437","êVìÏí ñ{èB","","","007","S3691R","01","FE2029V","","CNY","","22.70","","","","","º›æ≤∂¬µÿ»∞—","","82","L","","0","","","1200","13.70","","13.70","","","","","","","","","25-00363","","","","","",""
"2025/11/17","2025/12/26","","437","êVìÏí ñ{èB","","","007","S3691R","01","FE2030V","","CNY","","22.70","","","","","◊∞“›∏œ","","11","M","","0","","","1200","14.50","","14.50","","","","","","","","","25-00363","","","","","",""
"2025/11/10","2025/12/02","","105","ã‡êX","","","007","S3693","01","EX3036W","","CNY","","22.70","","","","","Ã∏Ãﬁ∏€—ºﬁ","","00","M","","0","","","100","34.10","","34.10","","","","","","","","","25-00364","","","","","",""
"2025/11/10","2025/12/02","","105","ã‡êX","","","007","S3693","01","EX3037W","","CNY","","22.70","","","","","Ã∏Ãﬁ∏€—ºﬁ","","00","M","","0","","","200","34.10","","34.10","","","","","","","","","25-00364","","","","","",""
"2025/11/10","2025/12/02","","105","ã‡êX","","","007","S3693","01","EX3038W","","CNY","","22.70","","","","","Ã∏Ãﬁ∏€—ºﬁ","","00","L","","0","","","150","34.10","","34.10","","","","","","","","","25-00364","","","","","",""
"2025/11/10","2025/12/02","","105","ã‡êX","","","007","S3693","01","EX3039W","","CNY","","22.70","","","","","Ã∏Ãﬁ∏€—ºﬁ","","00","L","","0","","","100","34.10","","34.10","","","","","","","","","25-00364","","","","","",""
"2025/11/10","2026/01/19","","437","êVìÏí ñ{èB","","","007","S3695+A","01","FE2031V","","CNY","","22.70","","","","","4KD∫›Ã´—ºﬁµÿ»∞— BE B","","30","L","","0","","","2900","12.92","","12.92","","","","","","","","","25-00365","","","","","",""
"2025/11/10","2026/01/19","","437","êVìÏí ñ{èB","","","717","S3695+A","01","FE2031V","","CNY","","22.70","","","","","4KD∫›Ã´—ºﬁµÿ»∞— BE B","","30","L","","20","","","4000","12.92","","12.92","","","","","","","","","25-00365","","","","","",""
"2025/11/10","2026/01/19","","437","êVìÏí ñ{èB","","","007","S3695+A","01","FE2031V","","CNY","","22.70","","","","","4KD∫›Ã´—ºﬁµÿ»∞— BE B","","62","M","","0","","","2900","12.40","","12.40","","","","","","","","","25-00365","","","","","",""
"2025/11/10","2026/01/19","","437","êVìÏí ñ{èB","","","717","S3695+A","01","FE2031V","","CNY","","22.70","","","","","4KD∫›Ã´—ºﬁµÿ»∞— BE B","","62","M","","20","","","2800","12.40","","12.40","","","","","","","","","25-00365","","","","","",""
"2025/11/10","2026/01/19","","437","êVìÏí ñ{èB","","","007","S3695+A","01","FE2032V","","CNY","","22.70","","","","","4KD∫›Ã´—ºﬁµÿ»∞— P BK","","11","M","","0","","","2900","12.45","","12.45","","","","","","","","","25-00365","","","","","",""
"2025/11/10","2026/01/19","","437","êVìÏí ñ{èB","","","717","S3695+A","01","FE2032V","","CNY","","22.70","","","","","4KD∫›Ã´—ºﬁµÿ»∞— P BK","","11","M","","20","","","3600","12.45","","12.45","","","","","","","","","25-00365","","","","","",""
"2025/11/10","2026/01/19","","437","êVìÏí ñ{èB","","","007","S3695+A","01","FE2032V","","CNY","","22.70","","","","","4KD∫›Ã´—ºﬁµÿ»∞— P BK","","90","L","","0","","","2900","13.10","","13.10","","","","","","","","","25-00365","","","","","",""
"2025/11/10","2026/01/19","","437","êVìÏí ñ{èB","","","717","S3695+A","01","FE2032V","","CNY","","22.70","","","","","4KD∫›Ã´—ºﬁµÿ»∞— P BK","","90","L","","20","","","4200","13.10","","13.10","","","","","","","","","25-00365","","","","","",""
"2025/11/10","2026/01/19","","437","êVìÏí ñ{èB","","","007","S3695+A","01","FE2033V","","CNY","","22.70","","","","","4KD∫›Ã´¿≤‘∑»∫","","80","M","","0","","","2900","12.90","","12.90","","","","","","","","","25-00365","","","","","",""
"2025/11/10","2026/01/19","","437","êVìÏí ñ{èB","","","717","S3695+A","01","FE2033V","","CNY","","22.70","","","","","4KD∫›Ã´¿≤‘∑»∫","","80","M","","20","","","4500","12.90","","12.90","","","","","","","","","25-00365","","","","","",""
"2025/11/10","2026/01/19","","437","êVìÏí ñ{èB","","","007","S3695+A","01","FE2034V","","CNY","","22.70","","","","","4KD∫›Ã´ƒ∞Ωƒ≥ª∑ﬁ","","21","M","","0","","","2900","13.55","","13.55","","","","","","","","","25-00365","","","","","",""
"2025/11/10","2026/01/19","","437","êVìÏí ñ{èB","","","717","S3695+A","01","FE2034V","","CNY","","22.70","","","","","4KD∫›Ã´ƒ∞Ωƒ≥ª∑ﬁ","","21","M","","20","","","3800","13.55","","13.55","","","","","","","","","25-00365","","","","","",""
"2025/11/10","2026/01/19","","437","êVìÏí ñ{èB","","","007","S3695+A","01","FE2529V","","CNY","","22.70","","","","","4KD∫›Ã´æ›Õﬁ≤∏œ","","82","L","","0","","","2900","13.30","","13.30","","","","","","","","","25-00365","","","","","",""
"2025/11/10","2026/01/19","","437","êVìÏí ñ{èB","","","717","S3695+A","01","FE2529V","","CNY","","22.70","","","","","4KD∫›Ã´æ›Õﬁ≤∏œ","","82","L","","20","","","4200","13.30","","13.30","","","","","","","","","25-00365","","","","","",""
"2025/11/10","2026/01/19","","437","êVìÏí ñ{èB","","","007","S3695+A","01","FE2530V","","CNY","","22.70","","","","","4KD∫›Ã´∂⁄∞ƒ◊","","32","L","","0","","","2900","14.00","","14.00","","","","","","","","","25-00365","","","","","",""
"2025/11/10","2026/01/19","","437","êVìÏí ñ{èB","","","717","S3695+A","01","FE2530V","","CNY","","22.70","","","","","4KD∫›Ã´∂⁄∞ƒ◊","","32","L","","20","","","3800","14.00","","14.00","","","","","","","","","25-00365","","","","","",""
"2025/12/02","2026/01/19","","437","êVìÏí ñ{èB","","","007","S3696R+A","01","FD2346V","","CNY","","22.70","","","","","4KD—ºﬁ∑ºﬁPU B","","30","L","","0","","","2900","10.60","","10.60","","","","","","","","","25-00366","","","","","",""
"2025/12/02","2026/01/19","","437","êVìÏí ñ{èB","","","717","S3696R+A","01","FD2346V","","CNY","","22.70","","","","","4KD—ºﬁ∑ºﬁPU B","","30","L","","20","","","4000","10.60","","10.60","","","","","","","","","25-00366","","","","","",""
"2025/12/02","2026/01/19","","437","êVìÏí ñ{èB","","","007","S3696R+A","01","FD2346V","","CNY","","22.70","","","","","4KD—ºﬁ∑ºﬁPU B","","50","M","","0","","","2900","10.40","","10.40","","","","","","","","","25-00366","","","","","",""
"2025/12/02","2026/01/19","","437","êVìÏí ñ{èB","","","717","S3696R+A","01","FD2346V","","CNY","","22.70","","","","","4KD—ºﬁ∑ºﬁPU B","","50","M","","20","","","2800","10.40","","10.40","","","","","","","","","25-00366","","","","","",""
"2025/12/02","2026/01/19","","437","êVìÏí ñ{èB","","","007","S3696R+A","01","FD2347V","","CNY","","22.70","","","","","4KD—ºﬁ∑ºﬁBE GR","","62","M","","0","","","2900","10.40","","10.40","","","","","","","","","25-00366","","","","","",""
"2025/12/02","2026/01/19","","437","êVìÏí ñ{èB","","","717","S3696R+A","01","FD2347V","","CNY","","22.70","","","","","4KD—ºﬁ∑ºﬁBE GR","","62","M","","20","","","4000","10.40","","10.40","","","","","","","","","25-00366","","","","","",""
"2025/12/02","2026/01/19","","437","êVìÏí ñ{èB","","","007","S3696R+A","01","FD2347V","","CNY","","22.70","","","","","4KD—ºﬁ∑ºﬁBE GR","","80","L","","0","","","2900","10.60","","10.60","","","","","","","","","25-00366","","","","","",""
"2025/12/02","2026/01/19","","437","êVìÏí ñ{èB","","","717","S3696R+A","01","FD2347V","","CNY","","22.70","","","","","4KD—ºﬁ∑ºﬁBE GR","","80","L","","20","","","4500","10.60","","10.60","","","","","","","","","25-00366","","","","","",""
"2025/12/02","2026/01/19","","437","êVìÏí ñ{èB","","","007","S3696R+A","01","FD2348V","","CNY","","22.70","","","","","4KD»∫»∞—OR BK","","73","M","","0","","","2900","10.40","","10.40","","","","","","","","","25-00366","","","","","",""
"2025/12/02","2026/01/19","","437","êVìÏí ñ{èB","","","717","S3696R+A","01","FD2348V","","CNY","","22.70","","","","","4KD»∫»∞—OR BK","","73","M","","20","","","3600","10.40","","10.40","","","","","","","","","25-00366","","","","","",""
"2025/12/02","2026/01/19","","437","êVìÏí ñ{èB","","","007","S3696R+A","01","FD2348V","","CNY","","22.70","","","","","4KD»∫»∞—OR BK","","90","L","","0","","","2900","10.60","","10.60","","","","","","","","","25-00366","","","","","",""
"2025/12/02","2026/01/19","","437","êVìÏí ñ{èB","","","717","S3696R+A","01","FD2348V","","CNY","","22.70","","","","","4KD»∫»∞—OR BK","","90","L","","20","","","3800","10.60","","10.60","","","","","","","","","25-00366","","","","","",""
"2025/12/02","2026/01/19","","437","êVìÏí ñ{èB","","","007","S3696R+A","01","FD2355V","","CNY","","22.70","","","","","4KD∏œµÿ»∞— BE B","","40","L","","0","","","2900","10.60","","10.60","","","","","","","","","25-00366","","","","","",""
"2025/12/02","2026/01/19","","437","êVìÏí ñ{èB","","","717","S3696R+A","01","FD2355V","","CNY","","22.70","","","","","4KD∏œµÿ»∞— BE B","","40","L","","20","","","3600","10.60","","10.60","","","","","","","","","25-00366","","","","","",""
"2025/12/02","2026/01/19","","437","êVìÏí ñ{èB","","","007","S3696R+A","01","FD2355V","","CNY","","22.70","","","","","4KD∏œµÿ»∞— BE B","","70","M","","0","","","2900","10.40","","10.40","","","","","","","","","25-00366","","","","","",""
"2025/12/02","2026/01/19","","437","êVìÏí ñ{èB","","","717","S3696R+A","01","FD2355V","","CNY","","22.70","","","","","4KD∏œµÿ»∞— BE B","","70","M","","20","","","3000","10.40","","10.40","","","","","","","","","25-00366","","","","","",""
"2025/12/02","2026/01/19","","437","êVìÏí ñ{èB","","","007","S3696R+A","01","FD2357V","","CNY","","22.70","","","","","4KDøƒ«≤BE»∞—","","21","M","","0","","","2900","10.40","","10.40","","","","","","","","","25-00366","","","","","",""
"2025/12/02","2026/01/19","","437","êVìÏí ñ{èB","","","717","S3696R+A","01","FD2357V","","CNY","","22.70","","","","","4KDøƒ«≤BE»∞—","","21","M","","20","","","3000","10.40","","10.40","","","","","","","","","25-00366","","","","","",""
"2025/12/02","2026/01/19","","437","êVìÏí ñ{èB","","","007","S3696R+A","01","FD2357V","","CNY","","22.70","","","","","4KDøƒ«≤BE»∞—","","90","L","","0","","","2900","10.60","","10.60","","","","","","","","","25-00366","","","","","",""
"2025/12/02","2026/01/19","","437","êVìÏí ñ{èB","","","717","S3696R+A","01","FD2357V","","CNY","","22.70","","","","","4KDøƒ«≤BE»∞—","","90","L","","20","","","4200","10.60","","10.60","","","","","","","","","25-00366","","","","","",""
"2025/12/02","2026/01/19","","437","êVìÏí ñ{èB","","","007","S3696R+A","01","FD2358V","","CNY","","22.70","","","","","4KD—ºﬁøƒ«≤ P GR","","11","M","","0","","","2900","10.40","","10.40","","","","","","","","","25-00366","","","","","",""
"2025/12/02","2026/01/19","","437","êVìÏí ñ{èB","","","717","S3696R+A","01","FD2358V","","CNY","","22.70","","","","","4KD—ºﬁøƒ«≤ P GR","","11","M","","20","","","3000","10.40","","10.40","","","","","","","","","25-00366","","","","","",""
"2025/12/02","2026/01/19","","437","êVìÏí ñ{èB","","","007","S3696R+A","01","FD2358V","","CNY","","22.70","","","","","4KD—ºﬁøƒ«≤ P GR","","80","L","","0","","","2900","10.60","","10.60","","","","","","","","","25-00366","","","","","",""
"2025/12/02","2026/01/19","","437","êVìÏí ñ{èB","","","717","S3696R+A","01","FD2358V","","CNY","","22.70","","","","","4KD—ºﬁøƒ«≤ P GR","","80","L","","20","","","4200","10.60","","10.60","","","","","","","","","25-00366","","","","","",""
"2025/11/10","2026/01/19","","181","ä¬ãÖË‹ã∆","","","007","S3697+A","01","FD2349H","","CNY","","22.70","","","","","4KD»∫ºº≠≥","","62","M","","0","","","2900","10.40","","10.40","","","","","","","","","25-00367","","","","","",""
"2025/11/10","2026/01/19","","181","ä¬ãÖË‹ã∆","","","717","S3697+A","01","FD2349H","","CNY","","22.70","","","","","4KD»∫ºº≠≥","","62","M","","20","","","3800","10.40","","10.40","","","","","","","","","25-00367","","","","","",""
"2025/11/10","2026/01/19","","181","ä¬ãÖË‹ã∆","","","007","S3697+A","01","FD2351H","","CNY","","22.70","","","","","4KDÅ@º ﬁµÿ»∞—","","20","M","","0","","","2900","10.40","","10.40","","","","","","","","","25-00367","","","","","",""
"2025/11/10","2026/01/19","","181","ä¬ãÖË‹ã∆","","","717","S3697+A","01","FD2351H","","CNY","","22.70","","","","","4KDÅ@º ﬁµÿ»∞—","","20","M","","20","","","3800","10.40","","10.40","","","","","","","","","25-00367","","","","","",""
"2025/11/10","2026/01/19","","181","ä¬ãÖË‹ã∆","","","007","S3697+A","01","FD2351H","","CNY","","22.70","","","","","4KDÅ@º ﬁµÿ»∞—","","32","L","","0","","","2900","10.60","","10.60","","","","","","","","","25-00367","","","","","",""
"2025/11/10","2026/01/19","","181","ä¬ãÖË‹ã∆","","","717","S3697+A","01","FD2351H","","CNY","","22.70","","","","","4KDÅ@º ﬁµÿ»∞—","","32","L","","20","","","4000","10.60","","10.60","","","","","","","","","25-00367","","","","","",""
"2025/11/10","2026/01/19","","181","ä¬ãÖË‹ã∆","","","007","S3697+A","01","FD2352H","","CNY","","22.70","","","","","4KDÅ@∑◊∑◊—ºﬁ","","80","M","","0","","","2900","10.40","","10.40","","","","","","","","","25-00367","","","","","",""
"2025/11/10","2026/01/19","","181","ä¬ãÖË‹ã∆","","","717","S3697+A","01","FD2352H","","CNY","","22.70","","","","","4KDÅ@∑◊∑◊—ºﬁ","","80","M","","20","","","4000","10.40","","10.40","","","","","","","","","25-00367","","","","","",""
"2025/11/10","2026/01/19","","181","ä¬ãÖË‹ã∆","","","007","S3697+A","01","FD2352H","","CNY","","22.70","","","","","4KDÅ@∑◊∑◊—ºﬁ","","90","L","","0","","","2900","10.60","","10.60","","","","","","","","","25-00367","","","","","",""
"2025/11/10","2026/01/19","","181","ä¬ãÖË‹ã∆","","","717","S3697+A","01","FD2352H","","CNY","","22.70","","","","","4KDÅ@∑◊∑◊—ºﬁ","","90","L","","20","","","4300","10.60","","10.60","","","","","","","","","25-00367","","","","","",""
"2025/11/10","2026/01/19","","181","ä¬ãÖË‹ã∆","","","007","S3697+A","01","FD2353H","","CNY","","22.70","","","","","4KDÅ@»∫¬“ƒ∑ﬁºº≠≥","","80","M","","0","","","2900","10.40","","10.40","","","","","","","","","25-00367","","","","","",""
"2025/11/10","2026/01/19","","181","ä¬ãÖË‹ã∆","","","717","S3697+A","01","FD2353H","","CNY","","22.70","","","","","4KDÅ@»∫¬“ƒ∑ﬁºº≠≥","","80","M","","20","","","4200","10.40","","10.40","","","","","","","","","25-00367","","","","","",""
"2025/11/10","2026/01/19","","181","ä¬ãÖË‹ã∆","","","007","S3697+A","01","FD2354H","","CNY","","22.70","","","","","4KDÅ@≤›∫µ⁄›ºﬁºº≠≥","","11","M","","0","","","2900","10.40","","10.40","","","","","","","","","25-00367","","","","","",""
"2025/11/10","2026/01/19","","181","ä¬ãÖË‹ã∆","","","717","S3697+A","01","FD2354H","","CNY","","22.70","","","","","4KDÅ@≤›∫µ⁄›ºﬁºº≠≥","","11","M","","20","","","3500","10.40","","10.40","","","","","","","","","25-00367","","","","","",""
"2025/11/10","2026/01/19","","181","ä¬ãÖË‹ã∆","","","007","S3697+A","01","FD2356H","","CNY","","22.70","","","","","4KD»∫¬ÿ","","70","M","","0","","","2900","10.60","","10.60","","","","","","","","","25-00367","","","","","",""
"2025/11/10","2026/01/19","","181","ä¬ãÖË‹ã∆","","","717","S3697+A","01","FD2356H","","CNY","","22.70","","","","","4KD»∫¬ÿ","","70","M","","20","","","3800","10.60","","10.60","","","","","","","","","25-00367","","","","","",""
"2025/11/10","2026/01/19","","181","ä¬ãÖË‹ã∆","","","007","S3697+A","01","FD2666H","","CNY","","22.70","","","","","4KDÅ@¡¨≥¡¨≥ºº≠≥","","90","L","","0","","","2900","10.60","","10.60","","","","","","","","","25-00367","","","","","",""
"2025/11/10","2026/01/19","","181","ä¬ãÖË‹ã∆","","","717","S3697+A","01","FD2666H","","CNY","","22.70","","","","","4KDÅ@¡¨≥¡¨≥ºº≠≥","","90","L","","20","","","4200","10.60","","10.60","","","","","","","","","25-00367","","","","","",""
"2025/11/10","2026/01/19","","181","ä¬ãÖË‹ã∆","","","007","S3697+A","01","FD2667H","","CNY","","22.70","","","","","4KDÅ@ ﬂ›¿ﬁƒ≥”€∫ººº≠≥","","30","L","","0","","","2900","10.60","","10.60","","","","","","","","","25-00367","","","","","",""
"2025/11/10","2026/01/19","","181","ä¬ãÖË‹ã∆","","","717","S3697+A","01","FD2667H","","CNY","","22.70","","","","","4KDÅ@ ﬂ›¿ﬁƒ≥”€∫ººº≠≥","","30","L","","20","","","3500","10.60","","10.60","","","","","","","","","25-00367","","","","","",""
"2025/11/10","2026/01/19","","181","ä¬ãÖË‹ã∆","","","007","S3697+A","01","FD2668H","","CNY","","22.70","","","","","4KD∏œºº≠≥","","20","L","","0","","","2900","10.60","","10.60","","","","","","","","","25-00367","","","","","",""
"2025/11/10","2026/01/19","","181","ä¬ãÖË‹ã∆","","","717","S3697+A","01","FD2668H","","CNY","","22.70","","","","","4KD∏œºº≠≥","","20","L","","20","","","4000","10.60","","10.60","","","","","","","","","25-00367","","","","","",""
"2025/11/10","2026/01/19","","181","ä¬ãÖË‹ã∆","","","007","S3697+A","01","FD2669H","","CNY","","22.70","","","","","4KDº ﬁŒ»","","22","L","","0","","","2900","10.60","","10.60","","","","","","","","","25-00367","","","","","",""
"2025/11/10","2026/01/19","","181","ä¬ãÖË‹ã∆","","","717","S3697+A","01","FD2669H","","CNY","","22.70","","","","","4KDº ﬁŒ»","","22","L","","20","","","4200","10.60","","10.60","","","","","","","","","25-00367","","","","","",""
"2025/11/10","2025/11/06","","336","DEPARTURES","","","007","","01","EZ3036A","","US","","161.00","","","","","PO“∂ﬁ»≥ª∑ﬁœ∏◊","","32","00","","0","","","25","968.00","","","","","","","","","","","25-00368","","","","","",""
"2025/11/10","2025/11/06","","336","DEPARTURES","","","007","","01","EZ3037A","","US","","161.00","","","","","PO»Ωﬁ–∏›…¡ÆØ∑œ∏◊","","62","00","","0","","","12","968.00","","","","","","","","","","","25-00368","","","","","",""
"2025/11/10","2025/11/06","","336","DEPARTURES","","","007","","01","EZ3038A","","CNY","","22.70","","","","","PHµ≤ºø≥≈º€∏œœ∏◊","","62","00","","0","","","7","968.00","","","","","","","","","","","25-00368","","","","","",""
"2025/11/10","2025/11/06","","336","DEPARTURES","","","007","","01","EZ3039A","","US","","161.00","","","","","PO“∂ﬁ»≥ª∑ﬁœ∏◊ ﬂØƒﬁ","","32","00","","0","","","45","318.00","","","","","","","","","","","25-00368","","","","","",""
"2025/11/10","2025/11/06","","336","DEPARTURES","","","007","","01","EZ3040A","","US","","161.00","","","","","PO»Ωﬁ–∏›…¡ÆØ∑œ∏◊ ﬂØƒﬁ","","80","00","","0","","","19","318.00","","","","","","","","","","","25-00368","","","","","",""
"2025/11/10","2025/11/06","","336","DEPARTURES","","","007","","01","EZ3041A","","US","","161.00","","","","","PHµ≤ºø≥≈º€∏œœ∏◊ ﬂØƒﬁ","","62","00","","0","","","30","318.00","","","","","","","","","","","25-00368","","","","","",""
"2025/11/10","2025/11/06","","336","DEPARTURES","","","007","","01","EZ3042A","","CNY","","22.70","","","","","PO“∂ﬁ»≥ª∑ﬁ∂πÃƒ›","","32","00","","0","","","21","2590.00","","","","","","","","","","","25-00368","","","","","",""
"2025/11/10","2025/11/06","","336","DEPARTURES","","","007","","01","EZ3043A","","US","","161.00","","","","","PO»Ωﬁ–∏›…¡ÆØ∑∂πÃƒ›","","62","00","","0","","","9","2590.00","","","","","","","","","","","25-00368","","","","","",""
"2025/11/10","2025/11/06","","336","DEPARTURES","","","007","","01","EZ3044A","","US","","161.00","","","","","PHµ≤ºø≥≈º€∏œ∂πÃƒ›","","62","00","","0","","","8","2590.00","","","","","","","","","","","25-00368","","","","","",""
"2025/11/10","2025/11/06","","336","DEPARTURES","","","007","","01","EZ3045A","","US","","161.00","","","","","PO “∂ﬁ»≥ª∑ﬁ≤›√ÿ±œØƒ","","32","00","","0","","","36","1194.00","","","","","","","","","","","25-00368","","","","","",""
"2025/11/10","2025/11/06","","336","DEPARTURES","","","007","","01","EZ3046A","","US","","161.00","","","","","PO »Ωﬁ–∏›…¡ÆØ∑≤›√ÿ±œØƒ","","80","00","","0","","","17","1194.00","","","","","","","","","","","25-00368","","","","","",""
"2025/11/10","2025/11/06","","336","DEPARTURES","","","007","","01","EZ3047A","","CNY","","22.70","","","","","PH µ≤ºø≥≈º€∏œ≤›√ÿ±œØƒ","","62","00","","0","","","13","1194.00","","","","","","","","","","","25-00368","","","","","",""
"2025/11/10","2025/11/06","","336","DEPARTURES","","","007","","01","EZ3048A","","US","","161.00","","","","","PO “∂ﬁ»≥ª∑ﬁ∫ﬁ€»Ãƒ›","","32","00","","0","","","18","1890.00","","","","","","","","","","","25-00368","","","","","",""
"2025/11/10","2025/11/06","","336","DEPARTURES","","","007","","01","EZ3049A","","US","","161.00","","","","","PO »Ωﬁ–∏›…¡ÆØ∑∫ﬁ€»Ãƒ›","","80","00","","0","","","6","1890.00","","","","","","","","","","","25-00368","","","","","",""
"2025/11/10","2025/11/06","","336","DEPARTURES","","","007","","01","EZ3050A","","US","","161.00","","","","","PH µ≤ºø≥≈º€∏œ∫ﬁ€»Ãƒ›","","62","00","","0","","","5","1890.00","","","","","","","","","","","25-00368","","","","","",""
"2025/11/10","2025/11/06","","336","DEPARTURES","","","007","","01","EZ3051A","","US","","161.00","","","","","PO “∂ﬁ»≥ª∑ﬁÃﬁ◊›πØƒ","","32","00","","0","","","45","643.00","","","","","","","","","","","25-00368","","","","","",""
"2025/11/10","2025/11/06","","336","DEPARTURES","","","007","","01","EZ3052A","","US","","161.00","","","","","PO »Ωﬁ–∏›…¡ÆØ∑Ãﬁ◊›πØƒ","","80","00","","0","","","25","643.00","","","","","","","","","","","25-00368","","","","","",""
"2025/11/10","2025/11/06","","336","DEPARTURES","","","007","","01","EZ3053A","","US","","161.00","","","","","PH µ≤ºø≥≈º€∏œÃﬁ◊›πØƒ","","62","00","","0","","","36","643.00","","","","","","","","","","","25-00368","","","","","",""
"2025/11/10","2025/11/06","","336","DEPARTURES","","","007","","01","EZ3054A","","US","","161.00","","","","","PO “∂ﬁ»≥ª∑ﬁº∑ ﬂØƒ","","32","00","","0","","","37","1293.00","","","","","","","","","","","25-00368","","","","","",""
"2025/11/10","2025/11/06","","336","DEPARTURES","","","007","","01","EZ3055A","","US","","161.00","","","","","PO »Ωﬁ–∏›…¡ÆØ∑º∑ ﬂØƒ","","80","00","","0","","","15","1293.00","","","","","","","","","","","25-00368","","","","","",""
"2025/11/10","2025/11/06","","336","DEPARTURES","","","007","","01","EZ3056A","","US","","161.00","","","","","PH µ≤ºø≥≈º€∏œº∑ ﬂØƒ","","62","00","","0","","","10","1293.00","","","","","","","","","","","25-00368","","","","","",""
"2025/11/12","2026/01/14","","437","êVìÏí ñ{èB","","","017","S3698","01","FH2110V","","CNY","","22.70","","","","","É[ÉuÉâïøÉäÉ{ÉìÉpÉìÉ^","","90","M","","20","","","400","19.25","","19.25","","","","","","","","","25-00369","","","","","",""
"2025/11/12","2026/01/14","","437","êVìÏí ñ{èB","","","017","S3698","01","FH2111V","","CNY","","22.70","","","","","ÉqÉáÉEïøÉäÉ{ÉìÉpÉìÉ^","","11","M","","20","","","400","19.25","","19.25","","","","","","","","","25-00369","","","","","",""
"2025/11/13","2025/12/23","","437","êVìÏí ñ{èB","","","007","S3700","01","FZ2038V","","CNY","","22.70","","","","","π≤¿≤æ›æ≤ ﬂ›¿Å@—ºﬁ","","32","S","","0","","","1450","18.30","","18.30","","","","","","","","","25-00370","","","","","",""
"2025/11/13","2025/12/23","","437","êVìÏí ñ{èB","","","017","S3700","01","FZ2038V","","CNY","","22.70","","","","","π≤¿≤æ›æ≤ ﬂ›¿Å@—ºﬁ","","32","S","","25","","","50","18.30","","18.30","","","","","","","","","25-00370","","","","","",""
"2025/11/13","2025/12/23","","437","êVìÏí ñ{èB","","","007","S3700","01","FZ2038V","","CNY","","22.70","","","","","π≤¿≤æ›æ≤ ﬂ›¿Å@—ºﬁ","","81","S","","0","","","1450","18.30","","18.30","","","","","","","","","25-00370","","","","","",""
"2025/11/13","2025/12/23","","437","êVìÏí ñ{èB","","","017","S3700","01","FZ2038V","","CNY","","22.70","","","","","π≤¿≤æ›æ≤ ﬂ›¿Å@—ºﬁ","","81","S","","25","","","50","18.30","","18.30","","","","","","","","","25-00370","","","","","",""
"2025/11/13","2025/12/23","","437","êVìÏí ñ{èB","","","007","S3700","01","FZ2038V","","CNY","","22.70","","","","","π≤¿≤æ›æ≤ ﬂ›¿Å@—ºﬁ","","82","S","","0","","","1450","18.30","","18.30","","","","","","","","","25-00370","","","","","",""
"2025/11/13","2025/12/23","","437","êVìÏí ñ{èB","","","017","S3700","01","FZ2038V","","CNY","","22.70","","","","","π≤¿≤æ›æ≤ ﬂ›¿Å@—ºﬁ","","82","S","","25","","","50","18.30","","18.30","","","","","","","","","25-00370","","","","","",""
"2025/11/13","2025/12/23","","437","êVìÏí ñ{èB","","","007","S3700","01","FZ2038V","","CNY","","22.70","","","","","π≤¿≤æ›æ≤ ﬂ›¿Å@—ºﬁ","","90","S","","0","","","1450","18.30","","18.30","","","","","","","","","25-00370","","","","","",""
"2025/11/13","2025/12/23","","437","êVìÏí ñ{èB","","","017","S3700","01","FZ2038V","","CNY","","22.70","","","","","π≤¿≤æ›æ≤ ﬂ›¿Å@—ºﬁ","","90","S","","25","","","50","18.30","","18.30","","","","","","","","","25-00370","","","","","",""
"2025/11/13","2025/12/23","","437","êVìÏí ñ{èB","","","007","S3700","01","FZ2044V","","CNY","","22.70","","","","","ÃßΩ≈∞π≤¿≤ΩÿØ ﬂ","","90","M","","0","","","2900","17.15","","17.15","","","","","","","","","25-00370","","","","","",""
"2025/11/13","2025/12/23","","437","êVìÏí ñ{èB","","","017","S3700","01","FZ2044V","","CNY","","22.70","","","","","ÃßΩ≈∞π≤¿≤ΩÿØ ﬂ","","90","M","","25","","","100","17.15","","17.15","","","","","","","","","25-00370","","","","","",""
"2025/11/13","2025/12/23","","437","êVìÏí ñ{èB","","","007","S3700","01","FZ2044V","","CNY","","22.70","","","","","ÃßΩ≈∞π≤¿≤ΩÿØ ﬂ","","90","L","","0","","","1450","17.60","","17.60","","","","","","","","","25-00370","","","","","",""
"2025/11/13","2025/12/23","","437","êVìÏí ñ{èB","","","017","S3700","01","FZ2044V","","CNY","","22.70","","","","","ÃßΩ≈∞π≤¿≤ΩÿØ ﬂ","","90","L","","25","","","50","17.60","","17.60","","","","","","","","","25-00370","","","","","",""
"2025/11/13","2025/12/23","","437","êVìÏí ñ{èB","","","007","S3700","01","FZ2044V","","CNY","","22.70","","","","","ÃßΩ≈∞π≤¿≤ΩÿØ ﬂ","","90","LL","","0","","","1450","18.20","","18.20","","","","","","","","","25-00370","","","","","",""
"2025/11/13","2025/12/23","","437","êVìÏí ñ{èB","","","017","S3700","01","FZ2044V","","CNY","","22.70","","","","","ÃßΩ≈∞π≤¿≤ΩÿØ ﬂ","","90","LL","","25","","","50","18.20","","18.20","","","","","","","","","25-00370","","","","","",""
"2025/11/13","2026/01/07","","437","êVìÏí ñ{èB","","","007","S3702","01","FE2040V","","CNY","","22.70","","","","","CM yumi ‹ØÃŸ∫›Ã´","","40","M","","0","","","1450","16.10","","16.10","","","","","","","","","25-00371","","","","","",""
"2025/11/13","2026/01/07","","437","êVìÏí ñ{èB","","","017","S3702","01","FE2040V","","CNY","","22.70","","","","","CM yumi ‹ØÃŸ∫›Ã´","","40","M","","20","","","300","16.10","","16.10","","","","","","","","","25-00371","","","","","",""
"2025/11/13","2026/01/07","","437","êVìÏí ñ{èB","","","007","S3702","01","FE2040V","","CNY","","22.70","","","","","CM yumi ‹ØÃŸ∫›Ã´","","42","M","","0","","","1450","16.10","","16.10","","","","","","","","","25-00371","","","","","",""
"2025/11/13","2026/01/07","","437","êVìÏí ñ{èB","","","017","S3702","01","FE2040V","","CNY","","22.70","","","","","CM yumi ‹ØÃŸ∫›Ã´","","42","M","","20","","","300","16.10","","16.10","","","","","","","","","25-00371","","","","","",""
"2025/11/13","2026/01/07","","437","êVìÏí ñ{èB","","","007","S3702","01","FE2040V","","CNY","","22.70","","","","","CM yumi ‹ØÃŸ∫›Ã´","","60","M","","0","","","1450","16.10","","16.10","","","","","","","","","25-00371","","","","","",""
"2025/11/13","2026/01/07","","437","êVìÏí ñ{èB","","","017","S3702","01","FE2040V","","CNY","","22.70","","","","","CM yumi ‹ØÃŸ∫›Ã´","","60","M","","20","","","300","16.10","","16.10","","","","","","","","","25-00371","","","","","",""
"2025/11/13","2026/01/07","","437","êVìÏí ñ{èB","","","007","S3702","01","FE2040V","","CNY","","22.70","","","","","CM yumi ‹ØÃŸ∫›Ã´","","62","M","","0","","","1450","16.10","","16.10","","","","","","","","","25-00371","","","","","",""
"2025/11/13","2026/01/07","","437","êVìÏí ñ{èB","","","017","S3702","01","FE2040V","","CNY","","22.70","","","","","CM yumi ‹ØÃŸ∫›Ã´","","62","M","","20","","","300","16.10","","16.10","","","","","","","","","25-00371","","","","","",""
"2025/11/13","2026/02/13","","801","áä◊Ø∑∞éYã∆","","","017","","01","ED2690R","","US","","161.00","","","","","œŸø≥∂ﬁ◊","","90","L","","0","","","500","815.00","","","","","","","","","","","25-00372","","","","","",""
"2025/11/13","2026/02/13","","801","áä◊Ø∑∞éYã∆","","","017","","01","ED2691R","","US","","161.00","","","","","ªº∫","","90","L","","0","","","500","895.00","","","","","","","","","","","25-00372","","","","","",""
"2025/11/13","2026/02/13","","801","áä◊Ø∑∞éYã∆","","","017","","01","FD2360R","","CNY","","22.70","","","","","—ºﬁ","","20","M","","0","","","300","690.00","","","","","","","","","","","25-00372","","","","","",""
"2025/11/13","2026/02/13","","801","áä◊Ø∑∞éYã∆","","","017","","01","FD2360R","","CNY","","22.70","","","","","—ºﬁ","","32","L","","0","","","300","690.00","","","","","","","","","","","25-00372","","","","","",""
"2025/11/13","2026/02/13","","801","áä◊Ø∑∞éYã∆","","","017","","01","FD2360R","","CNY","","22.70","","","","","—ºﬁ","","70","M","","0","","","300","690.00","","","","","","","","","","","25-00372","","","","","",""
"2025/11/13","2026/02/13","","801","áä◊Ø∑∞éYã∆","","","017","","01","FD2361R","","CNY","","22.70","","","","","ªº∫","","10","M","","0","","","440","695.00","","","","","","","","","","","25-00372","","","","","",""
"2025/11/13","2026/02/13","","801","áä◊Ø∑∞éYã∆","","","017","","01","FD2361R","","CNY","","22.70","","","","","ªº∫","","11","M","","0","","","410","695.00","","","","","","","","","","","25-00372","","","","","",""
"2025/11/13","2026/02/13","","801","áä◊Ø∑∞éYã∆","","","017","","01","FD2361R","","CNY","","22.70","","","","","ªº∫","","32","M","","0","","","440","695.00","","","","","","","","","","","25-00372","","","","","",""
"2025/11/13","2026/02/13","","801","áä◊Ø∑∞éYã∆","","","017","","01","FD2362R","","US","","161.00","","","","","¡™Ø∏","","40","M","","0","","","300","710.00","","","","","","","","","","","25-00372","","","","","",""
"2025/11/13","2026/02/13","","801","áä◊Ø∑∞éYã∆","","","017","","01","FD2362R","","US","","161.00","","","","","¡™Ø∏","","40","L","","0","","","300","710.00","","","","","","","","","","","25-00372","","","","","",""
"2025/11/13","2026/02/13","","801","áä◊Ø∑∞éYã∆","","","017","","01","FD2362R","","US","","161.00","","","","","¡™Ø∏","","62","M","","0","","","300","710.00","","","","","","","","","","","25-00372","","","","","",""
"2025/11/13","2026/02/13","","801","áä◊Ø∑∞éYã∆","","","017","","01","FD2670R","","CNY","","22.70","","","","","ºØŒﬂ≥","","32","L","","0","","","270","830.00","","","","","","","","","","","25-00372","","","","","",""
"2025/11/14","2026/01/21","","437","êVìÏí ñ{èB","","","017","S3703R","01","FJ2090V","","CNY","","22.70","","","","","SR  €∞∑√®  ≈∂ﬁ◊Ÿ∞—ÉVÉÖÅ[ÉY","","11","M","","20","","","400","14.50","","14.50","","","","","","","","","25-00373","","","","","",""
"2025/11/14","2026/01/12","","437","êVìÏí ñ{èB","","","017","S3704","01","DJ3018V","","CNY","","22.70","","","","","TTâƒñ⁄óFêlí† ∆¨›∫æ›æ≤Õﬁ∞ºﬁ≠","","62","M","","20","","","500","16.90","","16.90","","","","","","","","","25-00374","","","","","",""
"2025/11/14","2026/01/12","","437","êVìÏí ñ{èB","","","017","S3704","01","DJ3040V","","CNY","","22.70","","","","","TT ≈¬“∆¨›∫±ØÃﬂÿπ","","30","M","","20","","","500","17.95","","17.95","","","","","","","","","25-00374","","","","","",""
"2025/11/14","2026/02/04","","433","ìÏí å‹êØ","","","010","S3705","01","NE1051L","","US","","161.00","","","","","LC TTT2025","","21","M","","10","","","600","34.83","","34.83","","","","","","","","","25-00375","","","","","",""
"2025/11/14","2026/02/04","","433","ìÏí å‹êØ","","","010","S3705","01","NE1051L","","US","","161.00","","","","","LC TTT2025","","21","M","","10","","","200","34.83","","34.83","","","","","","","","","25-00375","","","","","",""
"2025/11/14","2026/02/04","","433","ìÏí å‹êØ","","","010","S3705","01","NE1051L","","US","","161.00","","","","","LC TTT2025","","32","LL","","10","","","0","35.20","","35.20","","","","","","","","","25-00375","","","","","",""
"2025/11/14","2026/02/04","","433","ìÏí å‹êØ","","","010","S3705","01","NE1051L","","US","","161.00","","","","","LC TTT2025","","32","LL","","10","","","700","35.20","","35.20","","","","","","","","","25-00375","","","","","",""
"2025/11/14","2026/02/04","","433","ìÏí å‹êØ","","","010","S3705","01","NE1051L","","US","","161.00","","","","","LC TTT2025","","32","LL2","","20","","","120","32.20","","32.20","","","","","","","","","25-00375","","","","","",""
"2025/11/14","2026/02/04","","433","ìÏí å‹êØ","","","010","S3705","01","NE1051L","","US","","161.00","","","","","LC TTT2025","","32","LL2","","0","","","0","32.20","","32.20","","","","","","","","","25-00375","","","","","",""
"2025/11/14","2026/02/04","","433","ìÏí å‹êØ","","","010","S3705","01","NE1051L","","US","","161.00","","","","","LC TTT2025","","50","L","","10","","","500","35.20","","35.20","","","","","","","","","25-00375","","","","","",""
"2025/11/14","2026/02/04","","433","ìÏí å‹êØ","","","010","S3705","01","NE1051L","","US","","161.00","","","","","LC TTT2025","","50","L","","10","","","300","35.20","","35.20","","","","","","","","","25-00375","","","","","",""
"2025/11/14","2026/02/04","","433","ìÏí å‹êØ","","","010","S3705","01","NE1051L","","US","","161.00","","","","","LC TTT2025","","50","L2","","20","","","100","32.20","","32.20","","","","","","","","","25-00375","","","","","",""
"2025/11/14","2026/02/04","","433","ìÏí å‹êØ","","","010","S3705","01","NE1051L","","US","","161.00","","","","","LC TTT2025","","50","L2","","0","","","0","32.20","","32.20","","","","","","","","","25-00375","","","","","",""
"2025/11/14","2026/02/04","","433","ìÏí å‹êØ","","","010","S3705","01","NE1051L","","US","","161.00","","","","","LC TTT2025","","70","M","","10","","","600","34.83","","34.83","","","","","","","","","25-00375","","","","","",""
"2025/11/14","2026/02/04","","433","ìÏí å‹êØ","","","010","S3705","01","NE1051L","","US","","161.00","","","","","LC TTT2025","","70","M","","10","","","200","34.83","","34.83","","","","","","","","","25-00375","","","","","",""
"2025/11/14","2026/02/04","","433","ìÏí å‹êØ","","","010","S3705","01","NE1051L","","US","","161.00","","","","","LC TTT2025","","70","M2","","20","","","100","31.83","","31.83","","","","","","","","","25-00375","","","","","",""
"2025/11/14","2026/02/04","","433","ìÏí å‹êØ","","","010","S3705","01","NE1051L","","US","","161.00","","","","","LC TTT2025","","70","M2","","0","","","0","31.83","","31.83","","","","","","","","","25-00375","","","","","",""
"2025/11/14","2026/02/04","","433","ìÏí å‹êØ","","","010","S3705","01","NE1051L","","US","","161.00","","","","","LC TTT2025","","81","L","","10","","","300","35.20","","35.20","","","","","","","","","25-00375","","","","","",""
"2025/11/14","2026/02/04","","433","ìÏí å‹êØ","","","010","S3705","01","NE1051L","","US","","161.00","","","","","LC TTT2025","","81","L","","10","","","500","35.20","","35.20","","","","","","","","","25-00375","","","","","",""
"2025/11/14","2026/02/04","","433","ìÏí å‹êØ","","","010","S3705","01","NE1051L","","US","","161.00","","","","","LC TTT2025","","81","L2","","20","","","0","32.20","","32.20","","","","","","","","","25-00375","","","","","",""
"2025/11/14","2026/02/04","","433","ìÏí å‹êØ","","","010","S3705","01","NE1051L","","US","","161.00","","","","","LC TTT2025","","81","L2","","20","","","100","32.20","","32.20","","","","","","","","","25-00375","","","","","",""
"2025/11/14","2026/02/04","","433","ìÏí å‹êØ","","","010","S3705","01","NE1051L","","US","","161.00","","","","","LC TTT2025","","90","LL","","10","","","800","35.20","","35.20","","","","","","","","","25-00375","","","","","",""
"2025/11/14","2026/02/04","","433","ìÏí å‹êØ","","","010","S3705","01","NE1051L","","US","","161.00","","","","","LC TTT2025","","90","LL","","10","","","400","35.20","","35.20","","","","","","","","","25-00375","","","","","",""
"2025/11/14","2026/02/04","","433","ìÏí å‹êØ","","","010","S3705","01","NE1051L","","US","","161.00","","","","","LC TTT2025","","90","L2","","20","","","140","32.20","","32.20","","","","","","","","","25-00375","","","","","",""
"2025/11/14","2026/02/04","","433","ìÏí å‹êØ","","","010","S3705","01","NE1051L","","US","","161.00","","","","","LC TTT2025","","90","L2","","20","","","160","32.20","","32.20","","","","","","","","","25-00375","","","","","",""
"2025/11/14","2026/02/04","","433","ìÏí å‹êØ","","","010","S3705","01","NE1051L","","US","","161.00","","","","","LC TTT2025","","90","LL2","","20","","","140","32.20","","32.20","","","","","","","","","25-00375","","","","","",""
"2025/11/14","2026/02/04","","433","ìÏí å‹êØ","","","010","S3705","01","NE1051L","","US","","161.00","","","","","LC TTT2025","","90","LL2","","0","","","0","32.20","","32.20","","","","","","","","","25-00375","","","","","",""
"2025/11/14","2026/02/04","","433","ìÏí å‹êØ","","","010","S3705","01","NE1051L","","US","","161.00","","","","","LC TTT2025","","90","M","","10","","","1000","34.83","","34.83","","","","","","","","","25-00375","","","","","",""
"2025/11/14","2026/02/04","","433","ìÏí å‹êØ","","","010","S3705","01","NE1051L","","US","","161.00","","","","","LC TTT2025","","90","M","","10","","","400","34.83","","34.83","","","","","","","","","25-00375","","","","","",""
"2025/11/14","2026/02/04","","433","ìÏí å‹êØ","","","010","S3705","01","NE1051L","","US","","161.00","","","","","LC TTT2025","","90","M2","","20","","","160","31.83","","31.83","","","","","","","","","25-00375","","","","","",""
"2025/11/14","2026/02/04","","433","ìÏí å‹êØ","","","010","S3705","01","NE1051L","","US","","161.00","","","","","LC TTT2025","","90","M2","","20","","","140","31.83","","31.83","","","","","","","","","25-00375","","","","","",""
"2025/11/14","2026/02/04","","433","ìÏí å‹êØ","","","010","S3705","01","NE1051L","","US","","161.00","","","","","LC TTT2025","","11","M","","10","","","1000","34.83","","34.83","","","","","","","","","25-00375","","","","","",""
"2025/11/14","2026/02/04","","433","ìÏí å‹êØ","","","010","S3705","01","NE1051L","","US","","161.00","","","","","LC TTT2025","","11","M","","10","","","600","34.83","","34.83","","","","","","","","","25-00375","","","","","",""
"2025/11/14","2026/02/04","","433","ìÏí å‹êØ","","","010","S3705","01","NE1051L","","US","","161.00","","","","","LC TTT2025","","11","S","","10","","","300","34.83","","34.83","","","","","","","","","25-00375","","","","","",""
"2025/11/14","2026/02/04","","433","ìÏí å‹êØ","","","010","S3705","01","NE1051L","","US","","161.00","","","","","LC TTT2025","","11","S","","0","","","0","34.83","","34.83","","","","","","","","","25-00375","","","","","",""
"2025/11/14","2026/02/04","","433","ìÏí å‹êØ","","","010","S3705","01","NE1051L","","US","","161.00","","","","","LC TTT2025","","11","S2","","20","","","120","31.83","","31.83","","","","","","","","","25-00375","","","","","",""
"2025/11/14","2026/02/04","","433","ìÏí å‹êØ","","","010","S3705","01","NE1051L","","US","","161.00","","","","","LC TTT2025","","11","S2","","0","","","0","31.83","","31.83","","","","","","","","","25-00375","","","","","",""
"2025/11/14","2026/02/04","","433","ìÏí å‹êØ","","","010","S3705","01","NE1051L","","US","","161.00","","","","","LC TTT2025","","11","M2","","20","","","200","31.83","","31.83","","","","","","","","","25-00375","","","","","",""
"2025/11/14","2026/02/04","","433","ìÏí å‹êØ","","","010","S3705","01","NE1051L","","US","","161.00","","","","","LC TTT2025","","11","M2","","0","","","0","31.83","","31.83","","","","","","","","","25-00375","","","","","",""
"2025/11/14","2026/02/04","","433","ìÏí å‹êØ","","","010","S3705","01","NE1051L","","US","","161.00","","","","","LC TTT2025","","90","S","","10","","","400","34.83","","34.83","","","","","","","","","25-00375","","","","","",""
"2025/11/14","2026/02/04","","433","ìÏí å‹êØ","","","010","S3705","01","NE1051L","","US","","161.00","","","","","LC TTT2025","","90","S","","0","","","0","34.83","","34.83","","","","","","","","","25-00375","","","","","",""
"2025/11/14","2026/02/04","","433","ìÏí å‹êØ","","","010","S3705","01","NE1051L","","US","","161.00","","","","","LC TTT2025","","90","L","","10","","","1000","35.20","","35.20","","","","","","","","","25-00375","","","","","",""
"2025/11/14","2026/02/04","","433","ìÏí å‹êØ","","","010","S3705","01","NE1051L","","US","","161.00","","","","","LC TTT2025","","90","L","","10","","","400","35.20","","35.20","","","","","","","","","25-00375","","","","","",""
"2025/11/14","2026/02/04","","433","ìÏí å‹êØ","","","010","S3705","01","NE1051L","","US","","161.00","","","","","LC TTT2025","","90","S2","","20","","","120","31.83","","31.83","","","","","","","","","25-00375","","","","","",""
"2025/11/14","2026/02/04","","433","ìÏí å‹êØ","","","010","S3705","01","NE1051L","","US","","161.00","","","","","LC TTT2025","","90","S2","","0","","","0","31.83","","31.83","","","","","","","","","25-00375","","","","","",""
"2025/11/17","2026/02/04","","406","ìÏí üèèπ","","","010","S3706","01","NE1052G","","CNY","","22.70","","","","","LC fit it BASIC","","40","S","","10","","","200","41.45","","41.45","","","","","","","","","25-00376","","","","","",""
"2025/11/17","2026/02/04","","406","ìÏí üèèπ","","","010","S3706","01","NE1052G","","CNY","","22.70","","","","","LC fit it BASIC","","40","S","","10","","","100","41.45","","41.45","","","","","","","","","25-00376","","","","","",""
"2025/11/17","2026/02/04","","406","ìÏí üèèπ","","","010","S3706","01","NE1052G","","CNY","","22.70","","","","","LC fit it BASIC","","40","M","","10","","","500","41.45","","41.45","","","","","","","","","25-00376","","","","","",""
"2025/11/17","2026/02/04","","406","ìÏí üèèπ","","","010","S3706","01","NE1052G","","CNY","","22.70","","","","","LC fit it BASIC","","40","M","","10","","","300","41.45","","41.45","","","","","","","","","25-00376","","","","","",""
"2025/11/17","2026/02/04","","406","ìÏí üèèπ","","","010","S3706","01","NE1052G","","CNY","","22.70","","","","","LC fit it BASIC","","40","L","","10","","","600","41.45","","41.45","","","","","","","","","25-00376","","","","","",""
"2025/11/17","2026/02/04","","406","ìÏí üèèπ","","","010","S3706","01","NE1052G","","CNY","","22.70","","","","","LC fit it BASIC","","40","L","","10","","","400","41.45","","41.45","","","","","","","","","25-00376","","","","","",""
"2025/11/17","2026/02/04","","406","ìÏí üèèπ","","","010","S3706","01","NE1052G","","CNY","","22.70","","","","","LC fit it BASIC","","40","LL","","10","","","400","41.45","","41.45","","","","","","","","","25-00376","","","","","",""
"2025/11/17","2026/02/04","","406","ìÏí üèèπ","","","010","S3706","01","NE1052G","","CNY","","22.70","","","","","LC fit it BASIC","","40","LL","","10","","","200","41.45","","41.45","","","","","","","","","25-00376","","","","","",""
"2025/11/17","2026/02/04","","406","ìÏí üèèπ","","","010","S3706","01","NE1052G","","CNY","","22.70","","","","","LC fit it BASIC","","40","S2","","20","","","60","41.45","","41.45","","","","","","","","","25-00376","","","","","",""
"2025/11/17","2026/02/04","","406","ìÏí üèèπ","","","010","S3706","01","NE1052G","","CNY","","22.70","","","","","LC fit it BASIC","","40","S2","","20","","","40","41.45","","41.45","","","","","","","","","25-00376","","","","","",""
"2025/11/17","2026/02/04","","406","ìÏí üèèπ","","","010","S3706","01","NE1052G","","CNY","","22.70","","","","","LC fit it BASIC","","40","M2","","20","","","80","41.45","","41.45","","","","","","","","","25-00376","","","","","",""
"2025/11/17","2026/02/04","","406","ìÏí üèèπ","","","010","S3706","01","NE1052G","","CNY","","22.70","","","","","LC fit it BASIC","","40","M2","","20","","","100","41.45","","41.45","","","","","","","","","25-00376","","","","","",""
"2025/11/17","2026/02/04","","406","ìÏí üèèπ","","","010","S3706","01","NE1052G","","CNY","","22.70","","","","","LC fit it BASIC","","40","L2","","20","","","40","41.45","","41.45","","","","","","","","","25-00376","","","","","",""
"2025/11/17","2026/02/04","","406","ìÏí üèèπ","","","010","S3706","01","NE1052G","","CNY","","22.70","","","","","LC fit it BASIC","","40","L2","","20","","","100","41.45","","41.45","","","","","","","","","25-00376","","","","","",""
"2025/11/17","2026/02/04","","406","ìÏí üèèπ","","","010","S3706","01","NE1052G","","CNY","","22.70","","","","","LC fit it BASIC","","40","LL2","","20","","","60","41.45","","41.45","","","","","","","","","25-00376","","","","","",""
"2025/11/17","2026/02/04","","406","ìÏí üèèπ","","","010","S3706","01","NE1052G","","CNY","","22.70","","","","","LC fit it BASIC","","40","LL2","","20","","","40","41.45","","41.45","","","","","","","","","25-00376","","","","","",""
"2025/11/17","2026/02/04","","406","ìÏí üèèπ","","","010","S3706","01","NE1052G","","CNY","","22.70","","","","","LC fit it BASIC","","61","S","","10","","","200","41.45","","41.45","","","","","","","","","25-00376","","","","","",""
"2025/11/17","2026/02/04","","406","ìÏí üèèπ","","","010","S3706","01","NE1052G","","CNY","","22.70","","","","","LC fit it BASIC","","61","S","","10","","","100","41.45","","41.45","","","","","","","","","25-00376","","","","","",""
"2025/11/17","2026/02/04","","406","ìÏí üèèπ","","","010","S3706","01","NE1052G","","CNY","","22.70","","","","","LC fit it BASIC","","61","M","","10","","","300","41.45","","41.45","","","","","","","","","25-00376","","","","","",""
"2025/11/17","2026/02/04","","406","ìÏí üèèπ","","","010","S3706","01","NE1052G","","CNY","","22.70","","","","","LC fit it BASIC","","61","M","","0","","","100","41.45","","41.45","","","","","","","","","25-00376","","","","","",""
"2025/11/17","2026/02/04","","406","ìÏí üèèπ","","","010","S3706","01","NE1052G","","CNY","","22.70","","","","","LC fit it BASIC","","61","L","","10","","","200","41.45","","41.45","","","","","","","","","25-00376","","","","","",""
"2025/11/17","2026/02/04","","406","ìÏí üèèπ","","","010","S3706","01","NE1052G","","CNY","","22.70","","","","","LC fit it BASIC","","61","L","","10","","","100","41.45","","41.45","","","","","","","","","25-00376","","","","","",""
"2025/11/17","2026/02/04","","406","ìÏí üèèπ","","","010","S3706","01","NE1052G","","CNY","","22.70","","","","","LC fit it BASIC","","61","LL","","10","","","50","41.45","","41.45","","","","","","","","","25-00376","","","","","",""
"2025/11/17","2026/02/04","","406","ìÏí üèèπ","","","010","S3706","01","NE1052G","","CNY","","22.70","","","","","LC fit it BASIC","","61","LL","","10","","","50","41.45","","41.45","","","","","","","","","25-00376","","","","","",""
"2025/11/17","2026/02/04","","406","ìÏí üèèπ","","","010","S3706","01","NE1052G","","CNY","","22.70","","","","","LC fit it BASIC","","61","S2","","20","","","60","41.45","","41.45","","","","","","","","","25-00376","","","","","",""
"2025/11/17","2026/02/04","","406","ìÏí üèèπ","","","010","S3706","01","NE1052G","","CNY","","22.70","","","","","LC fit it BASIC","","61","S2","","20","","","40","41.45","","41.45","","","","","","","","","25-00376","","","","","",""
"2025/11/17","2026/02/04","","406","ìÏí üèèπ","","","010","S3706","01","NE1052G","","CNY","","22.70","","","","","LC fit it BASIC","","61","M2","","20","","","100","41.45","","41.45","","","","","","","","","25-00376","","","","","",""
"2025/11/17","2026/02/04","","406","ìÏí üèèπ","","","010","S3706","01","NE1052G","","CNY","","22.70","","","","","LC fit it BASIC","","61","M2","","20","","","100","41.45","","41.45","","","","","","","","","25-00376","","","","","",""
"2025/11/17","2026/02/04","","406","ìÏí üèèπ","","","010","S3706","01","NE1052G","","CNY","","22.70","","","","","LC fit it BASIC","","61","L2","","20","","","80","41.45","","41.45","","","","","","","","","25-00376","","","","","",""
"2025/11/17","2026/02/04","","406","ìÏí üèèπ","","","010","S3706","01","NE1052G","","CNY","","22.70","","","","","LC fit it BASIC","","61","L2","","20","","","100","41.45","","41.45","","","","","","","","","25-00376","","","","","",""
"2025/11/17","2026/02/04","","406","ìÏí üèèπ","","","010","S3706","01","NE1052G","","CNY","","22.70","","","","","LC fit it BASIC","","61","LL2","","20","","","60","41.45","","41.45","","","","","","","","","25-00376","","","","","",""
"2025/11/17","2026/02/04","","406","ìÏí üèèπ","","","010","S3706","01","NE1052G","","CNY","","22.70","","","","","LC fit it BASIC","","61","LL2","","20","","","60","41.45","","41.45","","","","","","","","","25-00376","","","","","",""
"2025/11/17","2026/02/04","","406","ìÏí üèèπ","","","010","S3706","01","NE1052G","","CNY","","22.70","","","","","LC fit it BASIC","","62","S","","10","","","300","41.45","","41.45","","","","","","","","","25-00376","","","","","",""
"2025/11/17","2026/02/04","","406","ìÏí üèèπ","","","010","S3706","01","NE1052G","","CNY","","22.70","","","","","LC fit it BASIC","","62","S","","10","","","100","41.45","","41.45","","","","","","","","","25-00376","","","","","",""
"2025/11/17","2026/02/04","","406","ìÏí üèèπ","","","010","S3706","01","NE1052G","","CNY","","22.70","","","","","LC fit it BASIC","","62","M","","10","","","700","41.45","","41.45","","","","","","","","","25-00376","","","","","",""
"2025/11/17","2026/02/04","","406","ìÏí üèèπ","","","010","S3706","01","NE1052G","","CNY","","22.70","","","","","LC fit it BASIC","","62","M","","10","","","500","41.45","","41.45","","","","","","","","","25-00376","","","","","",""
"2025/11/17","2026/02/04","","406","ìÏí üèèπ","","","010","S3706","01","NE1052G","","CNY","","22.70","","","","","LC fit it BASIC","","62","L","","10","","","600","41.45","","41.45","","","","","","","","","25-00376","","","","","",""
"2025/11/17","2026/02/04","","406","ìÏí üèèπ","","","010","S3706","01","NE1052G","","CNY","","22.70","","","","","LC fit it BASIC","","62","L","","10","","","400","41.45","","41.45","","","","","","","","","25-00376","","","","","",""
"2025/11/17","2026/02/04","","406","ìÏí üèèπ","","","010","S3706","01","NE1052G","","CNY","","22.70","","","","","LC fit it BASIC","","62","LL","","10","","","120","41.45","","41.45","","","","","","","","","25-00376","","","","","",""
"2025/11/17","2026/02/04","","406","ìÏí üèèπ","","","010","S3706","01","NE1052G","","CNY","","22.70","","","","","LC fit it BASIC","","62","LL","","0","","","0","41.45","","41.45","","","","","","","","","25-00376","","","","","",""
"2025/11/17","2026/02/04","","406","ìÏí üèèπ","","","010","S3706","01","NE1052G","","CNY","","22.70","","","","","LC fit it BASIC","","62","S2","","20","","","60","41.45","","41.45","","","","","","","","","25-00376","","","","","",""
"2025/11/17","2026/02/04","","406","ìÏí üèèπ","","","010","S3706","01","NE1052G","","CNY","","22.70","","","","","LC fit it BASIC","","62","S2","","20","","","40","41.45","","41.45","","","","","","","","","25-00376","","","","","",""
"2025/11/17","2026/02/04","","406","ìÏí üèèπ","","","010","S3706","01","NE1052G","","CNY","","22.70","","","","","LC fit it BASIC","","62","M2","","20","","","100","41.45","","41.45","","","","","","","","","25-00376","","","","","",""
"2025/11/17","2026/02/04","","406","ìÏí üèèπ","","","010","S3706","01","NE1052G","","CNY","","22.70","","","","","LC fit it BASIC","","62","M2","","20","","","100","41.45","","41.45","","","","","","","","","25-00376","","","","","",""
"2025/11/17","2026/02/04","","406","ìÏí üèèπ","","","010","S3706","01","NE1052G","","CNY","","22.70","","","","","LC fit it BASIC","","62","L2","","20","","","100","41.45","","41.45","","","","","","","","","25-00376","","","","","",""
"2025/11/17","2026/02/04","","406","ìÏí üèèπ","","","010","S3706","01","NE1052G","","CNY","","22.70","","","","","LC fit it BASIC","","62","L2","","20","","","40","41.45","","41.45","","","","","","","","","25-00376","","","","","",""
"2025/11/17","2026/02/04","","406","ìÏí üèèπ","","","010","S3706","01","NE1052G","","CNY","","22.70","","","","","LC fit it BASIC","","62","LL2","","20","","","60","41.45","","41.45","","","","","","","","","25-00376","","","","","",""
"2025/11/17","2026/02/04","","406","ìÏí üèèπ","","","010","S3706","01","NE1052G","","CNY","","22.70","","","","","LC fit it BASIC","","62","LL2","","20","","","40","41.45","","41.45","","","","","","","","","25-00376","","","","","",""
"2025/11/17","2026/02/04","","406","ìÏí üèèπ","","","010","S3706","01","NE1052G","","CNY","","22.70","","","","","LC fit it BASIC","","80","S","","10","","","300","41.45","","41.45","","","","","","","","","25-00376","","","","","",""
"2025/11/17","2026/02/04","","406","ìÏí üèèπ","","","010","S3706","01","NE1052G","","CNY","","22.70","","","","","LC fit it BASIC","","80","S","","0","","","0","41.45","","41.45","","","","","","","","","25-00376","","","","","",""
"2025/11/17","2026/02/04","","406","ìÏí üèèπ","","","010","S3706","01","NE1052G","","CNY","","22.70","","","","","LC fit it BASIC","","80","M","","10","","","700","41.45","","41.45","","","","","","","","","25-00376","","","","","",""
"2025/11/17","2026/02/04","","406","ìÏí üèèπ","","","010","S3706","01","NE1052G","","CNY","","22.70","","","","","LC fit it BASIC","","80","M","","10","","","500","41.45","","41.45","","","","","","","","","25-00376","","","","","",""
"2025/11/17","2026/02/04","","406","ìÏí üèèπ","","","010","S3706","01","NE1052G","","CNY","","22.70","","","","","LC fit it BASIC","","80","L","","10","","","800","41.45","","41.45","","","","","","","","","25-00376","","","","","",""
"2025/11/17","2026/02/04","","406","ìÏí üèèπ","","","010","S3706","01","NE1052G","","CNY","","22.70","","","","","LC fit it BASIC","","80","L","","10","","","600","41.45","","41.45","","","","","","","","","25-00376","","","","","",""
"2025/11/17","2026/02/04","","406","ìÏí üèèπ","","","010","S3706","01","NE1052G","","CNY","","22.70","","","","","LC fit it BASIC","","80","LL","","10","","","500","41.45","","41.45","","","","","","","","","25-00376","","","","","",""
"2025/11/17","2026/02/04","","406","ìÏí üèèπ","","","010","S3706","01","NE1052G","","CNY","","22.70","","","","","LC fit it BASIC","","80","LL","","10","","","300","41.45","","41.45","","","","","","","","","25-00376","","","","","",""
"2025/11/17","2026/02/04","","406","ìÏí üèèπ","","","010","S3706","01","NE1052G","","CNY","","22.70","","","","","LC fit it BASIC","","80","S2","","20","","","100","41.45","","41.45","","","","","","","","","25-00376","","","","","",""
"2025/11/17","2026/02/04","","406","ìÏí üèèπ","","","010","S3706","01","NE1052G","","CNY","","22.70","","","","","LC fit it BASIC","","80","S2","","0","","","0","41.45","","41.45","","","","","","","","","25-00376","","","","","",""
"2025/11/17","2026/02/04","","406","ìÏí üèèπ","","","010","S3706","01","NE1052G","","CNY","","22.70","","","","","LC fit it BASIC","","80","M2","","20","","","100","41.45","","41.45","","","","","","","","","25-00376","","","","","",""
"2025/11/17","2026/02/04","","406","ìÏí üèèπ","","","010","S3706","01","NE1052G","","CNY","","22.70","","","","","LC fit it BASIC","","80","M2","","20","","","100","41.45","","41.45","","","","","","","","","25-00376","","","","","",""
"2025/11/17","2026/02/04","","406","ìÏí üèèπ","","","010","S3706","01","NE1052G","","CNY","","22.70","","","","","LC fit it BASIC","","80","L2","","20","","","40","41.45","","41.45","","","","","","","","","25-00376","","","","","",""
"2025/11/17","2026/02/04","","406","ìÏí üèèπ","","","010","S3706","01","NE1052G","","CNY","","22.70","","","","","LC fit it BASIC","","80","L2","","20","","","100","41.45","","41.45","","","","","","","","","25-00376","","","","","",""
"2025/11/17","2026/02/04","","406","ìÏí üèèπ","","","010","S3706","01","NE1052G","","CNY","","22.70","","","","","LC fit it BASIC","","80","LL2","","20","","","60","41.45","","41.45","","","","","","","","","25-00376","","","","","",""
"2025/11/17","2026/02/04","","406","ìÏí üèèπ","","","010","S3706","01","NE1052G","","CNY","","22.70","","","","","LC fit it BASIC","","80","LL2","","20","","","60","41.45","","41.45","","","","","","","","","25-00376","","","","","",""
"2025/11/17","2026/02/04","","406","ìÏí üèèπ","","","010","S3706","01","NE1053G","","CNY","","22.70","","","","","LC fit it CLASSIC","","40","S","","10","","","100","41.45","","41.45","","","","","","","","","25-00376","","","","","",""
"2025/11/17","2026/02/04","","406","ìÏí üèèπ","","","010","S3706","01","NE1053G","","CNY","","22.70","","","","","LC fit it CLASSIC","","40","S","","0","","","0","41.45","","41.45","","","","","","","","","25-00376","","","","","",""
"2025/11/17","2026/02/04","","406","ìÏí üèèπ","","","010","S3706","01","NE1053G","","CNY","","22.70","","","","","LC fit it CLASSIC","","40","M","","10","","","400","41.45","","41.45","","","","","","","","","25-00376","","","","","",""
"2025/11/17","2026/02/04","","406","ìÏí üèèπ","","","010","S3706","01","NE1053G","","CNY","","22.70","","","","","LC fit it CLASSIC","","40","M","","0","","","0","41.45","","41.45","","","","","","","","","25-00376","","","","","",""
"2025/11/17","2026/02/04","","406","ìÏí üèèπ","","","010","S3706","01","NE1053G","","CNY","","22.70","","","","","LC fit it CLASSIC","","40","L","","10","","","400","41.45","","41.45","","","","","","","","","25-00376","","","","","",""
"2025/11/17","2026/02/04","","406","ìÏí üèèπ","","","010","S3706","01","NE1053G","","CNY","","22.70","","","","","LC fit it CLASSIC","","40","L","","0","","","0","41.45","","41.45","","","","","","","","","25-00376","","","","","",""
"2025/11/17","2026/02/04","","406","ìÏí üèèπ","","","010","S3706","01","NE1053G","","CNY","","22.70","","","","","LC fit it CLASSIC","","40","LL","","10","","","120","41.45","","41.45","","","","","","","","","25-00376","","","","","",""
"2025/11/17","2026/02/04","","406","ìÏí üèèπ","","","010","S3706","01","NE1053G","","CNY","","22.70","","","","","LC fit it CLASSIC","","40","LL","","0","","","0","41.45","","41.45","","","","","","","","","25-00376","","","","","",""
"2025/11/17","2026/02/04","","406","ìÏí üèèπ","","","010","S3706","01","NE1053G","","CNY","","22.70","","","","","LC fit it CLASSIC","","40","S2","","20","","","100","41.45","","41.45","","","","","","","","","25-00376","","","","","",""
"2025/11/17","2026/02/04","","406","ìÏí üèèπ","","","010","S3706","01","NE1053G","","CNY","","22.70","","","","","LC fit it CLASSIC","","40","S2","","0","","","0","41.45","","41.45","","","","","","","","","25-00376","","","","","",""
"2025/11/17","2026/02/04","","406","ìÏí üèèπ","","","010","S3706","01","NE1053G","","CNY","","22.70","","","","","LC fit it CLASSIC","","40","M2","","20","","","40","41.45","","41.45","","","","","","","","","25-00376","","","","","",""
"2025/11/17","2026/02/04","","406","ìÏí üèèπ","","","010","S3706","01","NE1053G","","CNY","","22.70","","","","","LC fit it CLASSIC","","40","M2","","20","","","100","41.45","","41.45","","","","","","","","","25-00376","","","","","",""
"2025/11/17","2026/02/04","","406","ìÏí üèèπ","","","010","S3706","01","NE1053G","","CNY","","22.70","","","","","LC fit it CLASSIC","","40","L2","","20","","","40","41.45","","41.45","","","","","","","","","25-00376","","","","","",""
"2025/11/17","2026/02/04","","406","ìÏí üèèπ","","","010","S3706","01","NE1053G","","CNY","","22.70","","","","","LC fit it CLASSIC","","40","L2","","20","","","100","41.45","","41.45","","","","","","","","","25-00376","","","","","",""
"2025/11/17","2026/02/04","","406","ìÏí üèèπ","","","010","S3706","01","NE1053G","","CNY","","22.70","","","","","LC fit it CLASSIC","","40","LL2","","20","","","40","41.45","","41.45","","","","","","","","","25-00376","","","","","",""
"2025/11/17","2026/02/04","","406","ìÏí üèèπ","","","010","S3706","01","NE1053G","","CNY","","22.70","","","","","LC fit it CLASSIC","","40","LL2","","20","","","80","41.45","","41.45","","","","","","","","","25-00376","","","","","",""
"2025/11/17","2026/02/04","","406","ìÏí üèèπ","","","010","S3706","01","NE1053G","","CNY","","22.70","","","","","LC fit it CLASSIC","","90","S","","10","","","100","41.45","","41.45","","","","","","","","","25-00376","","","","","",""
"2025/11/17","2026/02/04","","406","ìÏí üèèπ","","","010","S3706","01","NE1053G","","CNY","","22.70","","","","","LC fit it CLASSIC","","90","S","","10","","","100","41.45","","41.45","","","","","","","","","25-00376","","","","","",""
"2025/11/17","2026/02/04","","406","ìÏí üèèπ","","","010","S3706","01","NE1053G","","CNY","","22.70","","","","","LC fit it CLASSIC","","90","M","","10","","","400","41.45","","41.45","","","","","","","","","25-00376","","","","","",""
"2025/11/17","2026/02/04","","406","ìÏí üèèπ","","","010","S3706","01","NE1053G","","CNY","","22.70","","","","","LC fit it CLASSIC","","90","M","","10","","","290","41.45","","41.45","","","","","","","","","25-00376","","","","","",""
"2025/11/17","2026/02/04","","406","ìÏí üèèπ","","","010","S3706","01","NE1053G","","CNY","","22.70","","","","","LC fit it CLASSIC","","90","L","","10","","","400","41.45","","41.45","","","","","","","","","25-00376","","","","","",""
"2025/11/17","2026/02/04","","406","ìÏí üèèπ","","","010","S3706","01","NE1053G","","CNY","","22.70","","","","","LC fit it CLASSIC","","90","L","","10","","","230","41.45","","41.45","","","","","","","","","25-00376","","","","","",""
"2025/11/17","2026/02/04","","406","ìÏí üèèπ","","","010","S3706","01","NE1053G","","CNY","","22.70","","","","","LC fit it CLASSIC","","90","LL","","10","","","120","41.45","","41.45","","","","","","","","","25-00376","","","","","",""
"2025/11/17","2026/02/04","","406","ìÏí üèèπ","","","010","S3706","01","NE1053G","","CNY","","22.70","","","","","LC fit it CLASSIC","","90","LL","","0","","","0","41.45","","41.45","","","","","","","","","25-00376","","","","","",""
"2025/11/17","2026/02/04","","406","ìÏí üèèπ","","","010","S3706","01","NE1053G","","CNY","","22.70","","","","","LC fit it CLASSIC","","90","S2","","20","","","100","41.45","","41.45","","","","","","","","","25-00376","","","","","",""
"2025/11/17","2026/02/04","","406","ìÏí üèèπ","","","010","S3706","01","NE1053G","","CNY","","22.70","","","","","LC fit it CLASSIC","","90","S2","","0","","","0","41.45","","41.45","","","","","","","","","25-00376","","","","","",""
"2025/11/17","2026/02/04","","406","ìÏí üèèπ","","","010","S3706","01","NE1053G","","CNY","","22.70","","","","","LC fit it CLASSIC","","90","M2","","20","","","100","41.45","","41.45","","","","","","","","","25-00376","","","","","",""
"2025/11/17","2026/02/04","","406","ìÏí üèèπ","","","010","S3706","01","NE1053G","","CNY","","22.70","","","","","LC fit it CLASSIC","","90","M2","","20","","","60","41.45","","41.45","","","","","","","","","25-00376","","","","","",""
"2025/11/17","2026/02/04","","406","ìÏí üèèπ","","","010","S3706","01","NE1053G","","CNY","","22.70","","","","","LC fit it CLASSIC","","90","L2","","20","","","100","41.45","","41.45","","","","","","","","","25-00376","","","","","",""
"2025/11/17","2026/02/04","","406","ìÏí üèèπ","","","010","S3706","01","NE1053G","","CNY","","22.70","","","","","LC fit it CLASSIC","","90","L2","","20","","","60","41.45","","41.45","","","","","","","","","25-00376","","","","","",""
"2025/11/17","2026/02/04","","406","ìÏí üèèπ","","","010","S3706","01","NE1053G","","CNY","","22.70","","","","","LC fit it CLASSIC","","90","LL2","","20","","","100","41.45","","41.45","","","","","","","","","25-00376","","","","","",""
"2025/11/17","2026/02/04","","406","ìÏí üèèπ","","","010","S3706","01","NE1053G","","CNY","","22.70","","","","","LC fit it CLASSIC","","90","LL2","","20","","","40","41.45","","41.45","","","","","","","","","25-00376","","","","","",""
"2025/11/18","2025/11/17","","336","DEPARTURES","","","007","","01","EV3008A","","CNY","","22.70","","","","","≥Ωﬁœ∑Œﬁ±Å@Ã€±∏ØºÆ›","","62","00","","0","","","216","534.00","","","","","","","","","","","25-00377","","","","","",""
"2025/11/18","2025/11/17","","336","DEPARTURES","","","007","","01","EV3008A","","CNY","","22.70","","","","","≥Ωﬁœ∑Œﬁ±Å@Ã€±∏ØºÆ›","","80","00","","0","","","216","534.00","","","","","","","","","","","25-00377","","","","","",""
"2025/11/18","2025/11/17","","336","DEPARTURES","","","007","","01","EV3009A","","CNY","","22.70","","","","","≥Ωﬁœ∑Œﬁ±Å@ºﬁ¨›Œﬁæ±√∏ØºÆ›","","62","00","","0","","","216","995.00","","","","","","","","","","","25-00377","","","","","",""
"2025/11/18","2025/11/17","","336","DEPARTURES","","","007","","01","EV3009A","","CNY","","22.70","","","","","≥Ωﬁœ∑Œﬁ±Å@ºﬁ¨›Œﬁæ±√∏ØºÆ›","","80","00","","0","","","216","995.00","","","","","","","","","","","25-00377","","","","","",""
"2025/11/18","2025/11/17","","336","DEPARTURES","","","007","","01","EV3010A","","CNY","","22.70","","","","","≥Ωﬁœ∑Œﬁ±Å@≈∂ﬁªﬁÃﬁƒ›","","62","00","","0","","","216","1194.00","","","","","","","","","","","25-00377","","","","","",""
"2025/11/18","2025/11/17","","336","DEPARTURES","","","007","","01","EV3010A","","CNY","","22.70","","","","","≥Ωﬁœ∑Œﬁ±Å@≈∂ﬁªﬁÃﬁƒ›","","80","00","","0","","","216","1194.00","","","","","","","","","","","25-00377","","","","","",""
"2025/11/18","2025/11/17","","336","DEPARTURES","","","007","","01","EV3011A","","CNY","","22.70","","","","","≥Ωﬁœ∑Œﬁ±Å@≈∂ﬁªﬁÃﬁƒ›∂ ﬁ∞","","62","00","","0","","","216","594.00","","","","","","","","","","","25-00377","","","","","",""
"2025/11/18","2025/11/17","","336","DEPARTURES","","","007","","01","EV3011A","","CNY","","22.70","","","","","≥Ωﬁœ∑Œﬁ±Å@≈∂ﬁªﬁÃﬁƒ›∂ ﬁ∞","","80","00","","0","","","216","594.00","","","","","","","","","","","25-00377","","","","","",""
"2025/11/18","2025/11/17","","336","DEPARTURES","","","007","","01","EZ3070A","","US","","161.00","","","","","≥Ωﬁœ∑Œﬁ±Å@±∏æ›ƒ◊∏ﬁ","","62","00","","0","","","200","1674.00","","","","","","","","","","","25-00377","","","","","",""
"2025/11/18","2025/11/17","","336","DEPARTURES","","","007","","01","EZ3070A","","US","","161.00","","","","","≥Ωﬁœ∑Œﬁ±Å@±∏æ›ƒ◊∏ﬁ","","80","00","","0","","","200","1674.00","","","","","","","","","","","25-00377","","","","","",""
"2025/11/18","2025/11/17","","336","DEPARTURES","","","007","","01","EZ3071A","","CNY","","22.70","","","","","≥Ωﬁœ∑Œﬁ±Å@±∏æ›ƒ◊∏ﬁ","","62","00","","0","","","200","2294.00","","","","","","","","","","","25-00377","","","","","",""
"2025/11/18","2025/11/17","","336","DEPARTURES","","","007","","01","EZ3071A","","CNY","","22.70","","","","","≥Ωﬁœ∑Œﬁ±Å@±∏æ›ƒ◊∏ﬁ","","80","00","","0","","","200","2294.00","","","","","","","","","","","25-00377","","","","","",""
"2025/11/20","2026/01/14","","437","êVìÏí ñ{èB","","","017","S3708","01","FD2359V","","CNY","","22.70","","","","","º≠≈≥ªﬁ∞Œø”ØÃﬂ","","80","M","","20","","","200","18.10","","18.10","","","","","","","","","25-00378","","","","","",""
"2025/11/20","2026/01/14","","437","êVìÏí ñ{èB","","","017","S3708","01","FD2369V","","CNY","","22.70","","","","","ª“Œø”ØÃﬂ","","30","M","","20","","","200","18.70","","18.70","","","","","","","","","25-00378","","","","","",""
"2025/11/20","2026/02/09","","437","êVìÏí ñ{èB","","","017","S3709","01","FD2370V","","CNY","","22.70","","","","","±∆œŸ“Øº≠≥º","","60","M","","20","","","200","21.35","","21.35","","","","","","","","","25-00379","","","","","",""
"2025/11/20","2026/02/09","","437","êVìÏí ñ{èB","","","017","S3709","01","FD2371V","","CNY","","22.70","","","","","Õﬂ›∑ﬁ›“Øº≠","","30","M","","20","","","200","18.90","","18.90","","","","","","","","","25-00379","","","","","",""
"2025/11/21","2026/02/05","","437","êVìÏí ñ{èB","","","017","S3710","01","FE2042V","","CNY","","22.70","","","","","Œø∂ﬁ¿∫›Ã´∞ƒº¨∞ÿ›∏ﬁ","","62","M","","20","","","300","15.50","","15.50","","","","","","","","","25-00380","","","","","",""
"2025/11/21","2026/02/05","","437","êVìÏí ñ{èB","","","017","S3710","01","FE2042V","","CNY","","22.70","","","","","Œø∂ﬁ¿∫›Ã´∞ƒº¨∞ÿ›∏ﬁ","","80","M","","20","","","300","15.50","","15.50","","","","","","","","","25-00380","","","","","",""
"2025/11/21","2026/02/05","","437","êVìÏí ñ{èB","","","017","S3710","01","FE2042V","","CNY","","22.70","","","","","Œø∂ﬁ¿∫›Ã´∞ƒº¨∞ÿ›∏ﬁ","","90","M","","20","","","300","15.50","","15.50","","","","","","","","","25-00380","","","","","",""
"2025/11/21","2026/02/05","","437","êVìÏí ñ{èB","","","017","S3710","01","FE2048V","","CNY","","22.70","","","","","¡≠∞ŸŒﬁ±∫›Ã´∞ƒ","","11","M","","20","","","300","18.25","","18.25","","","","","","","","","25-00380","","","","","",""
"2025/11/21","2026/02/05","","437","êVìÏí ñ{èB","","","017","S3710","01","FE2048V","","CNY","","22.70","","","","","¡≠∞ŸŒﬁ±∫›Ã´∞ƒ","","31","M","","20","","","300","18.25","","18.25","","","","","","","","","25-00380","","","","","",""
"2025/11/21","2026/02/05","","437","êVìÏí ñ{èB","","","017","S3710","01","FE2048V","","CNY","","22.70","","","","","¡≠∞ŸŒﬁ±∫›Ã´∞ƒ","","90","M","","20","","","300","18.25","","18.25","","","","","","","","","25-00380","","","","","",""
"2025/11/21","2026/02/05","","437","êVìÏí ñ{èB","","","017","S3710","01","FH2112V","","CNY","","22.70","","","","","ÿŒﬁ›¬∑ ≤∂Øƒ","","11","M","","20","","","300","16.05","","16.05","","","","","","","","","25-00380","","","","","",""
"2025/11/21","2026/02/05","","437","êVìÏí ñ{èB","","","017","S3710","01","FH2112V","","CNY","","22.70","","","","","ÿŒﬁ›¬∑ ≤∂Øƒ","","61","M","","20","","","300","16.05","","16.05","","","","","","","","","25-00380","","","","","",""
"2025/11/21","2026/02/05","","437","êVìÏí ñ{èB","","","017","S3710","01","FH2112V","","CNY","","22.70","","","","","ÿŒﬁ›¬∑ ≤∂Øƒ","","80","M","","20","","","300","16.05","","16.05","","","","","","","","","25-00380","","","","","",""
"2025/11/21","2026/02/16","","437","êVìÏí ñ{èB","","","017","S3711","01","FD2364V","","CNY","","22.70","","","","","ÿ∞Ãºº≠≥æ≤µ›øƒ«≤","","21","M","","20","","","400","15.20","","15.20","","","","","","","","","25-00381","","","","","",""
"2025/11/21","2026/02/16","","437","êVìÏí ñ{èB","","","990","S3711","01","FD2364V","","CNY","","22.70","","","","","ÿ∞Ãºº≠≥æ≤µ›øƒ«≤","","21","M","","0","","","0","15.20","","15.20","","","","","","","","","25-00381","","","","","",""
"2025/11/21","2026/02/16","","437","êVìÏí ñ{èB","","","017","S3711","01","FD2364V","","CNY","","22.70","","","","","ÿ∞Ãºº≠≥æ≤µ›øƒ«≤","","40","M","","20","","","400","15.20","","15.20","","","","","","","","","25-00381","","","","","",""
"2025/11/21","2026/02/16","","437","êVìÏí ñ{èB","","","990","S3711","01","FD2364V","","CNY","","22.70","","","","","ÿ∞Ãºº≠≥æ≤µ›øƒ«≤","","40","M","","0","","","0","15.20","","15.20","","","","","","","","","25-00381","","","","","",""
"2025/11/21","2026/02/16","","437","êVìÏí ñ{èB","","","017","S3711","01","FD2364V","","CNY","","22.70","","","","","ÿ∞Ãºº≠≥æ≤µ›øƒ«≤","","41","M","","20","","","500","15.20","","15.20","","","","","","","","","25-00381","","","","","",""
"2025/11/21","2026/02/16","","437","êVìÏí ñ{èB","","","990","S3711","01","FD2364V","","CNY","","22.70","","","","","ÿ∞Ãºº≠≥æ≤µ›øƒ«≤","","41","M","","0","","","0","15.20","","15.20","","","","","","","","","25-00381","","","","","",""
"2025/11/21","2026/02/16","","437","êVìÏí ñ{èB","","","017","S3711","01","FD2364V","","CNY","","22.70","","","","","ÿ∞Ãºº≠≥æ≤µ›øƒ«≤","","60","M","","20","","","400","15.20","","15.20","","","","","","","","","25-00381","","","","","",""
"2025/11/21","2026/02/16","","437","êVìÏí ñ{èB","","","990","S3711","01","FD2364V","","CNY","","22.70","","","","","ÿ∞Ãºº≠≥æ≤µ›øƒ«≤","","60","M","","0","","","0","15.20","","15.20","","","","","","","","","25-00381","","","","","",""
"2025/11/21","2026/02/16","","437","êVìÏí ñ{èB","","","017","S3711","01","FD2364V","","CNY","","22.70","","","","","ÿ∞Ãºº≠≥æ≤µ›øƒ«≤","","90","M","","20","","","400","15.20","","15.20","","","","","","","","","25-00381","","","","","",""
"2025/11/21","2026/02/16","","437","êVìÏí ñ{èB","","","990","S3711","01","FD2364V","","CNY","","22.70","","","","","ÿ∞Ãºº≠≥æ≤µ›øƒ«≤","","90","M","","0","","","0","15.20","","15.20","","","","","","","","","25-00381","","","","","",""
"2025/11/21","2026/02/16","","437","êVìÏí ñ{èB","","","017","S3711","01","FD2368V","","CNY","","22.70","","","","","SFΩ∂›ºﬁ≈Àﬁ±›Ã´⁄Ωƒ ¿¿–","","32","M","","20","","","400","13.40","","13.40","","","","","","","","","25-00381","","","","","",""
"2025/11/21","2026/02/16","","437","êVìÏí ñ{èB","","","990","S3711","01","FD2368V","","CNY","","22.70","","","","","SFΩ∂›ºﬁ≈Àﬁ±›Ã´⁄Ωƒ ¿¿–","","32","M","","0","","","2","13.40","","13.40","","","","","","","","","25-00381","","","","","",""
"2025/11/21","2026/02/16","","437","êVìÏí ñ{èB","","","017","S3711","01","FD2368V","","CNY","","22.70","","","","","SFΩ∂›ºﬁ≈Àﬁ±›Ã´⁄Ωƒ ¿¿–","","50","M","","20","","","300","13.40","","13.40","","","","","","","","","25-00381","","","","","",""
"2025/11/21","2026/02/16","","437","êVìÏí ñ{èB","","","990","S3711","01","FD2368V","","CNY","","22.70","","","","","SFΩ∂›ºﬁ≈Àﬁ±›Ã´⁄Ωƒ ¿¿–","","50","M","","0","","","2","13.40","","13.40","","","","","","","","","25-00381","","","","","",""
"2025/11/21","2026/02/16","","437","êVìÏí ñ{èB","","","017","S3711","01","FD2368V","","CNY","","22.70","","","","","SFΩ∂›ºﬁ≈Àﬁ±›Ã´⁄Ωƒ ¿¿–","","62","M","","20","","","400","13.40","","13.40","","","","","","","","","25-00381","","","","","",""
"2025/11/21","2026/02/16","","437","êVìÏí ñ{èB","","","990","S3711","01","FD2368V","","CNY","","22.70","","","","","SFΩ∂›ºﬁ≈Àﬁ±›Ã´⁄Ωƒ ¿¿–","","62","M","","0","","","2","13.40","","13.40","","","","","","","","","25-00381","","","","","",""
"2025/11/21","2026/02/16","","437","êVìÏí ñ{èB","","","017","S3711","01","FD2368V","","CNY","","22.70","","","","","SFΩ∂›ºﬁ≈Àﬁ±›Ã´⁄Ωƒ ¿¿–","","73","M","","20","","","300","13.40","","13.40","","","","","","","","","25-00381","","","","","",""
"2025/11/21","2026/02/16","","437","êVìÏí ñ{èB","","","990","S3711","01","FD2368V","","CNY","","22.70","","","","","SFΩ∂›ºﬁ≈Àﬁ±›Ã´⁄Ωƒ ¿¿–","","73","M","","0","","","2","13.40","","13.40","","","","","","","","","25-00381","","","","","",""
"2025/11/21","2026/02/16","","437","êVìÏí ñ{èB","","","017","S3711","01","FD2368V","","CNY","","22.70","","","","","SFΩ∂›ºﬁ≈Àﬁ±›Ã´⁄Ωƒ ¿¿–","","90","L","","20","","","400","13.40","","13.40","","","","","","","","","25-00381","","","","","",""
"2025/11/21","2026/02/16","","437","êVìÏí ñ{èB","","","990","S3711","01","FD2368V","","CNY","","22.70","","","","","SFΩ∂›ºﬁ≈Àﬁ±›Ã´⁄Ωƒ ¿¿–","","90","L","","0","","","2","13.40","","13.40","","","","","","","","","25-00381","","","","","",""
"2025/11/21","2026/02/16","","437","êVìÏí ñ{èB","","","017","S3711","01","FE2043V","","CNY","","22.70","","","","","ºº≠≥æ≤µ›øﬁ∫BE","","62","M","","20","","","300","15.95","","15.95","","","","","","","","","25-00381","","","","","",""
"2025/11/21","2026/02/16","","437","êVìÏí ñ{èB","","","990","S3711","01","FE2043V","","CNY","","22.70","","","","","ºº≠≥æ≤µ›øﬁ∫BE","","62","M","","0","","","0","15.95","","15.95","","","","","","","","","25-00381","","","","","",""
"2025/11/21","2026/02/16","","437","êVìÏí ñ{èB","","","017","S3711","01","FE2044V","","CNY","","22.70","","","","","ºº≠≥æ≤µ›øﬁ∫GR","","80","M","","20","","","300","15.95","","15.95","","","","","","","","","25-00381","","","","","",""
"2025/11/21","2026/02/16","","437","êVìÏí ñ{èB","","","990","S3711","01","FE2044V","","CNY","","22.70","","","","","ºº≠≥æ≤µ›øﬁ∫GR","","80","M","","0","","","0","15.95","","15.95","","","","","","","","","25-00381","","","","","",""
"2025/11/21","2026/02/16","","437","êVìÏí ñ{èB","","","017","S3711","01","FE2045V","","CNY","","22.70","","","","","ºº≠≥æ≤µ›øﬁ∫B","","30","M","","20","","","300","15.95","","15.95","","","","","","","","","25-00381","","","","","",""
"2025/11/21","2026/02/16","","437","êVìÏí ñ{èB","","","990","S3711","01","FE2045V","","CNY","","22.70","","","","","ºº≠≥æ≤µ›øﬁ∫B","","30","M","","0","","","0","15.95","","15.95","","","","","","","","","25-00381","","","","","",""
"2025/11/21","2026/02/16","","437","êVìÏí ñ{èB","","","017","S3711","01","FE2046V","","CNY","","22.70","","","","","ºº≠≥æ≤µ›øﬁ∫G","","20","M","","20","","","300","15.95","","15.95","","","","","","","","","25-00381","","","","","",""
"2025/11/21","2026/02/16","","437","êVìÏí ñ{èB","","","990","S3711","01","FE2046V","","CNY","","22.70","","","","","ºº≠≥æ≤µ›øﬁ∫G","","20","M","","0","","","0","15.95","","15.95","","","","","","","","","25-00381","","","","","",""
"2025/11/21","2026/02/16","","437","êVìÏí ñ{èB","","","017","S3711","01","FE2047V","","CNY","","22.70","","","","","SFΩ∂›ºﬁ≈Àﬁ±›Ã´⁄Ωƒ ±ª∫›","","11","M","","20","","","400","17.75","","17.75","","","","","","","","","25-00381","","","","","",""
"2025/11/21","2026/02/16","","437","êVìÏí ñ{èB","","","990","S3711","01","FE2047V","","CNY","","22.70","","","","","SFΩ∂›ºﬁ≈Àﬁ±›Ã´⁄Ωƒ ±ª∫›","","11","M","","0","","","2","17.75","","17.75","","","","","","","","","25-00381","","","","","",""
"2025/11/21","2026/02/16","","437","êVìÏí ñ{èB","","","017","S3711","01","FE2047V","","CNY","","22.70","","","","","SFΩ∂›ºﬁ≈Àﬁ±›Ã´⁄Ωƒ ±ª∫›","","80","M","","20","","","400","17.75","","17.75","","","","","","","","","25-00381","","","","","",""
"2025/11/21","2026/02/16","","437","êVìÏí ñ{èB","","","990","S3711","01","FE2047V","","CNY","","22.70","","","","","SFΩ∂›ºﬁ≈Àﬁ±›Ã´⁄Ωƒ ±ª∫›","","80","M","","0","","","2","17.75","","17.75","","","","","","","","","25-00381","","","","","",""
"2025/11/21","2026/03/09","","437","êVìÏí ñ{èB","","","017","S3712","01","FD2363V","","CNY","","22.70","","","","","SFΩ∂Ã´⁄µÃﬁÿ∞∏∂ﬁ¿¡¨¿πæ≤µ›","","11","M","","20","","","300","13.75","","13.75","","","","","","","","","25-00382","","","","","",""
"2025/11/21","2026/03/09","","437","êVìÏí ñ{èB","","","990","S3712","01","FD2363V","","CNY","","22.70","","","","","SFΩ∂Ã´⁄µÃﬁÿ∞∏∂ﬁ¿¡¨¿πæ≤µ›","","11","M","","0","","","2","13.75","","13.75","","","","","","","","","25-00382","","","","","",""
"2025/11/21","2026/03/09","","437","êVìÏí ñ{èB","","","017","S3712","01","FD2363V","","CNY","","22.70","","","","","SFΩ∂Ã´⁄µÃﬁÿ∞∏∂ﬁ¿¡¨¿πæ≤µ›","","20","M","","20","","","300","13.75","","13.75","","","","","","","","","25-00382","","","","","",""
"2025/11/21","2026/03/09","","437","êVìÏí ñ{èB","","","990","S3712","01","FD2363V","","CNY","","22.70","","","","","SFΩ∂Ã´⁄µÃﬁÿ∞∏∂ﬁ¿¡¨¿πæ≤µ›","","20","M","","0","","","2","13.75","","13.75","","","","","","","","","25-00382","","","","","",""
"2025/11/21","2026/03/09","","437","êVìÏí ñ{èB","","","017","S3712","01","FD2363V","","CNY","","22.70","","","","","SFΩ∂Ã´⁄µÃﬁÿ∞∏∂ﬁ¿¡¨¿πæ≤µ›","","32","L","","20","","","400","14.20","","14.20","","","","","","","","","25-00382","","","","","",""
"2025/11/21","2026/03/09","","437","êVìÏí ñ{èB","","","990","S3712","01","FD2363V","","CNY","","22.70","","","","","SFΩ∂Ã´⁄µÃﬁÿ∞∏∂ﬁ¿¡¨¿πæ≤µ›","","32","L","","0","","","2","14.20","","14.20","","","","","","","","","25-00382","","","","","",""
"2025/11/21","2026/03/09","","437","êVìÏí ñ{èB","","","017","S3712","01","FD2363V","","CNY","","22.70","","","","","SFΩ∂Ã´⁄µÃﬁÿ∞∏∂ﬁ¿¡¨¿πæ≤µ›","","62","M","","20","","","400","13.75","","13.75","","","","","","","","","25-00382","","","","","",""
"2025/11/21","2026/03/09","","437","êVìÏí ñ{èB","","","990","S3712","01","FD2363V","","CNY","","22.70","","","","","SFΩ∂Ã´⁄µÃﬁÿ∞∏∂ﬁ¿¡¨¿πæ≤µ›","","62","M","","0","","","2","13.75","","13.75","","","","","","","","","25-00382","","","","","",""
"2025/11/21","2026/03/09","","437","êVìÏí ñ{èB","","","017","S3712","01","FD2363V","","CNY","","22.70","","","","","SFΩ∂Ã´⁄µÃﬁÿ∞∏∂ﬁ¿¡¨¿πæ≤µ›","","90","L","","20","","","400","14.20","","14.20","","","","","","","","","25-00382","","","","","",""
"2025/11/21","2026/03/09","","437","êVìÏí ñ{èB","","","990","S3712","01","FD2363V","","CNY","","22.70","","","","","SFΩ∂Ã´⁄µÃﬁÿ∞∏∂ﬁ¿¡¨¿πæ≤µ›","","90","L","","0","","","2","14.20","","14.20","","","","","","","","","25-00382","","","","","",""
"2025/11/21","2026/03/09","","437","êVìÏí ñ{èB","","","017","S3712","01","FD2365V","","CNY","","22.70","","","","","»∫ºº≠≥æ≤µ›øƒ«≤P","","11","M","","20","","","300","14.65","","14.65","","","","","","","","","25-00382","","","","","",""
"2025/11/21","2026/03/09","","437","êVìÏí ñ{èB","","","990","S3712","01","FD2365V","","CNY","","22.70","","","","","»∫ºº≠≥æ≤µ›øƒ«≤P","","11","M","","0","","","0","14.65","","14.65","","","","","","","","","25-00382","","","","","",""
"2025/11/21","2026/03/09","","437","êVìÏí ñ{èB","","","017","S3712","01","FD2366V","","CNY","","22.70","","","","","»∫ºº≠≥æ≤µ›øƒ«≤BE","","62","M","","20","","","300","14.60","","14.60","","","","","","","","","25-00382","","","","","",""
"2025/11/21","2026/03/09","","437","êVìÏí ñ{èB","","","990","S3712","01","FD2366V","","CNY","","22.70","","","","","»∫ºº≠≥æ≤µ›øƒ«≤BE","","62","M","","0","","","0","14.60","","14.60","","","","","","","","","25-00382","","","","","",""
"2025/11/21","2026/03/09","","437","êVìÏí ñ{èB","","","017","S3712","01","FD2367V","","CNY","","22.70","","","","","º ﬁ≤«ºº≠≥æ≤µ›øƒ«≤","","20","M","","20","","","300","14.30","","14.30","","","","","","","","","25-00382","","","","","",""
"2025/11/21","2026/03/09","","437","êVìÏí ñ{èB","","","990","S3712","01","FD2367V","","CNY","","22.70","","","","","º ﬁ≤«ºº≠≥æ≤µ›øƒ«≤","","20","M","","0","","","0","14.30","","14.30","","","","","","","","","25-00382","","","","","",""
"2025/11/21","2026/03/09","","437","êVìÏí ñ{èB","","","017","S3712","01","FE2041V","","CNY","","22.70","","","","","Ω∂Ã´⁄∫›Ã´¿¿–æ≤µ›","","30","M","","20","","","300","15.55","","15.55","","","","","","","","","25-00382","","","","","",""
"2025/11/21","2026/03/09","","437","êVìÏí ñ{èB","","","990","S3712","01","FE2041V","","CNY","","22.70","","","","","Ω∂Ã´⁄∫›Ã´¿¿–æ≤µ›","","30","M","","0","","","2","15.55","","15.55","","","","","","","","","25-00382","","","","","",""
"2025/11/21","2026/03/09","","437","êVìÏí ñ{èB","","","017","S3712","01","FE2041V","","CNY","","22.70","","","","","Ω∂Ã´⁄∫›Ã´¿¿–æ≤µ›","","70","M","","20","","","300","15.55","","15.55","","","","","","","","","25-00382","","","","","",""
"2025/11/21","2026/03/09","","437","êVìÏí ñ{èB","","","990","S3712","01","FE2041V","","CNY","","22.70","","","","","Ω∂Ã´⁄∫›Ã´¿¿–æ≤µ›","","70","M","","0","","","2","15.55","","15.55","","","","","","","","","25-00382","","","","","",""
"2025/11/21","2026/03/09","","437","êVìÏí ñ{èB","","","017","S3712","01","FE2041V","","CNY","","22.70","","","","","Ω∂Ã´⁄∫›Ã´¿¿–æ≤µ›","","82","L","","20","","","400","16.00","","16.00","","","","","","","","","25-00382","","","","","",""
"2025/11/21","2026/03/09","","437","êVìÏí ñ{èB","","","990","S3712","01","FE2041V","","CNY","","22.70","","","","","Ω∂Ã´⁄∫›Ã´¿¿–æ≤µ›","","82","L","","0","","","2","16.00","","16.00","","","","","","","","","25-00382","","","","","",""
"2025/11/21","2025/12/23","","105","ã‡êX","","","007","S3713","01","DD3037W","","CNY","","22.70","","","","","ïsêUìXêÙÇ¶ÇÈΩÿØ ﬂ","","10","M","","4","","","360","10.55","","10.55","","","","","","","","","25-00383","","","","","",""
"2025/11/21","2025/12/23","","105","ã‡êX","","","007","S3713","01","DD3037W","","CNY","","22.70","","","","","ïsêUìXêÙÇ¶ÇÈΩÿØ ﬂ","","20","M","","4","","","360","10.55","","10.55","","","","","","","","","25-00383","","","","","",""
"2025/11/21","2025/12/23","","105","ã‡êX","","","007","S3713","01","DD3037W","","CNY","","22.70","","","","","ïsêUìXêÙÇ¶ÇÈΩÿØ ﬂ","","32","L","","4","","","360","10.55","","10.55","","","","","","","","","25-00383","","","","","",""
"2025/11/21","2025/12/23","","105","ã‡êX","","","007","S3713","01","DD3037W","","CNY","","22.70","","","","","ïsêUìXêÙÇ¶ÇÈΩÿØ ﬂ","","70","M","","4","","","360","10.55","","10.55","","","","","","","","","25-00383","","","","","",""
"2025/11/21","2025/12/23","","105","ã‡êX","","","007","S3713","01","DD3037W","","CNY","","22.70","","","","","ïsêUìXêÙÇ¶ÇÈΩÿØ ﬂ","","82","M","","4","","","360","10.55","","10.55","","","","","","","","","25-00383","","","","","",""
"2025/11/24","2026/02/10","","437","êVìÏí ñ{èB","","","007","S3715","01","FE2036V","","CNY","","22.70","","","","","SK ”›¡Ø¡ ﬂ≤Ÿ∫›Ã´∞ƒY","","70","M","","0","","","1450","17.00","","17.00","","","","","","","","","25-00384","","","","","",""
"2025/11/24","2026/02/10","","437","êVìÏí ñ{èB","","","017","S3715","01","FE2036V","","CNY","","22.70","","","","","SK ”›¡Ø¡ ﬂ≤Ÿ∫›Ã´∞ƒY","","70","M","","20","","","300","17.00","","17.00","","","","","","","","","25-00384","","","","","",""
"2025/11/24","2026/02/10","","437","êVìÏí ñ{èB","","","990","S3715","01","FE2036V","","CNY","","22.70","","","","","SK ”›¡Ø¡ ﬂ≤Ÿ∫›Ã´∞ƒY","","70","M","","0","","","3","17.00","","17.00","","","","","","","","","25-00384","","","","","",""
"2025/11/24","2026/02/10","","437","êVìÏí ñ{èB","","","007","S3715","01","FE2037V","","CNY","","22.70","","","","","SK ”›¡Ø¡ ﬂ≤Ÿ∫›Ã´∞ƒOR","","73","M","","0","","","1450","16.30","","16.30","","","","","","","","","25-00384","","","","","",""
"2025/11/24","2026/02/10","","437","êVìÏí ñ{èB","","","017","S3715","01","FE2037V","","CNY","","22.70","","","","","SK ”›¡Ø¡ ﬂ≤Ÿ∫›Ã´∞ƒOR","","73","M","","20","","","300","16.30","","16.30","","","","","","","","","25-00384","","","","","",""
"2025/11/24","2026/02/10","","437","êVìÏí ñ{èB","","","990","S3715","01","FE2037V","","CNY","","22.70","","","","","SK ”›¡Ø¡ ﬂ≤Ÿ∫›Ã´∞ƒOR","","73","M","","0","","","3","16.30","","16.30","","","","","","","","","25-00384","","","","","",""
"2025/11/24","2026/02/10","","437","êVìÏí ñ{èB","","","007","S3715","01","FE2038V","","CNY","","22.70","","","","","SK ”›¡Ø¡ ﬂ≤Ÿ∫›Ã´∞ƒ","","30","M","","0","","","1450","16.40","","16.40","","","","","","","","","25-00384","","","","","",""
"2025/11/24","2026/02/10","","437","êVìÏí ñ{èB","","","017","S3715","01","FE2038V","","CNY","","22.70","","","","","SK ”›¡Ø¡ ﬂ≤Ÿ∫›Ã´∞ƒ","","30","M","","20","","","300","16.40","","16.40","","","","","","","","","25-00384","","","","","",""
"2025/11/24","2026/02/10","","437","êVìÏí ñ{èB","","","990","S3715","01","FE2038V","","CNY","","22.70","","","","","SK ”›¡Ø¡ ﬂ≤Ÿ∫›Ã´∞ƒ","","30","M","","0","","","3","16.40","","16.40","","","","","","","","","25-00384","","","","","",""
"2025/11/24","2026/02/10","","437","êVìÏí ñ{èB","","","007","S3715","01","FE2039V","","CNY","","22.70","","","","","SK ¡—¿› ﬂ≤Ÿ∫›Ã´∞ƒ","","11","M","","0","","","1450","17.20","","17.20","","","","","","","","","25-00384","","","","","",""
"2025/11/24","2026/02/10","","437","êVìÏí ñ{èB","","","017","S3715","01","FE2039V","","CNY","","22.70","","","","","SK ¡—¿› ﬂ≤Ÿ∫›Ã´∞ƒ","","11","M","","20","","","300","17.20","","17.20","","","","","","","","","25-00384","","","","","",""
"2025/11/24","2026/02/10","","437","êVìÏí ñ{èB","","","990","S3715","01","FE2039V","","CNY","","22.70","","","","","SK ¡—¿› ﬂ≤Ÿ∫›Ã´∞ƒ","","11","M","","0","","","3","17.20","","17.20","","","","","","","","","25-00384","","","","","",""
"2025/11/28","2026/01/21","","434","ìÏí à§å¨","","","017","S3722","01","FT2005A","","CNY","","22.70","","","","","PH µ≤ºø≥≈º€∏œ¥Ãﬂ€›","","73","M-L","","50","","","500","35.50","","35.50","","","","","","","","","25-00385","","","","","",""
"2025/11/28","2026/01/21","","434","ìÏí à§å¨","","","990","S3722","01","FT2005A","","CNY","","22.70","","","","","PH µ≤ºø≥≈º€∏œ¥Ãﬂ€›","","73","M-L","","0","","","10","35.50","","35.50","","","","","","","","","25-00385","","","","","",""
"2025/11/28","2026/01/21","","434","ìÏí à§å¨","","","017","S3722","01","FT2006A","","CNY","","22.70","","","","","PO “∂ﬁ»≥ª∑ﬁ¥Ãﬂ€›","","32","M-L","","50","","","500","35.50","","35.50","","","","","","","","","25-00385","","","","","",""
"2025/11/28","2026/01/21","","434","ìÏí à§å¨","","","990","S3722","01","FT2006A","","CNY","","22.70","","","","","PO “∂ﬁ»≥ª∑ﬁ¥Ãﬂ€›","","32","M-L","","0","","","5","35.50","","35.50","","","","","","","","","25-00385","","","","","",""
"2025/11/28","2026/01/21","","434","ìÏí à§å¨","","","017","S3722","01","FT2007A","","CNY","","22.70","","","","","PO “∂ﬁ»≥ª∑ﬁ¥Ãﬂ€›","","62","M-L","","50","","","500","35.50","","35.50","","","","","","","","","25-00385","","","","","",""
"2025/11/28","2026/01/21","","434","ìÏí à§å¨","","","990","S3722","01","FT2007A","","CNY","","22.70","","","","","PO “∂ﬁ»≥ª∑ﬁ¥Ãﬂ€›","","62","M-L","","0","","","5","35.50","","35.50","","","","","","","","","25-00385","","","","","",""
"2025/11/28","2026/01/21","","434","ìÏí à§å¨","","","017","S3722","01","FT2008A","","CNY","","22.70","","","","","PO »Ωﬁ–∏›…¡ÆØ∑¥Ãﬂ€›GR","","80","M-L","","50","","","500","35.50","","35.50","","","","","","","","","25-00385","","","","","",""
"2025/11/28","2026/01/21","","434","ìÏí à§å¨","","","990","S3722","01","FT2008A","","CNY","","22.70","","","","","PO »Ωﬁ–∏›…¡ÆØ∑¥Ãﬂ€›GR","","80","M-L","","0","","","5","35.50","","35.50","","","","","","","","","25-00385","","","","","",""
"2025/11/28","2026/01/21","","434","ìÏí à§å¨","","","017","S3722","01","FT2009A","","CNY","","22.70","","","","","PO »Ωﬁ–∏›…¡ÆØ∑¥Ãﬂ€›G","","20","M-L","","50","","","500","34.50","","34.50","","","","","","","","","25-00385","","","","","",""
"2025/11/28","2026/01/21","","434","ìÏí à§å¨","","","990","S3722","01","FT2009A","","CNY","","22.70","","","","","PO »Ωﬁ–∏›…¡ÆØ∑¥Ãﬂ€›G","","20","M-L","","0","","","5","34.50","","34.50","","","","","","","","","25-00385","","","","","",""
"2025/11/28","2026/01/21","","434","ìÏí à§å¨","","","017","S3722","01","FT2010A","","CNY","","22.70","","","","","GP ºœ∏ﬁŸ¥Ãﬂ€›DB","","32","M-L","","50","","","500","34.50","","34.50","","","","","","","","","25-00385","","","","","",""
"2025/11/28","2026/01/21","","434","ìÏí à§å¨","","","990","S3722","01","FT2010A","","CNY","","22.70","","","","","GP ºœ∏ﬁŸ¥Ãﬂ€›DB","","32","M-L","","0","","","8","34.50","","34.50","","","","","","","","","25-00385","","","","","",""
"2025/11/28","2026/01/21","","434","ìÏí à§å¨","","","017","S3722","01","FT2011A","","CNY","","22.70","","","","","GP ºœ∏ﬁŸ¥Ãﬂ€›BK","","90","M-L","","50","","","500","34.50","","34.50","","","","","","","","","25-00385","","","","","",""
"2025/11/28","2026/01/21","","434","ìÏí à§å¨","","","990","S3722","01","FT2011A","","CNY","","22.70","","","","","GP ºœ∏ﬁŸ¥Ãﬂ€›BK","","90","M-L","","0","","","8","34.50","","34.50","","","","","","","","","25-00385","","","","","",""
"2025/11/28","2026/01/21","","434","ìÏí à§å¨","","","017","S3722","01","FT2012A","","CNY","","22.70","","","","","»∫¥Ãﬂ€›GR","","80","M-L","","50","","","500","36.50","","36.50","","","","","","","","","25-00385","","","","","",""
"2025/11/28","2026/01/21","","434","ìÏí à§å¨","","","990","S3722","01","FT2012A","","CNY","","22.70","","","","","»∫¥Ãﬂ€›GR","","80","M-L","","0","","","0","36.50","","36.50","","","","","","","","","25-00385","","","","","",""
"2025/11/28","2026/01/21","","434","ìÏí à§å¨","","","017","S3722","01","FT2013A","","CNY","","22.70","","","","","»∫¥Ãﬂ€›P","","11","M-L","","50","","","500","40.00","","40.00","","","","","","","","","25-00385","","","","","",""
"2025/11/28","2026/01/21","","434","ìÏí à§å¨","","","990","S3722","01","FT2013A","","CNY","","22.70","","","","","»∫¥Ãﬂ€›P","","11","M-L","","0","","","0","40.00","","40.00","","","","","","","","","25-00385","","","","","",""
"2025/11/24","2026/01/20","","411","ìÏí ì°ìå","","","007","S3714","01","FA2520F","","CNY","","22.70","","","","","DS Ωﬁ∞ƒÀﬂ±ƒ≤⁄ΩÿØ ﬂG","","20","L","","0","","","1450","17.60","","17.60","","","","","","","","","25-00386","","","","","",""
"2025/11/24","2026/01/20","","411","ìÏí ì°ìå","","","017","S3714","01","FA2520F","","CNY","","22.70","","","","","DS Ωﬁ∞ƒÀﬂ±ƒ≤⁄ΩÿØ ﬂG","","20","L","","25","","","50","17.60","","17.60","","","","","","","","","25-00386","","","","","",""
"2025/11/24","2026/01/20","","411","ìÏí ì°ìå","","","990","S3714","01","FA2520F","","CNY","","22.70","","","","","DS Ωﬁ∞ƒÀﬂ±ƒ≤⁄ΩÿØ ﬂG","","20","L","","0","","","1","17.60","","17.60","","","","","","","","","25-00386","","","","","",""
"2025/11/24","2026/01/20","","411","ìÏí ì°ìå","","","007","S3714","01","FA2521F","","CNY","","22.70","","","","","DS Ωﬁ∞ƒÀﬂ±ƒ≤⁄ΩÿØ ﬂB","","30","L","","0","","","1450","17.60","","17.60","","","","","","","","","25-00386","","","","","",""
"2025/11/24","2026/01/20","","411","ìÏí ì°ìå","","","017","S3714","01","FA2521F","","CNY","","22.70","","","","","DS Ωﬁ∞ƒÀﬂ±ƒ≤⁄ΩÿØ ﬂB","","30","L","","25","","","50","17.60","","17.60","","","","","","","","","25-00386","","","","","",""
"2025/11/24","2026/01/20","","411","ìÏí ì°ìå","","","990","S3714","01","FA2521F","","CNY","","22.70","","","","","DS Ωﬁ∞ƒÀﬂ±ƒ≤⁄ΩÿØ ﬂB","","30","L","","0","","","1","17.60","","17.60","","","","","","","","","25-00386","","","","","",""
"2025/11/24","2026/01/20","","411","ìÏí ì°ìå","","","007","S3714","01","FA2522F","","CNY","","22.70","","","","","SR  €∞∑√®ƒ≤⁄ΩÿØ ﬂÃ™≤Ω","","90","L","","0","","","1450","14.65","","14.65","","","","","","","","","25-00386","","","","","",""
"2025/11/24","2026/01/20","","411","ìÏí ì°ìå","","","017","S3714","01","FA2522F","","CNY","","22.70","","","","","SR  €∞∑√®ƒ≤⁄ΩÿØ ﬂÃ™≤Ω","","90","L","","25","","","50","14.65","","14.65","","","","","","","","","25-00386","","","","","",""
"2025/11/24","2026/01/20","","411","ìÏí ì°ìå","","","990","S3714","01","FA2522F","","CNY","","22.70","","","","","SR  €∞∑√®ƒ≤⁄ΩÿØ ﬂÃ™≤Ω","","90","L","","0","","","0","14.65","","14.65","","","","","","","","","25-00386","","","","","",""
"2025/11/24","2026/01/20","","411","ìÏí ì°ìå","","","007","S3714","01","FA2523F","","CNY","","22.70","","","","","SR  €∞∑√®ƒ≤⁄ΩÿØ ﬂæﬁ›º›","","90","L","","0","","","1450","14.65","","14.65","","","","","","","","","25-00386","","","","","",""
"2025/11/24","2026/01/20","","411","ìÏí ì°ìå","","","017","S3714","01","FA2523F","","CNY","","22.70","","","","","SR  €∞∑√®ƒ≤⁄ΩÿØ ﬂæﬁ›º›","","90","L","","25","","","50","14.65","","14.65","","","","","","","","","25-00386","","","","","",""
"2025/11/24","2026/01/20","","411","ìÏí ì°ìå","","","990","S3714","01","FA2523F","","CNY","","22.70","","","","","SR  €∞∑√®ƒ≤⁄ΩÿØ ﬂæﬁ›º›","","90","L","","0","","","0","14.65","","14.65","","","","","","","","","25-00386","","","","","",""
"2025/11/27","2026/01/28","","411","ìÏí ì°ìå","","","019","S3717","01","NC1702F","","CNY","","22.70","","","","","—ºﬁ","","62","00","","30","","","1500","9.30","","9.30","","","","","","","","","25-00387","","","","","",""
"2025/11/27","2026/01/28","","411","ìÏí ì°ìå","","","019","S3717","01","NC1702F","","CNY","","22.70","","","","","—ºﬁ","","62","00","","0","","","0","9.30","","9.30","","","","","","","","","25-00387","","","","","",""
"2025/11/27","2026/02/24","","437","êVìÏí ñ{èB","","","017","S3716","01","FH2113V","","CNY","","22.70","","","","","KE ∂∏⁄””ºﬁÿ“Øº≠ ﬂ›¿","","11","M","","20","","","500","17.70","","17.70","","","","","","","","","25-00388","","","","","",""
"2025/11/27","2026/02/24","","437","êVìÏí ñ{èB","","","990","S3716","01","FH2113V","","CNY","","22.70","","","","","KE ∂∏⁄””ºﬁÿ“Øº≠ ﬂ›¿","","11","M","","0","","","6","17.70","","17.70","","","","","","","","","25-00388","","","","","",""
"2025/11/27","2026/02/24","","437","êVìÏí ñ{èB","","","017","S3716","01","FH2115V","","CNY","","22.70","","","","","KE ±◊º∏€ ﬁ»“Øº≠ ﬂ›¿","","80","M","","20","","","500","17.50","","17.50","","","","","","","","","25-00388","","","","","",""
"2025/11/27","2026/02/24","","437","êVìÏí ñ{èB","","","990","S3716","01","FH2115V","","CNY","","22.70","","","","","KE ±◊º∏€ ﬁ»“Øº≠ ﬂ›¿","","80","M","","0","","","6","17.50","","17.50","","","","","","","","","25-00388","","","","","",""
"2025/11/27","2026/02/24","","437","êVìÏí ñ{èB","","","017","S3716","01","FJ2093V","","CNY","","22.70","","","","","KE ±◊º∏€ ﬁ»Œø”ØÃﬂ","","80","M","","20","","","500","15.00","","15.00","","","","","","","","","25-00388","","","","","",""
"2025/11/27","2026/02/24","","437","êVìÏí ñ{èB","","","990","S3716","01","FJ2093V","","CNY","","22.70","","","","","KE ±◊º∏€ ﬁ»Œø”ØÃﬂ","","80","M","","0","","","6","15.00","","15.00","","","","","","","","","25-00388","","","","","",""
"2025/12/02","2026/01/31","","411","ìÏí ì°ìå","","","305","S3725","01","CB2004F","","US","","161.00","","","","","ñ≥ínÃ◊›","","45","00","","30","","","450","0.00","","0.00","","","","","","","","","25-00389","","","","","",""
"2025/12/02","2026/01/31","","411","ìÏí ì°ìå","","","305","S3725","01","CB2004F","","US","","161.00","","","","","ñ≥ínÃ◊›","","65","00","","30","","","600","0.00","","0.00","","","","","","","","","25-00389","","","","","",""
"2025/12/02","2026/01/31","","411","ìÏí ì°ìå","","","305","S3725","01","DD2008F","","US","","161.00","","","","","êÙÇ¶ÇÈäOñDÇ¢","","15","00","","30","","","1200","0.00","","0.00","","","","","","","","","25-00389","","","","","",""
"2025/12/02","2026/01/31","","411","ìÏí ì°ìå","","","305","S3725","01","DD2008F","","US","","161.00","","","","","êÙÇ¶ÇÈäOñDÇ¢","","75","00","","30","","","720","0.00","","0.00","","","","","","","","","25-00389","","","","","",""
"2025/12/02","2026/01/31","","411","ìÏí ì°ìå","","","305","S3725","01","DD2506F","","US","","161.00","","","","","êÙÇ¶ÇÈÅ@Lª≤Ωﬁ","","35","L","","30","","","1200","0.00","","0.00","","","","","","","","","25-00389","","","","","",""
"2025/12/02","2026/01/31","","411","ìÏí ì°ìå","","","305","S3725","01","DD2506F","","US","","161.00","","","","","êÙÇ¶ÇÈÅ@Lª≤Ωﬁ","","85","L","","30","","","1200","0.00","","0.00","","","","","","","","","25-00389","","","","","",""
"2025/12/02","2026/01/31","","411","ìÏí ì°ìå","","","305","S3725","01","NB1007F","","CNY","","22.70","","","","","⁄ªﬁ∞Ã◊‹∞","","18","00","","30","","","2100","12.30","","12.30","","","","","","","","","25-00389","","","","","",""
"2025/12/02","2026/01/31","","411","ìÏí ì°ìå","","","305","S3725","01","NB1007F","","CNY","","22.70","","","","","⁄ªﬁ∞Ã◊‹∞","","48","00","","30","","","1800","12.30","","12.30","","","","","","","","","25-00389","","","","","",""
"2025/12/02","2026/01/31","","411","ìÏí ì°ìå","","","305","S3725","01","NC1006F","","CNY","","22.70","","","","","¥›æﬁŸƒ≤⁄Øƒ","","18","00","","30","","","1800","12.30","","12.30","","","","","","","","","25-00389","","","","","",""
"2025/12/02","2026/01/31","","411","ìÏí ì°ìå","","","305","S3725","01","NC1006F","","CNY","","22.70","","","","","¥›æﬁŸƒ≤⁄Øƒ","","38","00","","30","","","1800","12.30","","12.30","","","","","","","","","25-00389","","","","","",""
"2025/12/02","2026/01/31","","411","ìÏí ì°ìå","","","305","S3725","01","ND1660F","","CNY","","22.70","","","","","äO “Øº≠ SB","","85","L","","30","","","1800","11.70","","11.70","","","","","","","","","25-00389","","","","","",""
"2025/12/02","2026/02/20","","411","ìÏí ì°ìå","","","015","S3726","01","DD2004F","","CNY","","22.70","","","","","èÙíÜ","","65","00","","30","","","1110","10.40","","10.40","","","","","","","","","25-00390","","","","","",""
"2025/12/02","2026/02/20","","411","ìÏí ì°ìå","","","015","S3726","01","DD2004F","","CNY","","22.70","","","","","èÙíÜ","","75","00","","30","","","1110","10.40","","10.40","","","","","","","","","25-00390","","","","","",""
"2025/12/02","2026/02/20","","411","ìÏí ì°ìå","","","015","S3726","01","DD2007F","","US","","161.00","","","","","¥Ω∆Ø∏í|íÜ","","15","00","","30","","","1230","0.00","","0.00","","","","","","","","","25-00390","","","","","",""
"2025/12/02","2026/02/20","","411","ìÏí ì°ìå","","","015","S3726","01","DD2007F","","US","","161.00","","","","","¥Ω∆Ø∏í|íÜ","","45","00","","30","","","1230","0.00","","0.00","","","","","","","","","25-00390","","","","","",""
"2025/12/02","2026/02/20","","411","ìÏí ì°ìå","","","015","S3726","01","DD2502F","","US","","161.00","","","","","èÙíÜ Lª≤Ωﬁ","","35","L","","30","","","1110","0.00","","0.00","","","","","","","","","25-00390","","","","","",""
"2025/12/02","2026/02/20","","411","ìÏí ì°ìå","","","015","S3726","01","DD2502F","","US","","161.00","","","","","èÙíÜ Lª≤Ωﬁ","","85","L","","30","","","1110","0.00","","0.00","","","","","","","","","25-00390","","","","","",""
"2025/12/02","2026/02/20","","411","ìÏí ì°ìå","","","015","S3726","01","DD2505F","","US","","161.00","","","","","¥Ω∆Ø∏í|íÜ Lª≤Ωﬁ","","35","L","","30","","","1230","0.00","","0.00","","","","","","","","","25-00390","","","","","",""
"2025/12/02","2026/02/20","","411","ìÏí ì°ìå","","","015","S3726","01","DD2505F","","US","","161.00","","","","","¥Ω∆Ø∏í|íÜ Lª≤Ωﬁ","","95","L","","30","","","1230","0.00","","0.00","","","","","","","","","25-00390","","","","","",""
"2025/12/02","2026/02/20","","411","ìÏí ì°ìå","","","015","S3726","01","EA2049F","","US","","161.00","","","","","ƒ›Œﬁ","","15","M","","30","","","900","0.00","","0.00","","","","","","","","","25-00390","","","","","",""
"2025/12/02","2026/02/20","","411","ìÏí ì°ìå","","","015","S3726","01","EA2049F","","US","","161.00","","","","","ƒ›Œﬁ","","35","M","","30","","","900","0.00","","0.00","","","","","","","","","25-00390","","","","","",""
"2025/12/23","2026/04/01","","411","ìÏí ì°ìå","","","007","S3719R","01","ES2055F","","CNY","","22.70","","","","","∏œ «≤∏ﬁŸ–ºﬁÀﬁØ¬","","90","M","","25","","","1500","26.90","","26.90","","","","","","","","","25-00391","","","","","",""
"2025/12/23","2026/04/01","","411","ìÏí ì°ìå","","","007","S3719R","01","ES2055F","","CNY","","22.70","","","","","∏œ «≤∏ﬁŸ–ºﬁÀﬁØ¬","","90","L","","25","","","1500","26.90","","26.90","","","","","","","","","25-00391","","","","","",""
"2025/12/23","2026/04/01","","411","ìÏí ì°ìå","","","007","S3719R","01","FS2022F","","CNY","","22.70","","","","","º€»∫Å@«≤∏ﬁŸ–ºﬁÀﬁØ¬","","11","M","","25","","","1500","26.90","","26.90","","","","","","","","","25-00391","","","","","",""
"2025/12/23","2026/04/01","","411","ìÏí ì°ìå","","","007","S3719R","01","FS2022F","","CNY","","22.70","","","","","º€»∫Å@«≤∏ﬁŸ–ºﬁÀﬁØ¬","","11","L","","25","","","1500","26.90","","26.90","","","","","","","","","25-00391","","","","","",""
"2026/01/14","2026/02/20","","404","à¿ãJëÒíy","","","007","S3720R","01","ES2056J","","CNY","","22.70","","","","","»∫¡¨∞—Å@ª›¿ﬁŸ","","90","M","","25","","","1500","18.30","","18.30","","","","","","","","","25-00392","","","","","",""
"2026/01/14","2026/02/20","","404","à¿ãJëÒíy","","","007","S3720R","01","ES2056J","","CNY","","22.70","","","","","»∫¡¨∞—Å@ª›¿ﬁŸ","","90","L","","25","","","1500","18.30","","18.30","","","","","","","","","25-00392","","","","","",""
"2026/01/14","2026/02/20","","404","à¿ãJëÒíy","","","007","S3720R","01","ES2057J","","US","","161.00","","","",""," ﬂ›¿ﬁ¡¨∞—Å@ª›¿ﬁŸ","","90","M","","25","","","1500","18.30","","18.30","","","","","","","","","25-00392","","","","","",""
"2026/01/14","2026/02/20","","404","à¿ãJëÒíy","","","007","S3720R","01","ES2057J","","US","","161.00","","","",""," ﬂ›¿ﬁ¡¨∞—Å@ª›¿ﬁŸ","","90","L","","25","","","1500","18.30","","18.30","","","","","","","","","25-00392","","","","","",""
"2025/11/28","2026/02/20","","105","ã‡êX","","","015","S3724R","01","FD2340W","","CNY","","22.70","","","","","‹ØÃŸ—ºﬁ","","62","M","","30","","","300","10.50","","10.50","","","","","","","","","25-00393","","","","","",""
"2025/11/28","2026/02/20","","105","ã‡êX","","","015","S3724R","01","FD2340W","","CNY","","22.70","","","","","‹ØÃŸ—ºﬁ","","80","M","","30","","","300","10.50","","10.50","","","","","","","","","25-00393","","","","","",""
"2025/11/28","2026/02/20","","105","ã‡êX","","","015","S3724R","01","FD2341W","","CNY","","22.70","","","","","⁄≤∂›—ºﬁ","","11","M","","30","","","1320","11.20","","11.20","","","","","","","","","25-00393","","","","","",""
"2025/11/28","2026/02/20","","105","ã‡êX","","","015","S3724R","01","FD2341W","","CNY","","22.70","","","","","⁄≤∂›—ºﬁ","","62","M","","30","","","1320","11.20","","11.20","","","","","","","","","25-00393","","","","","",""
"2025/11/28","2026/02/20","","105","ã‡êX","","","015","S3724R","01","FD2342W","","CNY","","22.70","","","","","∏œÅ@“Øº≠","","11","M","","30","","","450","9.30","","9.30","","","","","","","","","25-00393","","","","","",""
"2025/11/28","2026/02/20","","105","ã‡êX","","","015","S3724R","01","FD2342W","","CNY","","22.70","","","","","∏œÅ@“Øº≠","","70","M","","30","","","450","9.30","","9.30","","","","","","","","","25-00393","","","","","",""
"2025/11/28","2026/02/20","","105","ã‡êX","","","015","S3724R","01","FD2343W","","CNY","","22.70","","","","","º ﬁ≤«»∞—Å@“Øº≠","","30","M","","30","","","450","9.30","","9.30","","","","","","","","","25-00393","","","","","",""
"2025/11/28","2026/02/20","","105","ã‡êX","","","015","S3724R","01","FD2343W","","CNY","","22.70","","","","","º ﬁ≤«»∞—Å@“Øº≠","","60","M","","30","","","450","9.30","","9.30","","","","","","","","","25-00393","","","","","",""
"2025/11/28","2026/02/20","","105","ã‡êX","","","015","S3724R","01","FD2344W","","CNY","","22.70","","","","","»∫ºº≠≥Å@“Øº≠","","11","M","","30","","","450","9.30","","9.30","","","","","","","","","25-00393","","","","","",""
"2025/11/28","2026/02/20","","105","ã‡êX","","","015","S3724R","01","FD2344W","","CNY","","22.70","","","","","»∫ºº≠≥Å@“Øº≠","","80","M","","30","","","450","9.30","","9.30","","","","","","","","","25-00393","","","","","",""
"2025/11/28","2026/02/20","","105","ã‡êX","","","015","S3724R","01","FD2663W","","CNY","","22.70","","","","","‹ØÃŸ—ºﬁ","","32","L","","30","","","300","10.80","","10.80","","","","","","","","","25-00393","","","","","",""
"2025/11/28","2026/02/20","","105","ã‡êX","","","015","S3724R","01","FD2663W","","CNY","","22.70","","","","","‹ØÃŸ—ºﬁ","","82","L","","30","","","300","10.80","","10.80","","","","","","","","","25-00393","","","","","",""
"2025/11/28","2026/02/20","","105","ã‡êX","","","015","S3724R","01","FD2664W","","CNY","","22.70","","","","","⁄≤∂›—ºﬁ","","32","L","","30","","","1320","11.50","","11.50","","","","","","","","","25-00393","","","","","",""
"2025/11/28","2026/02/20","","105","ã‡êX","","","015","S3724R","01","FD2664W","","CNY","","22.70","","","","","⁄≤∂›—ºﬁ","","80","L","","30","","","600","11.50","","11.50","","","","","","","","","25-00393","","","","","",""
"2025/11/28","2026/02/20","","105","ã‡êX","","","015","S3724R","01","FE2023W","","CNY","","22.70","","","","","⁄≤∂›—ºﬁ","","62","M","","30","","","1170","13.10","","13.10","","","","","","","","","25-00393","","","","","",""
"2025/11/28","2026/02/20","","105","ã‡êX","","","015","S3724R","01","FE2024W","","CNY","","22.70","","","","","—ºﬁ¿π","","11","M","","30","","","1350","12.80","","12.80","","","","","","","","","25-00393","","","","","",""
"2025/11/28","2026/02/20","","105","ã‡êX","","","015","S3724R","01","FE2025W","","CNY","","22.70","","","","","Ωƒ◊≤ÃﬂÅ@¿¿–","","60","M","","30","","","600","12.60","","12.60","","","","","","","","","25-00393","","","","","",""
"2025/11/28","2026/02/20","","105","ã‡êX","","","015","S3724R","01","FE2026W","","CNY","","22.70","","","","","ªº∫Å@¿¿–","","10","M","","30","","","450","12.40","","12.40","","","","","","","","","25-00393","","","","","",""
"2025/11/28","2026/02/20","","105","ã‡êX","","","015","S3724R","01","FE2523W","","CNY","","22.70","","","","","⁄≤∂›—ºﬁ","","32","L","","30","","","1170","13.40","","13.40","","","","","","","","","25-00393","","","","","",""
"2025/11/28","2026/02/20","","105","ã‡êX","","","015","S3724R","01","FE2524W","","CNY","","22.70","","","","","—ºﬁ¿π","","90","L","","30","","","1350","13.10","","13.10","","","","","","","","","25-00393","","","","","",""
"2025/11/28","2026/02/20","","105","ã‡êX","","","015","S3724R","01","FE2525W","","CNY","","22.70","","","","","Ωƒ◊≤ÃﬂÅ@¿π","","32","L","","30","","","600","12.90","","12.90","","","","","","","","","25-00393","","","","","",""
"2025/11/28","2026/02/20","","105","ã‡êX","","","015","S3724R","01","FE2526W","","CNY","","22.70","","","","","—ºﬁÅ@¿¿–","","30","L","","30","","","600","12.90","","12.90","","","","","","","","","25-00393","","","","","",""
"2025/11/28","2026/02/20","","105","ã‡êX","","","015","S3724R","01","FE2527W","","CNY","","22.70","","","","","ªº∫Å@¿¿–","","32","L","","30","","","450","12.70","","12.70","","","","","","","","","25-00393","","","","","",""
"2025/11/28","2026/02/20","","105","ã‡êX","","","015","S3724R","01","FH2095W","","CNY","","22.70","","","","","⁄≤∂›—ºﬁ","","11","M","","30","","","450","12.40","","12.40","","","","","","","","","25-00393","","","","","",""
"2025/11/28","2026/02/20","","105","ã‡êX","","","015","S3724R","01","FH2095W","","CNY","","22.70","","","","","⁄≤∂›—ºﬁ","","90","M","","30","","","450","12.40","","12.40","","","","","","","","","25-00393","","","","","",""
"2025/11/28","2026/03/16","","437","êVìÏí ñ{èB","","","017","S3721","01","FH2116V","","CNY","","22.70","","","","","SR €∞∑√® ¿¿–","","11","M","","20","","","400","17.00","","17.00","","","","","","","","","25-00394","","","","","",""
"2025/11/28","2026/03/16","","437","êVìÏí ñ{èB","","","017","S3721","01","FH2117V","","CNY","","22.70","","","","","SR∏€– ¿¿–","","50","M","","20","","","400","17.15","","17.15","","","","","","","","","25-00394","","","","","",""
"2025/11/28","2026/01/30","","213","å‹êØûjöºûÀ","","","007","S3723+A","01","EE3022L","","US","","161.00","","","",""," ﬁ◊›ΩªŒﬂ∞ƒΩÿØ ﬂ—ºﬁ","","10","M","","0","","","1450","2.89","","2.89","","","","","","","","","25-00395","","","","","",""
"2025/11/28","2026/01/30","","213","å‹êØûjöºûÀ","","","717","S3723+A","01","EE3022L","","US","","161.00","","","",""," ﬁ◊›ΩªŒﬂ∞ƒΩÿØ ﬂ—ºﬁ","","10","M","","20","","","4480","2.89","","2.89","","","","","","","","","25-00395","","","","","",""
"2025/11/28","2026/01/30","","213","å‹êØûjöºûÀ","","","007","S3723+A","01","EE3022L","","US","","161.00","","","",""," ﬁ◊›ΩªŒﬂ∞ƒΩÿØ ﬂ—ºﬁ","","11","S","","0","","","1450","2.89","","2.89","","","","","","","","","25-00395","","","","","",""
"2025/11/28","2026/01/30","","213","å‹êØûjöºûÀ","","","717","S3723+A","01","EE3022L","","US","","161.00","","","",""," ﬁ◊›ΩªŒﬂ∞ƒΩÿØ ﬂ—ºﬁ","","11","S","","20","","","4000","2.89","","2.89","","","","","","","","","25-00395","","","","","",""
"2025/11/28","2026/01/30","","213","å‹êØûjöºûÀ","","","007","S3723+A","01","EE3022L","","US","","161.00","","","",""," ﬁ◊›ΩªŒﬂ∞ƒΩÿØ ﬂ—ºﬁ","","11","M","","0","","","2900","2.89","","2.89","","","","","","","","","25-00395","","","","","",""
"2025/11/28","2026/01/30","","213","å‹êØûjöºûÀ","","","717","S3723+A","01","EE3022L","","US","","161.00","","","",""," ﬁ◊›ΩªŒﬂ∞ƒΩÿØ ﬂ—ºﬁ","","11","M","","20","","","6400","2.89","","2.89","","","","","","","","","25-00395","","","","","",""
"2025/11/28","2026/01/30","","213","å‹êØûjöºûÀ","","","007","S3723+A","01","EE3022L","","US","","161.00","","","",""," ﬁ◊›ΩªŒﬂ∞ƒΩÿØ ﬂ—ºﬁ","","30","M","","0","","","1450","2.89","","2.89","","","","","","","","","25-00395","","","","","",""
"2025/11/28","2026/01/30","","213","å‹êØûjöºûÀ","","","717","S3723+A","01","EE3022L","","US","","161.00","","","",""," ﬁ◊›ΩªŒﬂ∞ƒΩÿØ ﬂ—ºﬁ","","30","M","","20","","","4000","2.89","","2.89","","","","","","","","","25-00395","","","","","",""
"2025/11/28","2026/01/30","","213","å‹êØûjöºûÀ","","","007","S3723+A","01","EE3022L","","US","","161.00","","","",""," ﬁ◊›ΩªŒﬂ∞ƒΩÿØ ﬂ—ºﬁ","","30","L","","0","","","1450","2.89","","2.89","","","","","","","","","25-00395","","","","","",""
"2025/11/28","2026/01/30","","213","å‹êØûjöºûÀ","","","717","S3723+A","01","EE3022L","","US","","161.00","","","",""," ﬁ◊›ΩªŒﬂ∞ƒΩÿØ ﬂ—ºﬁ","","30","L","","20","","","4000","2.89","","2.89","","","","","","","","","25-00395","","","","","",""
"2025/11/28","2026/01/30","","213","å‹êØûjöºûÀ","","","007","S3723+A","01","EE3022L","","US","","161.00","","","",""," ﬁ◊›ΩªŒﬂ∞ƒΩÿØ ﬂ—ºﬁ","","50","S","","0","","","2900","2.89","","2.89","","","","","","","","","25-00395","","","","","",""
"2025/11/28","2026/01/30","","213","å‹êØûjöºûÀ","","","717","S3723+A","01","EE3022L","","US","","161.00","","","",""," ﬁ◊›ΩªŒﬂ∞ƒΩÿØ ﬂ—ºﬁ","","50","S","","20","","","6400","2.89","","2.89","","","","","","","","","25-00395","","","","","",""
"2025/11/28","2026/01/30","","213","å‹êØûjöºûÀ","","","007","S3723+A","01","EE3022L","","US","","161.00","","","",""," ﬁ◊›ΩªŒﬂ∞ƒΩÿØ ﬂ—ºﬁ","","50","M","","0","","","2900","2.89","","2.89","","","","","","","","","25-00395","","","","","",""
"2025/11/28","2026/01/30","","213","å‹êØûjöºûÀ","","","717","S3723+A","01","EE3022L","","US","","161.00","","","",""," ﬁ◊›ΩªŒﬂ∞ƒΩÿØ ﬂ—ºﬁ","","50","M","","20","","","8000","2.89","","2.89","","","","","","","","","25-00395","","","","","",""
"2025/11/28","2026/01/30","","213","å‹êØûjöºûÀ","","","007","S3723+A","01","EE3022L","","US","","161.00","","","",""," ﬁ◊›ΩªŒﬂ∞ƒΩÿØ ﬂ—ºﬁ","","80","M","","0","","","2900","2.89","","2.89","","","","","","","","","25-00395","","","","","",""
"2025/11/28","2026/01/30","","213","å‹êØûjöºûÀ","","","717","S3723+A","01","EE3022L","","US","","161.00","","","",""," ﬁ◊›ΩªŒﬂ∞ƒΩÿØ ﬂ—ºﬁ","","80","M","","20","","","6400","2.89","","2.89","","","","","","","","","25-00395","","","","","",""
"2025/11/28","2026/01/30","","213","å‹êØûjöºûÀ","","","007","S3723+A","01","EE3022L","","US","","161.00","","","",""," ﬁ◊›ΩªŒﬂ∞ƒΩÿØ ﬂ—ºﬁ","","80","L","","0","","","1450","2.89","","2.89","","","","","","","","","25-00395","","","","","",""
"2025/11/28","2026/01/30","","213","å‹êØûjöºûÀ","","","717","S3723+A","01","EE3022L","","US","","161.00","","","",""," ﬁ◊›ΩªŒﬂ∞ƒΩÿØ ﬂ—ºﬁ","","80","L","","20","","","4000","2.89","","2.89","","","","","","","","","25-00395","","","","","",""
"2025/11/28","2026/01/30","","213","å‹êØûjöºûÀ","","","007","S3723+A","01","EE3022L","","US","","161.00","","","",""," ﬁ◊›ΩªŒﬂ∞ƒΩÿØ ﬂ—ºﬁ","","90","M","","0","","","2900","2.89","","2.89","","","","","","","","","25-00395","","","","","",""
"2025/11/28","2026/01/30","","213","å‹êØûjöºûÀ","","","717","S3723+A","01","EE3022L","","US","","161.00","","","",""," ﬁ◊›ΩªŒﬂ∞ƒΩÿØ ﬂ—ºﬁ","","90","M","","20","","","9600","2.89","","2.89","","","","","","","","","25-00395","","","","","",""
"2025/11/28","2026/01/30","","213","å‹êØûjöºûÀ","","","007","S3723+A","01","EE3022L","","US","","161.00","","","",""," ﬁ◊›ΩªŒﬂ∞ƒΩÿØ ﬂ—ºﬁ","","90","L","","0","","","1450","2.89","","2.89","","","","","","","","","25-00395","","","","","",""
"2025/11/28","2026/01/30","","213","å‹êØûjöºûÀ","","","717","S3723+A","01","EE3022L","","US","","161.00","","","",""," ﬁ◊›ΩªŒﬂ∞ƒΩÿØ ﬂ—ºﬁ","","90","L","","20","","","4000","2.89","","2.89","","","","","","","","","25-00395","","","","","",""
"2025/12/05","2026/02/21","","437","êVìÏí ñ{èB","","","807","S3728","01","FH2118V","","CNY","","22.70","","","","","3E±∞¡ ﬂ›¿»∫","","11","M","","20","","","600","16.20","","16.20","","","","","","","","","25-00396","","","","","",""
"2025/12/05","2026/02/21","","437","êVìÏí ñ{èB","","","807","S3728","01","FH2119V","","CNY","","22.70","","","","","3E±∞¡ ﬂ›¿º≠≈≥ªﬁ∞","","30","M","","20","","","600","16.00","","16.00","","","","","","","","","25-00396","","","","","",""
"2025/12/05","2026/02/21","","437","êVìÏí ñ{èB","","","807","S3728","01","FH2120V","","CNY","","22.70","","","","","3E±∞¡ ﬂ›¿∏œ","","40","M","","20","","","600","16.00","","16.00","","","","","","","","","25-00396","","","","","",""
"2025/12/05","2026/02/21","","437","êVìÏí ñ{èB","","","807","S3728","01","FH2121V","","CNY","","22.70","","","","","3E±∞¡ ﬂ›¿—ºﬁ","","90","M","","20","","","600","15.30","","15.30","","","","","","","","","25-00396","","","","","",""
"2025/12/05","2026/02/21","","437","êVìÏí ñ{èB","","","807","S3728","01","FH2122V","","CNY","","22.70","","","","","¬Œﬁµº ﬂ›¿P","","11","M","","20","","","600","15.10","","15.10","","","","","","","","","25-00396","","","","","",""
"2025/12/05","2026/02/21","","437","êVìÏí ñ{èB","","","807","S3728","01","FH2124V","","CNY","","22.70","","","","","¬Œﬁµº ﬂ›¿»∫","","80","M","","20","","","600","15.85","","15.85","","","","","","","","","25-00396","","","","","",""
"2025/12/05","2026/02/21","","437","êVìÏí ñ{èB","","","807","S3728","01","FL2039V","","CNY","","22.70","","","","","3E±∞¡–∆ª”¥ƒﬁ","","20","M","","20","","","600","14.70","","14.70","","","","","","","","","25-00396","","","","","",""
"2025/12/05","2026/02/21","","437","êVìÏí ñ{èB","","","807","S3728","01","FL2040V","","CNY","","22.70","","","","","3E±∞¡–∆∏œ","","32","M","","20","","","600","14.70","","14.70","","","","","","","","","25-00396","","","","","",""
"2025/12/05","2026/02/24","","105","ã‡êX","","","007","S3727","01","FX2035W","","CNY","","22.70","","","","","Ã∏Ãﬁ∏€—ºﬁ","","00","M","","5","","","1500","36.20","","36.20","","","","","","","","","25-00397","","","","","",""
"2025/12/05","2026/02/24","","105","ã‡êX","","","007","S3727","01","FX2036W","","CNY","","22.70","","","","","Ã∏Ãﬁ∏€—ºﬁ","","00","L","","5","","","1500","36.20","","36.20","","","","","","","","","25-00397","","","","","",""
"2025/12/05","2026/02/24","","105","ã‡êX","","","007","S3727","01","FX2037W","","CNY","","22.70","","","","","Ã∏Ãﬁ∏€—ºﬁ","","00","M","","5","","","1500","36.20","","36.20","","","","","","","","","25-00397","","","","","",""
"2025/12/05","2026/02/24","","105","ã‡êX","","","007","S3727","01","FX2038W","","CNY","","22.70","","","","","Ã∏Ãﬁ∏€—ºﬁ","","00","L","","5","","","1500","36.20","","36.20","","","","","","","","","25-00397","","","","","",""
"2025/12/08","2026/03/04","","437","êVìÏí ñ{èB","","","017","S3729","01","DJ2502V","","CNY","","22.70","","","","","KD≤∆º¨ŸDÅ@ì§ïÖìXŸ∞—º≠∞Ωﬁ","","60","L","","20","","","500","16.15","","16.15","","","","","","","","","25-00398","","","","","",""
"2025/12/08","2026/03/04","","437","êVìÏí ñ{èB","","","990","S3729","01","DJ2502V","","CNY","","22.70","","","","","KD≤∆º¨ŸDÅ@ì§ïÖìXŸ∞—º≠∞Ωﬁ","","60","L","","2","","","2","16.15","","16.15","","","","","","","","","25-00398","","","","","",""
"2025/12/08","2026/03/04","","437","êVìÏí ñ{èB","","","017","S3729","01","DJ2503V","","CNY","","22.70","","","","","KD≤∆º¨ŸDÅ@çÇã¥åZíÌŸ∞—º≠∞Ωﬁ","","70","L","","20","","","500","16.15","","16.15","","","","","","","","","25-00398","","","","","",""
"2025/12/08","2026/03/04","","437","êVìÏí ñ{èB","","","990","S3729","01","DJ2503V","","CNY","","22.70","","","","","KD≤∆º¨ŸDÅ@çÇã¥åZíÌŸ∞—º≠∞Ωﬁ","","70","L","","2","","","2","16.15","","16.15","","","","","","","","","25-00398","","","","","",""
"2025/12/09","2026/12/09","","336","DEPARTURES","","","007","","01","EZ3072A","","CNY","","22.70","","","","","Œﬁ±Ãﬂÿ›ƒÅ@±∏æ›ƒ◊∏ﬁ","","40","00","","0","","","350","2220.00","","","","","","","","","","","25-00399","","","","","",""
"2025/12/09","2026/12/09","","336","DEPARTURES","","","007","","01","EZ3072A","","CNY","","22.70","","","","","Œﬁ±Ãﬂÿ›ƒÅ@±∏æ›ƒ◊∏ﬁ","","80","00","","0","","","350","2220.00","","","","","","","","","","","25-00399","","","","","",""
"2025/12/09","2026/12/09","","336","DEPARTURES","","","007","","01","EZ3073A","","CNY","","22.70","","","","","Œﬁ±Ãﬂÿ›ƒÅ@±∏æ›ƒ◊∏ﬁ","","40","00","","0","","","350","3420.00","","","","","","","","","","","25-00399","","","","","",""
"2025/12/09","2026/12/09","","336","DEPARTURES","","","007","","01","EZ3073A","","CNY","","22.70","","","","","Œﬁ±Ãﬂÿ›ƒÅ@±∏æ›ƒ◊∏ﬁ","","80","00","","0","","","350","3420.00","","","","","","","","","","","25-00399","","","","","",""
"2025/12/09","2026/12/09","","336","DEPARTURES","","","007","","01","EZ3074A","","CNY","","22.70","","","","","”–…∑∂ﬁ◊Å@Ãﬁ◊›πØƒ","","10","00","","0","","","130","894.00","","","","","","","","","","","25-00399","","","","","",""
"2025/12/09","2026/12/09","","336","DEPARTURES","","","007","","01","EZ3075A","","CNY","","22.70","","","","","¡™Ø∏∂ﬁ◊Å@Ãﬁ◊›πØƒ","","10","00","","0","","","300","894.00","","","","","","","","","","","25-00399","","","","","",""
"2025/12/09","2026/12/09","","336","DEPARTURES","","","007","","01","EZ3075A","","CNY","","22.70","","","","","¡™Ø∏∂ﬁ◊Å@Ãﬁ◊›πØƒ","","20","00","","0","","","300","894.00","","","","","","","","","","","25-00399","","","","","",""
"2025/12/09","2026/12/09","","336","DEPARTURES","","","007","","01","EZ3076A","","CNY","","22.70","","","","","’∑∂ﬁ◊Å@Ãﬁ◊›πØƒ","","40","00","","0","","","130","894.00","","","","","","","","","","","25-00399","","","","","",""
"2025/12/10","2026/04/05","","437","êVìÏí ñ{èB","","","015","S3731","01","FD2345V","","CNY","","22.70","","","","","—ºﬁÅ@±ª∫› ﬂ≤Ÿ","","11","M","","30","","","1320","12.15","","12.15","","","","","","","","","25-00400","","","","","",""
"2025/12/10","2026/04/05","","437","êVìÏí ñ{èB","","","015","S3731","01","FD2345V","","CNY","","22.70","","","","","—ºﬁÅ@±ª∫› ﬂ≤Ÿ","","62","M","","30","","","1620","12.15","","12.15","","","","","","","","","25-00400","","","","","",""
"2025/12/10","2026/04/05","","437","êVìÏí ñ{èB","","","015","S3731","01","FD2665V","","CNY","","22.70","","","","","—ºﬁÅ@±ª∫› ﬂ≤Ÿ","","20","L","","30","","","1350","12.15","","12.15","","","","","","","","","25-00400","","","","","",""
"2025/12/10","2026/04/05","","437","êVìÏí ñ{èB","","","015","S3731","01","FD2665V","","CNY","","22.70","","","","","—ºﬁÅ@±ª∫› ﬂ≤Ÿ","","90","L","","30","","","1350","12.15","","12.15","","","","","","","","","25-00400","","","","","",""
"2025/12/10","2026/04/05","","437","êVìÏí ñ{èB","","","015","S3731","01","FE2528V","","CNY","","22.70","","","","","—ºﬁÅ@±ª∫› ﬂ≤Ÿ","","32","L","","30","","","1170","15.30","","15.30","","","","","","","","","25-00400","","","","","",""
"2025/12/10","2026/04/05","","437","êVìÏí ñ{èB","","","015","S3731","01","FE2528V","","CNY","","22.70","","","","","—ºﬁÅ@±ª∫› ﬂ≤Ÿ","","42","L","","30","","","1170","15.30","","15.30","","","","","","","","","25-00400","","","","","",""
"2025/12/10","2026/04/05","","437","êVìÏí ñ{èB","","","015","S3731","01","FH2096V","","CNY","","22.70","","","","","—ºﬁÅ@±ª∫› ﬂ≤Ÿ","","20","M","","30","","","750","14.60","","14.60","","","","","","","","","25-00400","","","","","",""
"2025/12/10","2026/04/05","","437","êVìÏí ñ{èB","","","015","S3731","01","FH2096V","","CNY","","22.70","","","","","—ºﬁÅ@±ª∫› ﬂ≤Ÿ","","60","M","","30","","","750","14.60","","14.60","","","","","","","","","25-00400","","","","","",""
"2025/12/10","2026/04/05","","437","êVìÏí ñ{èB","","","015","S3731","01","FH2097V","","CNY","","22.70","","","","","ÿŒﬁ›∫≥Å@","","30","M","","30","","","600","14.50","","14.50","","","","","","","","","25-00400","","","","","",""
"2025/12/10","2026/04/05","","437","êVìÏí ñ{èB","","","015","S3731","01","FH2097V","","CNY","","22.70","","","","","ÿŒﬁ›∫≥Å@","","62","M","","30","","","600","14.50","","14.50","","","","","","","","","25-00400","","","","","",""
"2025/12/10","2026/04/05","","437","êVìÏí ñ{èB","","","015","S3731","01","FH2098V","","CNY","","22.70","","","","","≤¡œ≤∫≥Å@","","11","M","","30","","","600","14.45","","14.45","","","","","","","","","25-00400","","","","","",""
"2025/12/10","2026/04/05","","437","êVìÏí ñ{èB","","","015","S3731","01","FH2098V","","CNY","","22.70","","","","","≤¡œ≤∫≥Å@","","40","M","","30","","","600","14.45","","14.45","","","","","","","","","25-00400","","","","","",""
"2025/12/11","2026/02/24","","437","êVìÏí ñ{èB","","","017","S3732","01","EH3096V","","CNY","","22.70","","","","","SR ÀÆ≥∂ﬁ◊Ãﬁ◊Ø∏∑√® ≤∂Øƒ","","90","M","","20","","","700","18.60","","18.60","","","","","","","","","25-00401","","","","","",""
"2025/12/11","2026/02/24","","437","êVìÏí ñ{èB","","","017","S3732","01","EH3099V","","CNY","","22.70","","","","","SRæﬁÃﬁ◊Ãﬁ◊Ø∏∑√® ≤∂Øƒ","","90","M","","20","","","700","18.30","","18.30","","","","","","","","","25-00401","","","","","",""
"2025/12/11","2026/03/16","","437","êVìÏí ñ{èB","","","017","S3733","01","FE2531V","","CNY","","22.70","","","","","KE Õﬁ√®∫›Ã´∞ƒ","","90","L","","0","","","430","19.60","","19.60","","","","","","","","","25-00402","","","","","",""
"2025/12/11","2026/03/16","","437","êVìÏí ñ{èB","","","990","S3733","01","FE2531V","","CNY","","22.70","","","","","KE Õﬁ√®∫›Ã´∞ƒ","","90","L","","0","","","2","19.60","","19.60","","","","","","","","","25-00402","","","","","",""
"2025/12/11","2026/03/16","","437","êVìÏí ñ{èB","","","017","S3733","01","FE2532V","","CNY","","22.70","","","","","KE Õﬁ√®∫›Ã´∞ƒ","","10","L","","0","","","430","19.60","","19.60","","","","","","","","","25-00402","","","","","",""
"2025/12/11","2026/03/16","","437","êVìÏí ñ{èB","","","990","S3733","01","FE2532V","","CNY","","22.70","","","","","KE Õﬁ√®∫›Ã´∞ƒ","","10","L","","0","","","2","19.60","","19.60","","","","","","","","","25-00402","","","","","",""
"2025/12/11","2026/04/08","","437","êVìÏí ñ{èB","","","017","S3734","01","FA2525V","","CNY","","22.70","","","","","”∂º›⁄ªﬁ∞∂ﬁ›“¿Ÿ","","90","L","","0","","","350","30.50","","30.50","","","","","","","","","25-00403","","","","","",""
"2025/12/11","2026/04/08","","437","êVìÏí ñ{èB","","","017","S3734","01","FA2526V","","CNY","","22.70","","","","","”∂º›⁄ªﬁ∞∫ﬁ∞Ÿƒﬁ","","90","L","","0","","","350","30.50","","30.50","","","","","","","","","25-00403","","","","","",""
"2025/12/11","2026/04/08","","437","êVìÏí ñ{èB","","","017","S3734","01","FA2527V","","CNY","","22.70","","","","","”∂º›⁄ªﬁ∞ÀÆ≥","","90","L","","0","","","350","28.40","","28.40","","","","","","","","","25-00403","","","","","",""
"2025/12/11","2026/04/08","","437","êVìÏí ñ{èB","","","017","S3734","01","FA2528V","","CNY","","22.70","","","","","”∂º›⁄ªﬁ∞æﬁÃﬁ◊","","90","L","","0","","","350","28.40","","28.40","","","","","","","","","25-00403","","","","","",""
"2025/12/12","2026/03/11","","437","êVìÏí ñ{èB","","","017","S3735","01","FE2049V","","CNY","","22.70","","","","","SF Ω∂Ã´⁄Œø∂ﬁ¿∫›Ã´“Øº≠","","80","M","","20","","","400","16.95","","16.95","","","","","","","","","25-00404","","","","","",""
"2025/12/12","2026/03/11","","437","êVìÏí ñ{èB","","","990","S3735","01","FE2049V","","CNY","","22.70","","","","","SF Ω∂Ã´⁄Œø∂ﬁ¿∫›Ã´“Øº≠","","80","M","","0","","","2","16.95","","16.95","","","","","","","","","25-00404","","","","","",""
"2025/12/12","2026/03/11","","437","êVìÏí ñ{èB","","","017","S3735","01","FE2050V","","CNY","","22.70","","","","","SR π€ØÀﬂŒø∂ﬁ¿∫›Ã´“Øº≠","","20","M","","20","","","400","18.25","","18.25","","","","","","","","","25-00404","","","","","",""
"2025/12/12","2026/03/11","","437","êVìÏí ñ{èB","","","990","S3735","01","FE2050V","","CNY","","22.70","","","","","SR π€ØÀﬂŒø∂ﬁ¿∫›Ã´“Øº≠","","20","M","","0","","","0","18.25","","18.25","","","","","","","","","25-00404","","","","","",""
"2025/12/12","2026/03/11","","437","êVìÏí ñ{èB","","","017","S3735","01","FE2051V","","CNY","","22.70","","","","","SR ÿƒŸ¬≤›Ω¿∞Ωﬁ∫›Ã´∞ƒ","","50","M","","20","","","400","18.65","","18.65","","","","","","","","","25-00404","","","","","",""
"2025/12/12","2026/03/11","","437","êVìÏí ñ{èB","","","990","S3735","01","FE2051V","","CNY","","22.70","","","","","SR ÿƒŸ¬≤›Ω¿∞Ωﬁ∫›Ã´∞ƒ","","50","M","","0","","","0","18.65","","18.65","","","","","","","","","25-00404","","","","","",""
"2025/12/12","2026/03/11","","437","êVìÏí ñ{èB","","","017","S3735","01","FE2052V","","CNY","","22.70","","","","","SR ÿƒŸ¬≤›ÉXÉ^Å[ÉY∫›Ã´∞ƒ","","30","M","","20","","","400","17.45","","17.45","","","","","","","","","25-00404","","","","","",""
"2025/12/12","2026/03/11","","437","êVìÏí ñ{èB","","","990","S3735","01","FE2052V","","CNY","","22.70","","","","","SR ÿƒŸ¬≤›ÉXÉ^Å[ÉY∫›Ã´∞ƒ","","30","M","","0","","","0","17.45","","17.45","","","","","","","","","25-00404","","","","","",""
"2025/12/12","2026/03/11","","437","êVìÏí ñ{èB","","","017","S3735","01","FE2053V","","CNY","","22.70","","","","","SR  €∞∑√®Œø∂ﬁ¿∫›Ã´∞ƒ","","11","M","","20","","","400","17.65","","17.65","","","","","","","","","25-00404","","","","","",""
"2025/12/12","2026/03/11","","437","êVìÏí ñ{èB","","","990","S3735","01","FE2053V","","CNY","","22.70","","","","","SR  €∞∑√®Œø∂ﬁ¿∫›Ã´∞ƒ","","11","M","","0","","","0","17.65","","17.65","","","","","","","","","25-00404","","","","","",""
"2025/12/12","2026/03/11","","437","êVìÏí ñ{èB","","","017","S3735","01","FE2054V","","CNY","","22.70","","","","","SR œ€›∏ÿ∞—Œø∂ﬁ¿∫›Ã´∞ƒ","","62","M","","20","","","400","17.25","","17.25","","","","","","","","","25-00404","","","","","",""
"2025/12/12","2026/03/11","","437","êVìÏí ñ{èB","","","990","S3735","01","FE2054V","","CNY","","22.70","","","","","SR œ€›∏ÿ∞—Œø∂ﬁ¿∫›Ã´∞ƒ","","62","M","","0","","","0","17.25","","17.25","","","","","","","","","25-00404","","","","","",""
"2025/12/12","2026/03/11","","437","êVìÏí ñ{èB","","","017","S3735","01","FE2055V","","CNY","","22.70","","","","","SR  €∞∑√®“Øº≠∫›Ã´","","10","M","","20","","","400","17.90","","17.90","","","","","","","","","25-00404","","","","","",""
"2025/12/12","2026/03/11","","437","êVìÏí ñ{èB","","","990","S3735","01","FE2055V","","CNY","","22.70","","","","","SR  €∞∑√®“Øº≠∫›Ã´","","10","M","","0","","","0","17.90","","17.90","","","","","","","","","25-00404","","","","","",""
"2025/12/12","2026/03/11","","437","êVìÏí ñ{èB","","","017","S3735","01","FE2060V","","CNY","","22.70","","","","","PO “∂ﬁ»≥ª∑ﬁﬂŒø∂ﬁ¿∫›Ã´“Øº≠","","11","M","","20","","","400","17.90","","17.90","","","","","","","","","25-00404","","","","","",""
"2025/12/12","2026/03/11","","437","êVìÏí ñ{èB","","","990","S3735","01","FE2060V","","CNY","","22.70","","","","","PO “∂ﬁ»≥ª∑ﬁﬂŒø∂ﬁ¿∫›Ã´“Øº≠","","11","M","","0","","","5","17.90","","17.90","","","","","","","","","25-00404","","","","","",""
"2025/12/12","2026/04/01","","437","êVìÏí ñ{èB","","","017","S3736","01","FH2130V","","CNY","","22.70","","","","","SK”›¡Ø¡≥ª––“Øº≠ ﬂ›¿","","11","M","","20","","","500","19.25","","19.25","","","","","","","","","25-00405","","","","","",""
"2025/12/12","2026/04/01","","437","êVìÏí ñ{èB","","","990","S3736","01","FH2130V","","CNY","","22.70","","","","","SK”›¡Ø¡≥ª––“Øº≠ ﬂ›¿","","11","M","","0","","","3","19.25","","19.25","","","","","","","","","25-00405","","","","","",""
"2025/12/12","2026/04/01","","437","êVìÏí ñ{èB","","","017","S3736","01","FH2132V","","CNY","","22.70","","","","","SK¡—¿›∏œ“Øº≠ ﬂ›¿","","60","M","","20","","","500","19.25","","19.25","","","","","","","","","25-00405","","","","","",""
"2025/12/12","2026/04/01","","437","êVìÏí ñ{èB","","","990","S3736","01","FH2132V","","CNY","","22.70","","","","","SK¡—¿›∏œ“Øº≠ ﬂ›¿","","60","M","","0","","","3","19.25","","19.25","","","","","","","","","25-00405","","","","","",""
"2025/12/15","2026/02/17","","437","êVìÏí ñ{èB","","","007","S3738","01","FH2125V","","CNY","","22.70","","","","","CR ƒﬁØƒ ≤∂Øƒ","","90","M","","0","","","1450","17.90","","17.90","","","","","","","","","25-00406","","","","","",""
"2025/12/15","2026/02/17","","437","êVìÏí ñ{èB","","","017","S3738","01","FH2125V","","CNY","","22.70","","","","","CR ƒﬁØƒ ≤∂Øƒ","","90","M","","20","","","200","17.90","","17.90","","","","","","","","","25-00406","","","","","",""
"2025/12/15","2026/02/17","","437","êVìÏí ñ{èB","","","007","S3738","01","FH2126V","","CNY","","22.70","","","","","CR ÿŒﬁ› ≤∂Øƒ","","31","M","","0","","","1450","20.00","","20.00","","","","","","","","","25-00406","","","","","",""
"2025/12/15","2026/02/17","","437","êVìÏí ñ{èB","","","017","S3738","01","FH2126V","","CNY","","22.70","","","","","CR ÿŒﬁ› ≤∂Øƒ","","31","M","","20","","","200","20.00","","20.00","","","","","","","","","25-00406","","","","","",""
"2025/12/15","2026/02/17","","437","êVìÏí ñ{èB","","","007","S3738","01","FH2127V","","CNY","","22.70","","","","","CR ÀÆ≥ ≤∂Øƒ","","11","M","","0","","","1450","20.00","","20.00","","","","","","","","","25-00406","","","","","",""
"2025/12/15","2026/02/17","","437","êVìÏí ñ{èB","","","017","S3738","01","FH2127V","","CNY","","22.70","","","","","CR ÀÆ≥ ≤∂Øƒ","","11","M","","20","","","300","20.00","","20.00","","","","","","","","","25-00406","","","","","",""
"2025/12/15","2026/02/17","","437","êVìÏí ñ{èB","","","007","S3738","01","FH2128V","","CNY","","22.70","","","","","CR  ≈ ≤∂Øƒ","","11","M","","0","","","1450","20.00","","20.00","","","","","","","","","25-00406","","","","","",""
"2025/12/15","2026/02/17","","437","êVìÏí ñ{èB","","","017","S3738","01","FH2128V","","CNY","","22.70","","","","","CR  ≈ ≤∂Øƒ","","11","M","","20","","","200","20.00","","20.00","","","","","","","","","25-00406","","","","","",""
"2025/12/15","2026/02/25","","437","êVìÏí ñ{èB","","","010","S3737","01","CD2006V","","CNY","","22.70","","","","","É\ÉgÉÄÉWHSEC","","80","L","","20","","","300","14.35","","14.35","","","","","","","","","25-00407","","","","","",""
"2025/12/16","2026/04/01","","437","êVìÏí ñ{èB","","","017","S3739","01","FH2106V","","CNY","","22.70","","","","","SR À‘π∑√®Ω≤∂“Øº≠ ﬂ›¿","","11","M","","20","","","700","18.50","","18.50","","","","","","","","","25-00408","","","","","",""
"2025/12/16","2026/04/01","","437","êVìÏí ñ{èB","","","017","S3739","01","FH2133V","","CNY","","22.70","","","","","SRÀÆ≥∂ﬁ◊∑√®“Øº≠","","11","M","","20","","","500","18.85","","18.85","","","","","","","","","25-00408","","","","","",""
"2025/12/16","2026/04/01","","437","êVìÏí ñ{èB","","","017","S3739","01","FH2134V","","CNY","","22.70","","","","","SRÀÆ≥∂ﬁ◊∏€–“Øº≠","","80","M","","20","","","500","18.75","","18.75","","","","","","","","","25-00408","","","","","",""
"2025/12/16","2026/04/01","","437","êVìÏí ñ{èB","","","017","S3739","01","FH2135V","","CNY","","22.70","","","","","SR À‘π∑√® ﬂ≤›“Øº≠ ﬂ›¿","","30","M","","20","","","500","18.35","","18.35","","","","","","","","","25-00408","","","","","",""
"2025/12/16","2026/03/25","","437","êVìÏí ñ{èB","","","017","S3740","01","FH2136V","","CNY","","22.70","","","","","SX∫ÿ◊Ø∏œ“Øº≠ ﬂ›¿P","","11","M","","20","","","500","18.95","","18.95","","","","","","","","","25-00409","","","","","",""
"2025/12/16","2026/03/25","","437","êVìÏí ñ{èB","","","990","S3740","01","FH2136V","","CNY","","22.70","","","","","SX∫ÿ◊Ø∏œ“Øº≠ ﬂ›¿P","","11","M","","0","","","3","18.95","","18.95","","","","","","","","","25-00409","","","","","",""
"2025/12/16","2026/03/25","","437","êVìÏí ñ{èB","","","017","S3740","01","FH2137V","","CNY","","22.70","","","","","SX ÿ◊Ø∏œ“Øº≠ ﬂ›¿G","","20","M","","20","","","500","18.95","","18.95","","","","","","","","","25-00409","","","","","",""
"2025/12/16","2026/03/25","","437","êVìÏí ñ{èB","","","990","S3740","01","FH2137V","","CNY","","22.70","","","","","SX ÿ◊Ø∏œ“Øº≠ ﬂ›¿G","","20","M","","0","","","3","18.95","","18.95","","","","","","","","","25-00409","","","","","",""
"2025/12/16","2026/04/13","","437","êVìÏí ñ{èB","","","007","S3742+A","01","FE2062V","","CNY","","22.70","","","","","4KD∫›Ã´»∞—","","32","L","","0","","","2900","0.00","","0.00","","","","","","","","","25-00410","","","","","",""
"2025/12/16","2026/04/13","","437","êVìÏí ñ{èB","","","717","S3742+A","01","FE2062V","","CNY","","22.70","","","","","4KD∫›Ã´»∞—","","32","L","","20","","","4200","0.00","","0.00","","","","","","","","","25-00410","","","","","",""
"2025/12/16","2026/04/13","","437","êVìÏí ñ{èB","","","007","S3742+A","01","FE2062V","","CNY","","22.70","","","","","4KD∫›Ã´»∞—","","50","M","","0","","","2900","0.00","","0.00","","","","","","","","","25-00410","","","","","",""
"2025/12/16","2026/04/13","","437","êVìÏí ñ{èB","","","717","S3742+A","01","FE2062V","","CNY","","22.70","","","","","4KD∫›Ã´»∞—","","50","M","","20","","","2800","0.00","","0.00","","","","","","","","","25-00410","","","","","",""
"2025/12/16","2026/04/13","","437","êVìÏí ñ{èB","","","007","S3742+A","01","FE2062V","","CNY","","22.70","","","","","4KD∫›Ã´»∞—","","80","M","","0","","","2900","0.00","","0.00","","","","","","","","","25-00410","","","","","",""
"2025/12/16","2026/04/13","","437","êVìÏí ñ{èB","","","717","S3742+A","01","FE2062V","","CNY","","22.70","","","","","4KD∫›Ã´»∞—","","80","M","","20","","","3800","0.00","","0.00","","","","","","","","","25-00410","","","","","",""
"2025/12/16","2026/04/13","","437","êVìÏí ñ{èB","","","007","S3742+A","01","FE2062V","","CNY","","22.70","","","","","4KD∫›Ã´»∞—","","90","L","","0","","","2900","0.00","","0.00","","","","","","","","","25-00410","","","","","",""
"2025/12/16","2026/04/13","","437","êVìÏí ñ{èB","","","717","S3742+A","01","FE2062V","","CNY","","22.70","","","","","4KD∫›Ã´»∞—","","90","L","","20","","","4500","0.00","","0.00","","","","","","","","","25-00410","","","","","",""
"2025/12/16","2026/04/13","","437","êVìÏí ñ{èB","","","007","S3742+A","01","FE2063V","","CNY","","22.70","","","","","4KD∫›Ã´œ∏ﬁ€ÀﬁºÆ›Ãÿ∞æﬁ","","20","M","","0","","","2900","0.00","","0.00","","","","","","","","","25-00410","","","","","",""
"2025/12/16","2026/04/13","","437","êVìÏí ñ{èB","","","717","S3742+A","01","FE2063V","","CNY","","22.70","","","","","4KD∫›Ã´œ∏ﬁ€ÀﬁºÆ›Ãÿ∞æﬁ","","20","M","","20","","","4000","0.00","","0.00","","","","","","","","","25-00410","","","","","",""
"2025/12/16","2026/04/13","","437","êVìÏí ñ{èB","","","007","S3742+A","01","FE2064V","","CNY","","22.70","","","","","4KD∫›Ã´»∫µÿ»∞—","","11","M","","0","","","2900","0.00","","0.00","","","","","","","","","25-00410","","","","","",""
"2025/12/16","2026/04/13","","437","êVìÏí ñ{èB","","","717","S3742+A","01","FE2064V","","CNY","","22.70","","","","","4KD∫›Ã´»∫µÿ»∞—","","11","M","","20","","","2800","0.00","","0.00","","","","","","","","","25-00410","","","","","",""
"2025/12/16","2026/04/13","","437","êVìÏí ñ{èB","","","007","S3742+A","01","FE2535V","","CNY","","22.70","","","","","4KD∫›Ã´¿œ∫ﬁº€≤Ÿ∂","","30","L","","0","","","2900","0.00","","0.00","","","","","","","","","25-00410","","","","","",""
"2025/12/16","2026/04/13","","437","êVìÏí ñ{èB","","","717","S3742+A","01","FE2535V","","CNY","","22.70","","","","","4KD∫›Ã´¿œ∫ﬁº€≤Ÿ∂","","30","L","","20","","","4200","0.00","","0.00","","","","","","","","","25-00410","","","","","",""
"2025/12/16","2026/04/13","","437","êVìÏí ñ{èB","","","007","S3742+A","01","FE2536V","","CNY","","22.70","","","","","4KD∫›Ã´∏œµÿ»∞—","","82","L","","0","","","2900","0.00","","0.00","","","","","","","","","25-00410","","","","","",""
"2025/12/16","2026/04/13","","437","êVìÏí ñ{èB","","","717","S3742+A","01","FE2536V","","CNY","","22.70","","","","","4KD∫›Ã´∏œµÿ»∞—","","82","L","","20","","","4200","0.00","","0.00","","","","","","","","","25-00410","","","","","",""
"2025/12/16","2026/04/13","","437","êVìÏí ñ{èB","","","007","S3743+A","01","FD2382V","","CNY","","22.70","","","","","4KD—ºﬁ»∞—","","30","M","","0","","","2900","0.00","","0.00","","","","","","","","","25-00411","","","","","",""
"2025/12/16","2026/04/13","","437","êVìÏí ñ{èB","","","717","S3743+A","01","FD2382V","","CNY","","22.70","","","","","4KD—ºﬁ»∞—","","30","M","","20","","","4200","0.00","","0.00","","","","","","","","","25-00411","","","","","",""
"2025/12/16","2026/04/13","","437","êVìÏí ñ{èB","","","007","S3743+A","01","FD2382V","","CNY","","22.70","","","","","4KD—ºﬁ»∞—","","30","L","","0","","","2900","0.00","","0.00","","","","","","","","","25-00411","","","","","",""
"2025/12/16","2026/04/13","","437","êVìÏí ñ{èB","","","717","S3743+A","01","FD2382V","","CNY","","22.70","","","","","4KD—ºﬁ»∞—","","30","L","","20","","","4900","0.00","","0.00","","","","","","","","","25-00411","","","","","",""
"2025/12/16","2026/04/13","","437","êVìÏí ñ{èB","","","007","S3743+A","01","FD2382V","","CNY","","22.70","","","","","4KD—ºﬁ»∞—","","62","M","","0","","","2900","0.00","","0.00","","","","","","","","","25-00411","","","","","",""
"2025/12/16","2026/04/13","","437","êVìÏí ñ{èB","","","717","S3743+A","01","FD2382V","","CNY","","22.70","","","","","4KD—ºﬁ»∞—","","62","M","","20","","","3600","0.00","","0.00","","","","","","","","","25-00411","","","","","",""
"2025/12/16","2026/04/13","","437","êVìÏí ñ{èB","","","007","S3743+A","01","FD2382V","","CNY","","22.70","","","","","4KD—ºﬁ»∞—","","62","L","","0","","","2900","0.00","","0.00","","","","","","","","","25-00411","","","","","",""
"2025/12/16","2026/04/13","","437","êVìÏí ñ{èB","","","717","S3743+A","01","FD2382V","","CNY","","22.70","","","","","4KD—ºﬁ»∞—","","62","L","","20","","","3800","0.00","","0.00","","","","","","","","","25-00411","","","","","",""
"2025/12/16","2026/04/13","","437","êVìÏí ñ{èB","","","007","S3743+A","01","FD2382V","","CNY","","22.70","","","","","4KD—ºﬁ»∞—","","80","M","","0","","","2900","0.00","","0.00","","","","","","","","","25-00411","","","","","",""
"2025/12/16","2026/04/13","","437","êVìÏí ñ{èB","","","717","S3743+A","01","FD2382V","","CNY","","22.70","","","","","4KD—ºﬁ»∞—","","80","M","","20","","","4200","0.00","","0.00","","","","","","","","","25-00411","","","","","",""
"2025/12/16","2026/04/13","","437","êVìÏí ñ{èB","","","007","S3743+A","01","FD2382V","","CNY","","22.70","","","","","4KD—ºﬁ»∞—","","80","L","","0","","","2900","0.00","","0.00","","","","","","","","","25-00411","","","","","",""
"2025/12/16","2026/04/13","","437","êVìÏí ñ{èB","","","717","S3743+A","01","FD2382V","","CNY","","22.70","","","","","4KD—ºﬁ»∞—","","80","L","","20","","","4200","0.00","","0.00","","","","","","","","","25-00411","","","","","",""
"2025/12/16","2026/04/13","","437","êVìÏí ñ{èB","","","007","S3743+A","01","FD2382V","","CNY","","22.70","","","","","4KD—ºﬁ»∞—","","90","M","","0","","","2900","0.00","","0.00","","","","","","","","","25-00411","","","","","",""
"2025/12/16","2026/04/13","","437","êVìÏí ñ{èB","","","717","S3743+A","01","FD2382V","","CNY","","22.70","","","","","4KD—ºﬁ»∞—","","90","M","","20","","","4000","0.00","","0.00","","","","","","","","","25-00411","","","","","",""
"2025/12/16","2026/04/13","","437","êVìÏí ñ{èB","","","007","S3743+A","01","FD2382V","","CNY","","22.70","","","","","4KD—ºﬁ»∞—","","90","L","","0","","","2900","0.00","","0.00","","","","","","","","","25-00411","","","","","",""
"2025/12/16","2026/04/13","","437","êVìÏí ñ{èB","","","717","S3743+A","01","FD2382V","","CNY","","22.70","","","","","4KD—ºﬁ»∞—","","90","L","","20","","","4600","0.00","","0.00","","","","","","","","","25-00411","","","","","",""
"2025/12/16","2026/04/13","","437","êVìÏí ñ{èB","","","007","S3743+A","01","FD2388V","","CNY","","22.70","","","","","4KDº€∏œµÃ€»∞—","","21","M","","0","","","2900","0.00","","0.00","","","","","","","","","25-00411","","","","","",""
"2025/12/16","2026/04/13","","437","êVìÏí ñ{èB","","","717","S3743+A","01","FD2388V","","CNY","","22.70","","","","","4KDº€∏œµÃ€»∞—","","21","M","","20","","","3000","0.00","","0.00","","","","","","","","","25-00411","","","","","",""
"2025/12/16","2026/04/13","","437","êVìÏí ñ{èB","","","007","S3743+A","01","FD2388V","","CNY","","22.70","","","","","4KDº€∏œµÃ€»∞—","","80","L","","0","","","2900","0.00","","0.00","","","","","","","","","25-00411","","","","","",""
"2025/12/16","2026/04/13","","437","êVìÏí ñ{èB","","","717","S3743+A","01","FD2388V","","CNY","","22.70","","","","","4KDº€∏œµÃ€»∞—","","80","L","","20","","","4200","0.00","","0.00","","","","","","","","","25-00411","","","","","",""
"2025/12/16","2026/04/13","","437","êVìÏí ñ{èB","","","007","S3743+A","01","FD2389V","","CNY","","22.70","","","","","4KD»∫µÃ€»∞—","","11","M","","0","","","2900","0.00","","0.00","","","","","","","","","25-00411","","","","","",""
"2025/12/16","2026/04/13","","437","êVìÏí ñ{èB","","","717","S3743+A","01","FD2389V","","CNY","","22.70","","","","","4KD»∫µÃ€»∞—","","11","M","","20","","","3800","0.00","","0.00","","","","","","","","","25-00411","","","","","",""
"2025/12/16","2026/04/13","","437","êVìÏí ñ{èB","","","007","S3743+A","01","FD2696V","","CNY","","22.70","","","","","4KD»∫µÃ€»∞—","","32","L","","0","","","2900","0.00","","0.00","","","","","","","","","25-00411","","","","","",""
"2025/12/16","2026/04/13","","437","êVìÏí ñ{èB","","","717","S3743+A","01","FD2696V","","CNY","","22.70","","","","","4KD»∫µÃ€»∞—","","32","L","","20","","","5000","0.00","","0.00","","","","","","","","","25-00411","","","","","",""
"2025/12/16","2026/04/13","","181","ä¬ãÖË‹ã∆","","","007","S3744+A","01","FD2380H","","CNY","","22.70","","","","","4KDøƒ«≤π∞∑ºº≠≥","","62","M","","0","","","2900","0.00","","0.00","","","","","","","","","25-00412","","","","","",""
"2025/12/16","2026/04/13","","181","ä¬ãÖË‹ã∆","","","717","S3744+A","01","FD2380H","","CNY","","22.70","","","","","4KDøƒ«≤π∞∑ºº≠≥","","62","M","","20","","","3600","0.00","","0.00","","","","","","","","","25-00412","","","","","",""
"2025/12/16","2026/04/13","","181","ä¬ãÖË‹ã∆","","","007","S3744+A","01","FD2381H","","CNY","","22.70","","","","","4KD∏€»∫","","80","M","","0","","","2900","0.00","","0.00","","","","","","","","","25-00412","","","","","",""
"2025/12/16","2026/04/13","","181","ä¬ãÖË‹ã∆","","","717","S3744+A","01","FD2381H","","CNY","","22.70","","","","","4KD∏€»∫","","80","M","","20","","","3500","0.00","","0.00","","","","","","","","","25-00412","","","","","",""
"2025/12/16","2026/04/13","","181","ä¬ãÖË‹ã∆","","","007","S3744+A","01","FD2383H","","CNY","","22.70","","","","","4KD◊∞“›»∞—","","10","M","","0","","","2900","0.00","","0.00","","","","","","","","","25-00412","","","","","",""
"2025/12/16","2026/04/13","","181","ä¬ãÖË‹ã∆","","","717","S3744+A","01","FD2383H","","CNY","","22.70","","","","","4KD◊∞“›»∞—","","10","M","","20","","","3600","0.00","","0.00","","","","","","","","","25-00412","","","","","",""
"2025/12/16","2026/04/13","","181","ä¬ãÖË‹ã∆","","","007","S3744+A","01","FD2384H","","CNY","","22.70","","","","","4KD¡›¡◊ø∞¿ﬁ","","62","M","","0","","","2900","0.00","","0.00","","","","","","","","","25-00412","","","","","",""
"2025/12/16","2026/04/13","","181","ä¬ãÖË‹ã∆","","","717","S3744+A","01","FD2384H","","CNY","","22.70","","","","","4KD¡›¡◊ø∞¿ﬁ","","62","M","","20","","","3800","0.00","","0.00","","","","","","","","","25-00412","","","","","",""
"2025/12/16","2026/04/13","","181","ä¬ãÖË‹ã∆","","","007","S3744+A","01","FD2385H","","CNY","","22.70","","","","","4KDƒ◊»∫","","70","M","","0","","","2900","0.00","","0.00","","","","","","","","","25-00412","","","","","",""
"2025/12/16","2026/04/13","","181","ä¬ãÖË‹ã∆","","","717","S3744+A","01","FD2385H","","CNY","","22.70","","","","","4KDƒ◊»∫","","70","M","","20","","","4500","0.00","","0.00","","","","","","","","","25-00412","","","","","",""
"2025/12/16","2026/04/13","","181","ä¬ãÖË‹ã∆","","","007","S3744+A","01","FD2390H","","CNY","","22.70","","","","","4KD≈∂≤¿ª∂≈ºº≠≥","","31","M","","0","","","2900","0.00","","0.00","","","","","","","","","25-00412","","","","","",""
"2025/12/16","2026/04/13","","181","ä¬ãÖË‹ã∆","","","717","S3744+A","01","FD2390H","","CNY","","22.70","","","","","4KD≈∂≤¿ª∂≈ºº≠≥","","31","M","","20","","","4200","0.00","","0.00","","","","","","","","","25-00412","","","","","",""
"2025/12/16","2026/04/13","","181","ä¬ãÖË‹ã∆","","","007","S3744+A","01","FD2690H","","CNY","","22.70","","","","","4KDøƒ«≤Œﬂ√ƒ¡ØÃﬂΩºº≠≥","","90","L","","0","","","2900","0.00","","0.00","","","","","","","","","25-00412","","","","","",""
"2025/12/16","2026/04/13","","181","ä¬ãÖË‹ã∆","","","717","S3744+A","01","FD2690H","","CNY","","22.70","","","","","4KDøƒ«≤Œﬂ√ƒ¡ØÃﬂΩºº≠≥","","90","L","","20","","","4000","0.00","","0.00","","","","","","","","","25-00412","","","","","",""
"2025/12/16","2026/04/13","","181","ä¬ãÖË‹ã∆","","","007","S3744+A","01","FD2691H","","CNY","","22.70","","","","","4KD∑ﬁÆ≥ªﬁ»∞—","","62","L","","0","","","2900","0.00","","0.00","","","","","","","","","25-00412","","","","","",""
"2025/12/16","2026/04/13","","181","ä¬ãÖË‹ã∆","","","717","S3744+A","01","FD2691H","","CNY","","22.70","","","","","4KD∑ﬁÆ≥ªﬁ»∞—","","62","L","","20","","","4000","0.00","","0.00","","","","","","","","","25-00412","","","","","",""
"2025/12/16","2026/04/13","","181","ä¬ãÖË‹ã∆","","","007","S3744+A","01","FD2692H","","CNY","","22.70","","","","","4KD≈œπ”…","","20","L","","0","","","2900","0.00","","0.00","","","","","","","","","25-00412","","","","","",""
"2025/12/16","2026/04/13","","181","ä¬ãÖË‹ã∆","","","717","S3744+A","01","FD2692H","","CNY","","22.70","","","","","4KD≈œπ”…","","20","L","","20","","","3500","0.00","","0.00","","","","","","","","","25-00412","","","","","",""
"2025/12/16","2026/04/13","","181","ä¬ãÖË‹ã∆","","","007","S3744+A","01","FD2693H","","CNY","","22.70","","","","","4KD–∞±∑¨Øƒ∫∞À∞","","40","L","","0","","","2900","0.00","","0.00","","","","","","","","","25-00412","","","","","",""
"2025/12/16","2026/04/13","","181","ä¬ãÖË‹ã∆","","","717","S3744+A","01","FD2693H","","CNY","","22.70","","","","","4KD–∞±∑¨Øƒ∫∞À∞","","40","L","","20","","","3500","0.00","","0.00","","","","","","","","","25-00412","","","","","",""
"2025/12/16","2026/04/13","","181","ä¬ãÖË‹ã∆","","","007","S3744+A","01","FD2694H","","CNY","","22.70","","","","","4KDº ﬁ≤«","","20","L","","0","","","2900","0.00","","0.00","","","","","","","","","25-00412","","","","","",""
"2025/12/16","2026/04/13","","181","ä¬ãÖË‹ã∆","","","717","S3744+A","01","FD2694H","","CNY","","22.70","","","","","4KDº ﬁ≤«","","20","L","","20","","","5000","0.00","","0.00","","","","","","","","","25-00412","","","","","",""
"2025/12/16","2026/04/13","","181","ä¬ãÖË‹ã∆","","","007","S3744+A","01","FD2697H","","CNY","","22.70","","","","","4KD≈∂≤¿¡›±≈∫ﬁºº≠≥","","90","L","","0","","","2900","0.00","","0.00","","","","","","","","","25-00412","","","","","",""
"2025/12/16","2026/04/13","","181","ä¬ãÖË‹ã∆","","","717","S3744+A","01","FD2697H","","CNY","","22.70","","","","","4KD≈∂≤¿¡›±≈∫ﬁºº≠≥","","90","L","","20","","","4800","0.00","","0.00","","","","","","","","","25-00412","","","","","",""
"2025/12/17","2026/03/10","","437","êVìÏí ñ{èB","","","007","S3745","01","FE2071V","","CNY","","22.70","","","","","TT∆¨›∫æ›æ≤≥®›∏∫›Ã´","","70","M","","0","","","1450","16.15","","16.15","","","","","","","","","25-00413","","","","","",""
"2025/12/17","2026/03/10","","437","êVìÏí ñ{èB","","","017","S3745","01","FE2071V","","CNY","","22.70","","","","","TT∆¨›∫æ›æ≤≥®›∏∫›Ã´","","70","M","","20","","","100","16.15","","16.15","","","","","","","","","25-00413","","","","","",""
"2025/12/17","2026/03/10","","437","êVìÏí ñ{èB","","","990","S3745","01","FE2071V","","CNY","","22.70","","","","","TT∆¨›∫æ›æ≤≥®›∏∫›Ã´","","70","M","","0","","","15","16.15","","16.15","","","","","","","","","25-00413","","","","","",""
"2025/12/17","2026/03/10","","437","êVìÏí ñ{èB","","","007","S3745","01","FE2072V","","CNY","","22.70","","","","","TT ∆¨›∫æ›æ≤∫›Ã´∞ƒGR","","80","M","","0","","","1450","16.35","","16.35","","","","","","","","","25-00413","","","","","",""
"2025/12/17","2026/03/10","","437","êVìÏí ñ{èB","","","017","S3745","01","FE2072V","","CNY","","22.70","","","","","TT ∆¨›∫æ›æ≤∫›Ã´∞ƒGR","","80","M","","20","","","100","16.35","","16.35","","","","","","","","","25-00413","","","","","",""
"2025/12/17","2026/03/10","","437","êVìÏí ñ{èB","","","990","S3745","01","FE2072V","","CNY","","22.70","","","","","TT ∆¨›∫æ›æ≤∫›Ã´∞ƒGR","","80","M","","0","","","15","16.35","","16.35","","","","","","","","","25-00413","","","","","",""
"2025/12/17","2026/03/10","","437","êVìÏí ñ{èB","","","007","S3745","01","FE2073V","","CNY","","22.70","","","","","TT∆¨›∫æ›æ≤≥®›∏∫›Ã´G","","20","M","","0","","","1450","15.50","","15.50","","","","","","","","","25-00413","","","","","",""
"2025/12/17","2026/03/10","","437","êVìÏí ñ{èB","","","017","S3745","01","FE2073V","","CNY","","22.70","","","","","TT∆¨›∫æ›æ≤≥®›∏∫›Ã´G","","20","M","","20","","","100","15.50","","15.50","","","","","","","","","25-00413","","","","","",""
"2025/12/17","2026/03/10","","437","êVìÏí ñ{èB","","","990","S3745","01","FE2073V","","CNY","","22.70","","","","","TT∆¨›∫æ›æ≤≥®›∏∫›Ã´G","","20","M","","0","","","15","15.50","","15.50","","","","","","","","","25-00413","","","","","",""
"2025/12/17","2026/03/10","","437","êVìÏí ñ{èB","","","007","S3745","01","FE2074V","","CNY","","22.70","","","","","TT ≈¬“∫›Ã´∞ƒP","","11","M","","0","","","1450","15.50","","15.50","","","","","","","","","25-00413","","","","","",""
"2025/12/17","2026/03/10","","437","êVìÏí ñ{èB","","","017","S3745","01","FE2074V","","CNY","","22.70","","","","","TT ≈¬“∫›Ã´∞ƒP","","11","M","","20","","","100","15.50","","15.50","","","","","","","","","25-00413","","","","","",""
"2025/12/17","2026/03/10","","437","êVìÏí ñ{èB","","","990","S3745","01","FE2074V","","CNY","","22.70","","","","","TT ≈¬“∫›Ã´∞ƒP","","11","M","","0","","","15","15.50","","15.50","","","","","","","","","25-00413","","","","","",""
"2025/12/17","2026/02/04","","434","ìÏí à§å¨","","","017","S3741","01","CT2057A","","CNY","","22.70","","","","","KA ﬂ›ƒﬁ€Œﬁ≥Å@Ãﬂÿ›ƒ¥Ãﬂ€›","","62","M-L","","50","","","700","39.00","","39.00","","","","","","","","","25-00414","","","","","",""
"2025/12/18","2026/03/16","","437","êVìÏí ñ{èB","","","017","S3746","01","FD2393V","","CNY","","22.70","","","","","KE Betty Boop ÀÆ≥","","11","M","","20","","","500","17.90","","17.90","","","","","","","","","25-00415","","","","","",""
"2025/12/18","2026/03/16","","437","êVìÏí ñ{èB","","","990","S3746","01","FD2393V","","CNY","","22.70","","","","","KE Betty Boop ÀÆ≥","","11","M","","0","","","2","17.90","","17.90","","","","","","","","","25-00415","","","","","",""
"2025/12/19","2025/12/20","","336","DEPARTURES","","","007","","01","EZ3030A","","CNY","","22.70","","","","","∂¡µ›◊ÀﬁØƒÃß∞∂πÃﬁƒ›","","40","00","","0","","","1457","2145.00","","","","","","","","","","","25-00416","","","","","",""
"2025/12/19","2025/12/20","","336","DEPARTURES","","","007","","01","EZ3030A","","CNY","","22.70","","","","","∂¡µ›◊ÀﬁØƒÃß∞∂πÃﬁƒ›","","80","00","","0","","","1480","2145.00","","","","","","","","","","","25-00416","","","","","",""
"2025/12/19","2025/12/20","","336","DEPARTURES","","","007","","01","EZ3031A","","CNY","","22.70","","","","","∂¡µ›◊ÀﬁØƒÃß∞º∑ ﬂØƒ","","40","00","","0","","","90","1194.00","","","","","","","","","","","25-00416","","","","","",""
"2025/12/19","2025/12/20","","336","DEPARTURES","","","007","","01","EZ3031A","","CNY","","22.70","","","","","∂¡µ›◊ÀﬁØƒÃß∞º∑ ﬂØƒ","","80","00","","0","","","33","1194.00","","","","","","","","","","","25-00416","","","","","",""
"2025/12/19","2025/12/20","","336","DEPARTURES","","","007","","01","EZ3036A","","US","","161.00","","","","","PO“∂ﬁ»≥ª∑ﬁœ∏◊","","32","00","","0","","","85","968.00","","","","","","","","","","","25-00416","","","","","",""
"2025/12/19","2025/12/20","","336","DEPARTURES","","","007","","01","EZ3037A","","US","","161.00","","","","","PO»Ωﬁ–∏›…¡ÆØ∑œ∏◊","","62","00","","0","","","85","968.00","","","","","","","","","","","25-00416","","","","","",""
"2025/12/19","2025/12/20","","336","DEPARTURES","","","007","","01","EZ3038A","","CNY","","22.70","","","","","PHµ≤ºø≥≈º€∏œœ∏◊","","62","00","","0","","","92","968.00","","","","","","","","","","","25-00416","","","","","",""
"2025/12/19","2025/12/20","","336","DEPARTURES","","","007","","01","EZ3039A","","US","","161.00","","","","","PO“∂ﬁ»≥ª∑ﬁœ∏◊ ﬂØƒﬁ","","32","00","","0","","","53","318.00","","","","","","","","","","","25-00416","","","","","",""
"2025/12/19","2025/12/20","","336","DEPARTURES","","","007","","01","EZ3040A","","US","","161.00","","","","","PO»Ωﬁ–∏›…¡ÆØ∑œ∏◊ ﬂØƒﬁ","","80","00","","0","","","78","318.00","","","","","","","","","","","25-00416","","","","","",""
"2025/12/19","2025/12/20","","336","DEPARTURES","","","007","","01","EZ3041A","","US","","161.00","","","","","PHµ≤ºø≥≈º€∏œœ∏◊ ﬂØƒﬁ","","62","00","","0","","","59","318.00","","","","","","","","","","","25-00416","","","","","",""
"2025/12/19","2025/12/20","","336","DEPARTURES","","","007","","01","EZ3042A","","CNY","","22.70","","","","","PO“∂ﬁ»≥ª∑ﬁ∂πÃƒ›","","32","00","","0","","","85","2590.00","","","","","","","","","","","25-00416","","","","","",""
"2025/12/19","2025/12/20","","336","DEPARTURES","","","007","","01","EZ3043A","","US","","161.00","","","","","PO»Ωﬁ–∏›…¡ÆØ∑∂πÃƒ›","","62","00","","0","","","84","2590.00","","","","","","","","","","","25-00416","","","","","",""
"2025/12/19","2025/12/20","","336","DEPARTURES","","","007","","01","EZ3044A","","US","","161.00","","","","","PHµ≤ºø≥≈º€∏œ∂πÃƒ›","","62","00","","0","","","95","2590.00","","","","","","","","","","","25-00416","","","","","",""
"2025/12/19","2025/12/20","","336","DEPARTURES","","","007","","01","EZ3048A","","US","","161.00","","","","","PO “∂ﬁ»≥ª∑ﬁ∫ﬁ€»Ãƒ›","","32","00","","0","","","80","1890.00","","","","","","","","","","","25-00416","","","","","",""
"2025/12/19","2025/12/20","","336","DEPARTURES","","","007","","01","EZ3049A","","US","","161.00","","","","","PO »Ωﬁ–∏›…¡ÆØ∑∫ﬁ€»Ãƒ›","","80","00","","0","","","92","1890.00","","","","","","","","","","","25-00416","","","","","",""
"2025/12/19","2025/12/20","","336","DEPARTURES","","","007","","01","EZ3050A","","US","","161.00","","","","","PH µ≤ºø≥≈º€∏œ∫ﬁ€»Ãƒ›","","62","00","","0","","","85","1890.00","","","","","","","","","","","25-00416","","","","","",""
"2025/12/19","2025/12/20","","336","DEPARTURES","","","007","","01","EZ3051A","","US","","161.00","","","","","PO “∂ﬁ»≥ª∑ﬁÃﬁ◊›πØƒ","","32","00","","0","","","48","643.00","","","","","","","","","","","25-00416","","","","","",""
"2025/12/19","2025/12/20","","336","DEPARTURES","","","007","","01","EZ3052A","","US","","161.00","","","","","PO »Ωﬁ–∏›…¡ÆØ∑Ãﬁ◊›πØƒ","","80","00","","0","","","72","643.00","","","","","","","","","","","25-00416","","","","","",""
"2025/12/19","2025/12/20","","336","DEPARTURES","","","007","","01","EZ3053A","","US","","161.00","","","","","PH µ≤ºø≥≈º€∏œÃﬁ◊›πØƒ","","62","00","","0","","","62","643.00","","","","","","","","","","","25-00416","","","","","",""
"2025/12/19","2025/12/20","","336","DEPARTURES","","","007","","01","EZ3054A","","US","","161.00","","","","","PO “∂ﬁ»≥ª∑ﬁº∑ ﬂØƒ","","32","00","","0","","","61","1293.00","","","","","","","","","","","25-00416","","","","","",""
"2025/12/19","2025/12/20","","336","DEPARTURES","","","007","","01","EZ3055A","","US","","161.00","","","","","PO »Ωﬁ–∏›…¡ÆØ∑º∑ ﬂØƒ","","80","00","","0","","","80","1293.00","","","","","","","","","","","25-00416","","","","","",""
"2025/12/19","2025/12/20","","336","DEPARTURES","","","007","","01","EZ3056A","","US","","161.00","","","","","PH µ≤ºø≥≈º€∏œº∑ ﬂØƒ","","62","00","","0","","","82","1293.00","","","","","","","","","","","25-00416","","","","","",""
"2025/12/19","2025/12/20","","336","DEPARTURES","","","007","","01","EZ3077A","","CNY","","22.70","","","","","∂¡µ›◊ÀﬁØƒÃß∞ ≈∂ﬁªﬁÃﬁƒ›","","40","00","","0","","","700","594.00","","","","","","","","","","","25-00416","","","","","",""
"2025/12/19","2025/12/20","","336","DEPARTURES","","","007","","01","EZ3077A","","CNY","","22.70","","","","","∂¡µ›◊ÀﬁØƒÃß∞ ≈∂ﬁªﬁÃﬁƒ›","","80","00","","0","","","700","594.00","","","","","","","","","","","25-00416","","","","","",""
"2025/12/19","2026/03/30","","411","ìÏí ì°ìå","","","010","S3748","01","FA2071F","","CNY","","22.70","","","",""," ØÀﬂ∞¬ÿ∫–—ºﬁ","","11","M","","4","","","5800","6.50","","6.50","","","","","","","","","25-00417","","","","","",""
"2025/12/19","2026/03/30","","411","ìÏí ì°ìå","","","010","S3748","01","FA2071F","","CNY","","22.70","","","",""," ØÀﬂ∞¬ÿ∫–—ºﬁ","","30","M","","4","","","5800","6.50","","6.50","","","","","","","","","25-00417","","","","","",""
"2025/12/19","2026/03/30","","411","ìÏí ì°ìå","","","010","S3748","01","FA2071F","","CNY","","22.70","","","",""," ØÀﬂ∞¬ÿ∫–—ºﬁ","","31","M","","4","","","5800","6.50","","6.50","","","","","","","","","25-00417","","","","","",""
"2025/12/19","2026/03/30","","411","ìÏí ì°ìå","","","010","S3748","01","FA2071F","","CNY","","22.70","","","",""," ØÀﬂ∞¬ÿ∫–—ºﬁ","","80","M","","4","","","5800","6.50","","6.50","","","","","","","","","25-00417","","","","","",""
"2025/12/19","2026/03/30","","411","ìÏí ì°ìå","","","010","S3748","01","FA2072F","","CNY","","22.70","","","",""," ØÀﬂ∞¬ÿ∫–ŒøΩƒ◊≤Ãﬂ","","11","M","","4","","","5800","6.50","","6.50","","","","","","","","","25-00417","","","","","",""
"2025/12/19","2026/03/30","","411","ìÏí ì°ìå","","","010","S3748","01","FA2072F","","CNY","","22.70","","","",""," ØÀﬂ∞¬ÿ∫–ŒøΩƒ◊≤Ãﬂ","","73","M","","4","","","5800","6.50","","6.50","","","","","","","","","25-00417","","","","","",""
"2025/12/19","2026/03/30","","411","ìÏí ì°ìå","","","010","S3748","01","FA2073F","","CNY","","22.70","","","",""," ØÀﬂ∞¬ÿ∫–ÃƒΩƒ◊≤Ãﬂ","","32","M","","4","","","5800","6.50","","6.50","","","","","","","","","25-00417","","","","","",""
"2025/12/19","2026/03/30","","411","ìÏí ì°ìå","","","010","S3748","01","FA2073F","","CNY","","22.70","","","",""," ØÀﬂ∞¬ÿ∫–ÃƒΩƒ◊≤Ãﬂ","","90","M","","4","","","5800","6.50","","6.50","","","","","","","","","25-00417","","","","","",""
"2025/12/19","2026/05/11","","105","ã‡êX","","","007","S3749","01","FD2394W","","CNY","","22.70","","","","","√›»›¡¨¿πººﬁ◊","","30","L","","0","","","2900","0.00","","0.00","","","","","","","","","25-00418","","","","","",""
"2025/12/19","2026/05/11","","105","ã‡êX","","","007","S3749","01","FD2394W","","CNY","","22.70","","","","","√›»›¡¨¿πººﬁ◊","","62","M","","0","","","2900","0.00","","0.00","","","","","","","","","25-00418","","","","","",""
"2025/12/19","2026/05/11","","105","ã‡êX","","","007","S3749","01","FD2395W","","CNY","","22.70","","","","","√›»›¡¨¿π∑Œﬁÿ»∫","","30","M","","0","","","2900","0.00","","0.00","","","","","","","","","25-00418","","","","","",""
"2025/12/19","2026/05/11","","105","ã‡êX","","","007","S3749","01","FD2396W","","CNY","","22.70","","","","","√›»›¿¿–’≥⁄≤","","50","M","","0","","","2900","0.00","","0.00","","","","","","","","","25-00418","","","","","",""
"2025/12/19","2026/05/11","","105","ã‡êX","","","007","S3749","01","FD2397W","","CNY","","22.70","","","","","√›»›¿πº¨π","","20","L","","0","","","2900","0.00","","0.00","","","","","","","","","25-00418","","","","","",""
"2025/12/19","2026/05/11","","105","ã‡êX","","","007","S3749","01","FD2397W","","CNY","","22.70","","","","","√›»›¿πº¨π","","80","M","","0","","","2900","0.00","","0.00","","","","","","","","","25-00418","","","","","",""
"2025/12/19","2026/05/11","","105","ã‡êX","","","007","S3749","01","FD2699W","","CNY","","22.70","","","","","√›»›¡¨¿π∑Œﬁÿ∏œ","","90","L","","0","","","2900","0.00","","0.00","","","","","","","","","25-00418","","","","","",""
"2025/12/19","2026/05/11","","105","ã‡êX","","","007","S3749","01","FD4500W","","CNY","","22.70","","","","","√›»›¿¿–¡Æ≥¡›µ ﬁπ","","30","L","","0","","","2900","0.00","","0.00","","","","","","","","","25-00418","","","","","",""
"2025/12/19","2026/05/11","","105","ã‡êX","","","007","S3749","01","FE2076W","","CNY","","22.70","","","","","√›»›¡¨¿π‹Ã≥—ºﬁ","","62","M","","0","","","2900","0.00","","0.00","","","","","","","","","25-00418","","","","","",""
"2025/12/19","2026/05/11","","105","ã‡êX","","","007","S3749","01","FE2076W","","CNY","","22.70","","","","","√›»›¡¨¿π‹Ã≥—ºﬁ","","82","L","","0","","","2900","0.00","","0.00","","","","","","","","","25-00418","","","","","",""
"2025/12/19","2026/05/11","","105","ã‡êX","","","007","S3749","01","FE2077W","","CNY","","22.70","","","","","√›»›¿¿–º ﬁ≤«»∞—","","70","M","","0","","","2900","0.00","","0.00","","","","","","","","","25-00418","","","","","",""
"2025/12/19","2026/05/11","","105","ã‡êX","","","007","S3749","01","FE2078W","","CNY","","22.70","","","","","√›»›¿π≤∏◊∏ﬁ›∂›","","73","M","","0","","","2900","0.00","","0.00","","","","","","","","","25-00418","","","","","",""
"2025/12/19","2026/05/11","","105","ã‡êX","","","007","S3749","01","FE2079W","","CNY","","22.70","","","","","√›»›¿π»∫P","","11","M","","0","","","2900","0.00","","0.00","","","","","","","","","25-00418","","","","","",""
"2025/12/19","2026/05/11","","105","ã‡êX","","","007","S3749","01","FE2538W","","CNY","","22.70","","","","","√›»›¿¿–º ﬁ≤«»∞—","","20","L","","0","","","2900","0.00","","0.00","","","","","","","","","25-00418","","","","","",""
"2025/12/19","2026/05/11","","105","ã‡êX","","","007","S3749","01","FE2539W","","CNY","","22.70","","","","","√›»›¿πæﬁ≤¿∏Ãƒœ∑","","80","L","","0","","","2900","0.00","","0.00","","","","","","","","","25-00418","","","","","",""
"2025/12/19","2026/05/11","","105","ã‡êX","","","007","S3749","01","FE2540W","","CNY","","22.70","","","","","√›»›¿π»∫DB","","32","L","","0","","","2900","0.00","","0.00","","","","","","","","","25-00418","","","","","",""
"2025/12/19","2026/06/15","","437","êVìÏí ñ{èB","","","007","S3750","01","FD2391V","","CNY","","22.70","","","","","√›»›—ºﬁ¡¨¿π","","50","M","","0","","","2900","0.00","","0.00","","","","","","","","","25-00419","","","","","",""
"2025/12/19","2026/06/15","","437","êVìÏí ñ{èB","","","007","S3750","01","FD2391V","","CNY","","22.70","","","","","√›»›—ºﬁ¡¨¿π","","90","L","","0","","","2900","0.00","","0.00","","","","","","","","","25-00419","","","","","",""
"2025/12/19","2026/06/15","","437","êVìÏí ñ{èB","","","007","S3750","01","FE2065V","","CNY","","22.70","","","","","√›»›º€∏œ","","31","M","","0","","","2900","0.00","","0.00","","","","","","","","","25-00419","","","","","",""
"2025/12/19","2026/06/15","","437","êVìÏí ñ{èB","","","007","S3750","01","FE2065V","","CNY","","22.70","","","","","√›»›º€∏œ","","32","L","","0","","","2900","0.00","","0.00","","","","","","","","","25-00419","","","","","",""
"2025/12/19","2026/06/15","","437","êVìÏí ñ{èB","","","007","S3750","01","FE2067V","","CNY","","22.70","","","","","√›»›¿π—ºﬁP BK","","11","M","","0","","","2900","0.00","","0.00","","","","","","","","","25-00419","","","","","",""
"2025/12/19","2026/06/15","","437","êVìÏí ñ{èB","","","007","S3750","01","FE2067V","","CNY","","22.70","","","","","√›»›¿π—ºﬁP BK","","90","L","","0","","","2900","0.00","","0.00","","","","","","","","","25-00419","","","","","",""
"2025/12/19","2026/06/15","","437","êVìÏí ñ{èB","","","007","S3750","01","FE2069V","","CNY","","22.70","","","","","√›»›¿πµ∆∑ﬁÿ¿œ∫ﬁ‘∑","","73","M","","0","","","2900","0.00","","0.00","","","","","","","","","25-00419","","","","","",""
"2025/12/19","2026/06/15","","437","êVìÏí ñ{èB","","","007","S3750","01","FE2070V","","CNY","","22.70","","","","","√›»›—ºﬁ∑ºﬁ","","62","M","","0","","","2900","0.00","","0.00","","","","","","","","","25-00419","","","","","",""
"2025/12/19","2026/06/15","","437","êVìÏí ñ{èB","","","007","S3750","01","FE2070V","","CNY","","22.70","","","","","√›»›—ºﬁ∑ºﬁ","","82","L","","0","","","2900","0.00","","0.00","","","","","","","","","25-00419","","","","","",""
"2025/12/19","2026/06/15","","437","êVìÏí ñ{èB","","","007","S3750","01","FE2537V","","CNY","","22.70","","","","","√›»›¿π¡¨¬ﬁπÀ‘‘Ø∫","","80","L","","0","","","2900","0.00","","0.00","","","","","","","","","25-00419","","","","","",""
"2025/12/19","2026/06/15","","181","ä¬ãÖË‹ã∆","","","007","S3751","01","FD2386H","","CNY","","22.70","","","","","√›»›Àﬁ∞Ÿºº≠≥","","62","M","","0","","","2900","0.00","","0.00","","","","","","","","","25-00420","","","","","",""
"2025/12/19","2026/06/15","","181","ä¬ãÖË‹ã∆","","","007","S3751","01","FD2387H","","US","","161.00","","","","","√›»›»∫πÿπÿºº≠≥","","70","M","","0","","","2900","0.00","","0.00","","","","","","","","","25-00420","","","","","",""
"2025/12/19","2026/06/15","","181","ä¬ãÖË‹ã∆","","","007","S3751","01","FD2387H","","US","","161.00","","","","","√›»›»∫πÿπÿºº≠≥","","90","L","","0","","","2900","0.00","","0.00","","","","","","","","","25-00420","","","","","",""
"2025/12/19","2026/06/15","","181","ä¬ãÖË‹ã∆","","","007","S3751","01","FD2392H","","CNY","","22.70","","","","","√›»›≤¡∫ﬁ¿ﬁ≤Ã∏¿¿–","","11","M","","0","","","2900","0.00","","0.00","","","","","","","","","25-00420","","","","","",""
"2025/12/19","2026/06/15","","181","ä¬ãÖË‹ã∆","","","007","S3751","01","FD2695H","","CNY","","22.70","","","","","√›»›‘∑ƒÿºº≠≥","","80","L","","0","","","2900","0.00","","0.00","","","","","","","","","25-00420","","","","","",""
"2025/12/19","2026/06/15","","181","ä¬ãÖË‹ã∆","","","007","S3751","01","FD2698H","","CNY","","22.70","","","","","√›»›ø ﬁºº≠≥¿¿–","","22","L","","0","","","2900","0.00","","0.00","","","","","","","","","25-00420","","","","","",""
"2025/12/19","2026/03/23","","437","êVìÏí ñ{èB","","","007","S3752+A","01","FE2056V","","CNY","","22.70","","","","","√›»›—ºﬁ¿π","","73","M","","0","","","2900","13.00","","13.00","","","","","","","","","25-00421","","","","","",""
"2025/12/19","2026/03/23","","437","êVìÏí ñ{èB","","","717","S3752+A","01","FE2056V","","CNY","","22.70","","","","","√›»›—ºﬁ¿π","","73","M","","20","","","3100","13.00","","13.00","","","","","","","","","25-00421","","","","","",""
"2025/12/19","2026/03/23","","437","êVìÏí ñ{èB","","","007","S3752+A","01","FE2056V","","CNY","","22.70","","","","","√›»›—ºﬁ¿π","","80","L","","0","","","2900","13.00","","13.00","","","","","","","","","25-00421","","","","","",""
"2025/12/19","2026/03/23","","437","êVìÏí ñ{èB","","","717","S3752+A","01","FE2056V","","CNY","","22.70","","","","","√›»›—ºﬁ¿π","","80","L","","20","","","3600","13.00","","13.00","","","","","","","","","25-00421","","","","","",""
"2025/12/19","2026/03/23","","437","êVìÏí ñ{èB","","","007","S3752+A","01","FE2057V","","CNY","","22.70","","","","","√›»›Ω≤∂¿π","","20","M","","0","","","2900","13.40","","13.40","","","","","","","","","25-00421","","","","","",""
"2025/12/19","2026/03/23","","437","êVìÏí ñ{èB","","","717","S3752+A","01","FE2057V","","CNY","","22.70","","","","","√›»›Ω≤∂¿π","","20","M","","20","","","3500","13.40","","13.40","","","","","","","","","25-00421","","","","","",""
"2025/12/19","2026/03/23","","437","êVìÏí ñ{èB","","","007","S3752+A","01","FE2058V","","CNY","","22.70","","","","","√›»›¿¿–¥¿ﬁœ“","","80","M","","0","","","2900","13.50","","13.50","","","","","","","","","25-00421","","","","","",""
"2025/12/19","2026/03/23","","437","êVìÏí ñ{èB","","","717","S3752+A","01","FE2058V","","CNY","","22.70","","","","","√›»›¿¿–¥¿ﬁœ“","","80","M","","20","","","4260","13.50","","13.50","","","","","","","","","25-00421","","","","","",""
"2025/12/19","2026/03/23","","437","êVìÏí ñ{èB","","","007","S3752+A","01","FE2061V","","CNY","","22.70","","","","","√›»›¡¨¿π∂ƒÿæ›∫≥»∞—","","22","L","","0","","","2900","13.40","","13.40","","","","","","","","","25-00421","","","","","",""
"2025/12/19","2026/03/23","","437","êVìÏí ñ{èB","","","717","S3752+A","01","FE2061V","","CNY","","22.70","","","","","√›»›¡¨¿π∂ƒÿæ›∫≥»∞—","","22","L","","20","","","3600","13.40","","13.40","","","","","","","","","25-00421","","","","","",""
"2025/12/19","2026/03/23","","437","êVìÏí ñ{èB","","","007","S3752+A","01","FE2061V","","CNY","","22.70","","","","","√›»›¡¨¿π∂ƒÿæ›∫≥»∞—","","70","M","","0","","","2900","12.90","","12.90","","","","","","","","","25-00421","","","","","",""
"2025/12/19","2026/03/23","","437","êVìÏí ñ{èB","","","717","S3752+A","01","FE2061V","","CNY","","22.70","","","","","√›»›¡¨¿π∂ƒÿæ›∫≥»∞—","","70","M","","20","","","3600","12.90","","12.90","","","","","","","","","25-00421","","","","","",""
"2025/12/19","2026/03/23","","437","êVìÏí ñ{èB","","","007","S3752+A","01","FE2533V","","CNY","","22.70","","","","","√›»›¿¿–ºÆ≥¡≠≥","","32","L","","0","","","2900","14.05","","14.05","","","","","","","","","25-00421","","","","","",""
"2025/12/19","2026/03/23","","437","êVìÏí ñ{èB","","","717","S3752+A","01","FE2533V","","CNY","","22.70","","","","","√›»›¿¿–ºÆ≥¡≠≥","","32","L","","20","","","4260","14.05","","14.05","","","","","","","","","25-00421","","","","","",""
"2025/12/19","2026/03/23","","437","êVìÏí ñ{èB","","","007","S3752+A","01","FE2534V","","CNY","","22.70","","","","","√›»›±Œﬁ∂ƒﬁ¿π","","90","L","","0","","","2900","13.80","","13.80","","","","","","","","","25-00421","","","","","",""
"2025/12/19","2026/03/23","","437","êVìÏí ñ{èB","","","717","S3752+A","01","FE2534V","","CNY","","22.70","","","","","√›»›±Œﬁ∂ƒﬁ¿π","","90","L","","20","","","3000","13.80","","13.80","","","","","","","","","25-00421","","","","","",""
"2025/12/19","2026/03/23","","181","ä¬ãÖË‹ã∆","","","007","S3753+A","01","FD2372H","","CNY","","22.70","","","","","√›»›¡¨¿πººﬁ◊","","31","M","","0","","","2900","11.00","","11.00","","","","","","","","","25-00422","","","","","",""
"2025/12/19","2026/03/23","","181","ä¬ãÖË‹ã∆","","","717","S3753+A","01","FD2372H","","CNY","","22.70","","","","","√›»›¡¨¿πººﬁ◊","","31","M","","20","","","4300","11.00","","11.00","","","","","","","","","25-00422","","","","","",""
"2025/12/19","2026/03/23","","181","ä¬ãÖË‹ã∆","","","007","S3753+A","01","FD2372H","","CNY","","22.70","","","","","√›»›¡¨¿πººﬁ◊","","32","L","","0","","","2900","11.10","","11.10","","","","","","","","","25-00422","","","","","",""
"2025/12/19","2026/03/23","","181","ä¬ãÖË‹ã∆","","","717","S3753+A","01","FD2372H","","CNY","","22.70","","","","","√›»›¡¨¿πººﬁ◊","","32","L","","20","","","4500","11.10","","11.10","","","","","","","","","25-00422","","","","","",""
"2025/12/19","2026/03/23","","181","ä¬ãÖË‹ã∆","","","007","S3753+A","01","FD2375H","","CNY","","22.70","","","","","√›»›¡¨¿π»∫ºº≠≥","","62","M","","0","","","2900","11.30","","11.30","","","","","","","","","25-00422","","","","","",""
"2025/12/19","2026/03/23","","181","ä¬ãÖË‹ã∆","","","717","S3753+A","01","FD2375H","","CNY","","22.70","","","","","√›»›¡¨¿π»∫ºº≠≥","","62","M","","20","","","4000","11.30","","11.30","","","","","","","","","25-00422","","","","","",""
"2025/12/19","2026/03/23","","181","ä¬ãÖË‹ã∆","","","007","S3753+A","01","FD2376H","","CNY","","22.70","","","","","√›»›¿¿–‹Ã≥∑ºﬁ","","10","M","","0","","","2900","11.00","","11.00","","","","","","","","","25-00422","","","","","",""
"2025/12/19","2026/03/23","","181","ä¬ãÖË‹ã∆","","","717","S3753+A","01","FD2376H","","CNY","","22.70","","","","","√›»›¿¿–‹Ã≥∑ºﬁ","","10","M","","20","","","3500","11.00","","11.00","","","","","","","","","25-00422","","","","","",""
"2025/12/19","2026/03/23","","181","ä¬ãÖË‹ã∆","","","007","S3753+A","01","FD2379H","","CNY","","22.70","","","","","√›»›¡¨¿π≤¡∫ﬁ»∞—","","11","M","","0","","","2900","11.30","","11.30","","","","","","","","","25-00422","","","","","",""
"2025/12/19","2026/03/23","","181","ä¬ãÖË‹ã∆","","","717","S3753+A","01","FD2379H","","CNY","","22.70","","","","","√›»›¡¨¿π≤¡∫ﬁ»∞—","","11","M","","20","","","4300","11.30","","11.30","","","","","","","","","25-00422","","","","","",""
"2025/12/19","2026/03/23","","181","ä¬ãÖË‹ã∆","","","007","S3753+A","01","FD2677H","","CNY","","22.70","","","","","√›»›¡¨¿π≤«ºº≠≥","","40","L","","0","","","2900","11.35","","11.35","","","","","","","","","25-00422","","","","","",""
"2025/12/19","2026/03/23","","181","ä¬ãÖË‹ã∆","","","717","S3753+A","01","FD2677H","","CNY","","22.70","","","","","√›»›¡¨¿π≤«ºº≠≥","","40","L","","20","","","3800","11.35","","11.35","","","","","","","","","25-00422","","","","","",""
"2025/12/19","2026/03/23","","181","ä¬ãÖË‹ã∆","","","007","S3753+A","01","FD2678H","","CNY","","22.70","","","","","√›»›¿¿–‹Ã≥∑ºﬁ","","32","L","","0","","","2900","11.10","","11.10","","","","","","","","","25-00422","","","","","",""
"2025/12/19","2026/03/23","","181","ä¬ãÖË‹ã∆","","","717","S3753+A","01","FD2678H","","CNY","","22.70","","","","","√›»›¿¿–‹Ã≥∑ºﬁ","","32","L","","20","","","5000","11.10","","11.10","","","","","","","","","25-00422","","","","","",""
"2025/12/19","2026/03/23","","181","ä¬ãÖË‹ã∆","","","007","S3753+A","01","FD2689H","","CNY","","22.70","","","","","√›»›¡¨¿π≥ºﬁ∑›ƒ∑»∞—","","20","L","","0","","","2900","11.35","","11.35","","","","","","","","","25-00422","","","","","",""
"2025/12/19","2026/03/23","","181","ä¬ãÖË‹ã∆","","","717","S3753+A","01","FD2689H","","CNY","","22.70","","","","","√›»›¡¨¿π≥ºﬁ∑›ƒ∑»∞—","","20","L","","20","","","4500","11.35","","11.35","","","","","","","","","25-00422","","","","","",""
"2025/12/23","2026/03/12","","404","à¿ãJëÒíy","","","007","S3757","01","FS2024J","","US","","161.00","","","","","∫±◊…œ∞¡ºﬁÀﬁØ¬ª›¿ﬁŸ","","20","M","","20","","","1500","0.00","","0.00","","","","","","","","","25-00423","","","","","",""
"2025/12/23","2026/03/12","","404","à¿ãJëÒíy","","","990","S3757","01","FS2024J","","US","","161.00","","","","","∫±◊…œ∞¡ºﬁÀﬁØ¬ª›¿ﬁŸ","","20","M","","0","","","7","0.00","","0.00","","","","","","","","","25-00423","","","","","",""
"2025/12/23","2026/03/12","","404","à¿ãJëÒíy","","","007","S3757","01","FS2024J","","US","","161.00","","","","","∫±◊…œ∞¡ºﬁÀﬁØ¬ª›¿ﬁŸ","","20","L","","20","","","1500","0.00","","0.00","","","","","","","","","25-00423","","","","","",""
"2025/12/23","2026/03/12","","404","à¿ãJëÒíy","","","990","S3757","01","FS2024J","","US","","161.00","","","","","∫±◊…œ∞¡ºﬁÀﬁØ¬ª›¿ﬁŸ","","20","L","","0","","","0","0.00","","0.00","","","","","","","","","25-00423","","","","","",""
"2025/12/23","2026/03/12","","404","à¿ãJëÒíy","","","007","S3757","01","FS2024J","","US","","161.00","","","","","∫±◊…œ∞¡ºﬁÀﬁØ¬ª›¿ﬁŸ","","90","M","","20","","","1500","0.00","","0.00","","","","","","","","","25-00423","","","","","",""
"2025/12/23","2026/03/12","","404","à¿ãJëÒíy","","","990","S3757","01","FS2024J","","US","","161.00","","","","","∫±◊…œ∞¡ºﬁÀﬁØ¬ª›¿ﬁŸ","","90","M","","0","","","8","0.00","","0.00","","","","","","","","","25-00423","","","","","",""
"2025/12/23","2026/03/12","","404","à¿ãJëÒíy","","","007","S3757","01","FS2024J","","US","","161.00","","","","","∫±◊…œ∞¡ºﬁÀﬁØ¬ª›¿ﬁŸ","","90","L","","20","","","1500","0.00","","0.00","","","","","","","","","25-00423","","","","","",""
"2025/12/23","2026/03/12","","404","à¿ãJëÒíy","","","990","S3757","01","FS2024J","","US","","161.00","","","","","∫±◊…œ∞¡ºﬁÀﬁØ¬ª›¿ﬁŸ","","90","L","","0","","","0","0.00","","0.00","","","","","","","","","25-00423","","","","","",""
"2025/12/23","2026/03/27","","411","ìÏí ì°ìå","","","007","S3755","01","FS2023F","","CNY","","22.70","","","","","ìßñæPVC","","11","M","","20","","","1500","19.20","","19.20","","","","","","","","","25-00424","","","","","",""
"2025/12/23","2026/03/27","","411","ìÏí ì°ìå","","","807","S3755","01","FS2023F","","CNY","","22.70","","","","","ìßñæPVC","","11","M","","20","","","1000","19.20","","19.20","","","","","","","","","25-00424","","","","","",""
"2025/12/23","2026/03/27","","411","ìÏí ì°ìå","","","007","S3755","01","FS2023F","","CNY","","22.70","","","","","ìßñæPVC","","11","L","","20","","","1500","19.20","","19.20","","","","","","","","","25-00424","","","","","",""
"2025/12/23","2026/03/27","","411","ìÏí ì°ìå","","","807","S3755","01","FS2023F","","CNY","","22.70","","","","","ìßñæPVC","","11","L","","20","","","700","19.20","","19.20","","","","","","","","","25-00424","","","","","",""
"2025/12/23","2026/03/27","","411","ìÏí ì°ìå","","","007","S3755","01","FS2023F","","CNY","","22.70","","","","","ìßñæPVC","","20","M","","20","","","1500","19.20","","19.20","","","","","","","","","25-00424","","","","","",""
"2025/12/23","2026/03/27","","411","ìÏí ì°ìå","","","807","S3755","01","FS2023F","","CNY","","22.70","","","","","ìßñæPVC","","20","M","","20","","","1000","19.20","","19.20","","","","","","","","","25-00424","","","","","",""
"2025/12/23","2026/03/27","","411","ìÏí ì°ìå","","","007","S3755","01","FS2023F","","CNY","","22.70","","","","","ìßñæPVC","","20","L","","20","","","1500","19.20","","19.20","","","","","","","","","25-00424","","","","","",""
"2025/12/23","2026/03/27","","411","ìÏí ì°ìå","","","807","S3755","01","FS2023F","","CNY","","22.70","","","","","ìßñæPVC","","20","L","","20","","","700","19.20","","19.20","","","","","","","","","25-00424","","","","","",""
"2025/12/23","2026/03/27","","411","ìÏí ì°ìå","","","007","S3755","01","FS2023F","","CNY","","22.70","","","","","ìßñæPVC","","90","M","","20","","","1500","19.20","","19.20","","","","","","","","","25-00424","","","","","",""
"2025/12/23","2026/03/27","","411","ìÏí ì°ìå","","","807","S3755","01","FS2023F","","CNY","","22.70","","","","","ìßñæPVC","","90","M","","20","","","1000","19.20","","19.20","","","","","","","","","25-00424","","","","","",""
"2025/12/23","2026/03/27","","411","ìÏí ì°ìå","","","007","S3755","01","FS2023F","","CNY","","22.70","","","","","ìßñæPVC","","90","L","","20","","","1500","19.20","","19.20","","","","","","","","","25-00424","","","","","",""
"2025/12/23","2026/03/27","","411","ìÏí ì°ìå","","","807","S3755","01","FS2023F","","CNY","","22.70","","","","","ìßñæPVC","","90","L","","20","","","700","19.20","","19.20","","","","","","","","","25-00424","","","","","",""
"2025/12/23","2026/03/12","","411","ìÏí ì°ìå","","","007","S3754","01","NS1433F","","CNY","","22.70","","","","","“Øº≠ª›¿ﬁŸ","","32","M","","20","","","500","22.25","","22.25","","","","","","","","","25-00425","","","","","",""
"2025/12/23","2026/03/12","","411","ìÏí ì°ìå","","","007","S3754","01","NS1433F","","CNY","","22.70","","","","","“Øº≠ª›¿ﬁŸ","","32","L","","20","","","500","22.25","","22.25","","","","","","","","","25-00425","","","","","",""
"2025/12/23","2026/03/12","","411","ìÏí ì°ìå","","","007","S3754","01","NS1433F","","CNY","","22.70","","","","","“Øº≠ª›¿ﬁŸ","","90","M","","20","","","500","22.25","","22.25","","","","","","","","","25-00425","","","","","",""
"2025/12/23","2026/03/12","","411","ìÏí ì°ìå","","","007","S3754","01","NS1433F","","CNY","","22.70","","","","","“Øº≠ª›¿ﬁŸ","","90","L","","20","","","500","22.25","","22.25","","","","","","","","","25-00425","","","","","",""
"2025/12/23","2026/03/12","","411","ìÏí ì°ìå","","","007","S3754","01","NS7645F","","CNY","","22.70","","","","","“Øº≠ª›¿ﬁŸ","","90","M","","20","","","500","22.25","","22.25","","","","","","","","","25-00425","","","","","",""
"2025/12/23","2026/03/12","","411","ìÏí ì°ìå","","","007","S3754","01","NS7645F","","CNY","","22.70","","","","","“Øº≠ª›¿ﬁŸ","","90","L","","20","","","500","22.25","","22.25","","","","","","","","","25-00425","","","","","",""
"2025/12/24","2026/02/14","","437","êVìÏí ñ{èB","","","007","S3760","01","DD2179V","","CNY","","22.70","","","","","KO 11Ç“Ç´äOñDÇ¢åíçN","","70","M","","0","","","1500","16.00","","16.00","","","","","","","","","25-00426","","","","","",""
"2025/12/24","2026/02/14","","437","êVìÏí ñ{èB","","","007","S3760","01","ED2366V","","CNY","","22.70","","","","","EC  ◊Õﬂ∫±µ—ºäOñDÇ¢åíçN","","20","M","","0","","","1500","15.90","","15.90","","","","","","","","","25-00426","","","","","",""
"2025/12/24","2026/02/14","","437","êVìÏí ñ{èB","","","007","S3760","01","ED2454V","","CNY","","22.70","","","","","SX ÿ◊Ø∏œπ›∫≥","","40","M","","0","","","1500","0.00","","0.00","","","","","","","","","25-00426","","","","","",""
"2025/12/24","2026/02/14","","437","êVìÏí ñ{èB","","","007","S3760","01","EE3019V","","CNY","","22.70","","","","","KO11Àﬂ∑…»∫ ﬂ≤Ÿ∫›Ã´∞ƒ","","30","M","","0","","","1500","15.10","","15.10","","","","","","","","","25-00426","","","","","",""
"2025/12/24","2026/02/14","","437","êVìÏí ñ{èB","","","007","S3760","01","EE3020V","","CNY","","22.70","","","","","EC  ◊Õﬂ∫±µ—º ﬂ≤Ÿ∫›Ã´∞ƒ","","10","M","","0","","","3000","15.20","","15.20","","","","","","","","","25-00426","","","","","",""
"2025/12/24","2026/02/14","","437","êVìÏí ñ{èB","","","007","S3760","01","EE3021V","","CNY","","22.70","","","","","PO “∂ﬁ»≥ª∑ﬁ ﬂ≤Ÿ∫›Ã´∞ƒ","","11","M","","0","","","1500","14.50","","14.50","","","","","","","","","25-00426","","","","","",""
"2025/12/24","2026/02/14","","437","êVìÏí ñ{èB","","","007","S3760","01","EE3023V","","CNY","","22.70","","","","","SX ÿ◊Ø∏œ ﬂ≤Ÿ∫›Ã´∞ƒ","","40","M","","0","","","3000","15.00","","15.00","","","","","","","","","25-00426","","","","","",""
"2025/12/24","2026/03/16","","437","êVìÏí ñ{èB","","","017","S3756","01","FH2114V","","CNY","","22.70","","","","","KE ∂∏⁄””ºﬁÿ√›»› ﬂ›¿","","11","M","","20","","","500","18.45","","18.45","","","","","","","","","25-00427","","","","","",""
"2025/12/24","2026/03/16","","437","êVìÏí ñ{èB","","","990","S3756","01","FH2114V","","CNY","","22.70","","","","","KE ∂∏⁄””ºﬁÿ√›»› ﬂ›¿","","11","M","","0","","","6","18.45","","18.45","","","","","","","","","25-00427","","","","","",""
"2025/12/24","2026/03/25","","411","ìÏí ì°ìå","","","017","S3758","01","FE2541F","","CNY","","22.70","","","","","TT ∆¨›∫æ›æ≤ª›∏ﬁ◊Ω","","20","L","","20","","","500","20.00","","20.00","","","","","","","","","25-00428","","","","","",""
"2025/12/24","2026/03/25","","411","ìÏí ì°ìå","","","990","S3758","01","FE2541F","","CNY","","22.70","","","","","TT ∆¨›∫æ›æ≤ª›∏ﬁ◊Ω","","20","L","","0","","","15","20.00","","20.00","","","","","","","","","25-00428","","","","","",""
"2025/12/24","2026/03/25","","411","ìÏí ì°ìå","","","017","S3758","01","FE2542F","","CNY","","22.70","","","","","TT ∆¨›∫æ›æ≤¬Œﬁ","","62","L","","20","","","500","20.00","","20.00","","","","","","","","","25-00428","","","","","",""
"2025/12/24","2026/03/25","","411","ìÏí ì°ìå","","","990","S3758","01","FE2542F","","CNY","","22.70","","","","","TT ∆¨›∫æ›æ≤¬Œﬁ","","62","L","","0","","","15","20.00","","20.00","","","","","","","","","25-00428","","","","","",""
"2025/12/24","2026/03/04","","411","ìÏí ì°ìå","","","017","S3759","01","FJ2095F","","CNY","","22.70","","","","","SR ≥ª ≈","","11","M","","20","","","500","19.20","","19.20","","","","","","","","","25-00429","","","","","",""
"2025/12/24","2026/03/04","","411","ìÏí ì°ìå","","","017","S3759","01","FJ2096F","","CNY","","22.70","","","","","SR º≠∂ﬁ∞ ﬁ∆∞Ωﬁ","","62","M","","20","","","500","19.20","","19.20","","","","","","","","","25-00429","","","","","",""
"2025/12/24","2026/02/24","","105","ã‡êX","","","017","S3761","01","FD2411W","","CNY","","22.70","","","","","∏€É~ÉP»∫","","21","M","","20","","","600","10.05","","10.05","","","","","","","","","25-00430","","","","","",""
"2025/12/24","2026/02/24","","105","ã‡êX","","","017","S3761","01","FD2412W","","CNY","","22.70","","","","","º ﬁ≤«","","20","M","","20","","","600","10.05","","10.05","","","","","","","","","25-00430","","","","","",""
"2025/12/24","2026/02/24","","105","ã‡êX","","","017","S3761","01","FD2413W","","CNY","","22.70","","","","","øƒ«≤—ºﬁ","","32","L","","20","","","600","10.05","","10.05","","","","","","","","","25-00430","","","","","",""
"2025/12/24","2026/02/24","","105","ã‡êX","","","017","S3761","01","FD2413W","","CNY","","22.70","","","","","øƒ«≤—ºﬁ","","90","M","","20","","","600","10.05","","10.05","","","","","","","","","25-00430","","","","","",""
"2025/12/24","2026/02/24","","105","ã‡êX","","","017","S3761","01","FD2414W","","CNY","","22.70","","","","","øƒ«≤—ºﬁ","","11","M","","20","","","300","10.05","","10.05","","","","","","","","","25-00430","","","","","",""
"2025/12/24","2026/02/24","","105","ã‡êX","","","017","S3761","01","FD2414W","","CNY","","22.70","","","","","øƒ«≤—ºﬁ","","20","M","","20","","","300","10.05","","10.05","","","","","","","","","25-00430","","","","","",""
"2025/12/24","2026/02/24","","105","ã‡êX","","","017","S3761","01","FD2414W","","CNY","","22.70","","","","","øƒ«≤—ºﬁ","","81","M","","20","","","300","10.05","","10.05","","","","","","","","","25-00430","","","","","",""
"2025/12/24","2026/02/24","","105","ã‡êX","","","017","S3761","01","FD2415W","","CNY","","22.70","","","",""," ÿ»Ωﬁ–","","62","M","","20","","","300","10.05","","10.05","","","","","","","","","25-00430","","","","","",""
"2025/12/24","2026/02/24","","105","ã‡êX","","","017","S3761","01","FD2416W","","CNY","","22.70","","","","","ÀﬁºÆ›Ãÿ∞æﬁ","","50","M","","20","","","300","10.05","","10.05","","","","","","","","","25-00430","","","","","",""
"2025/12/24","2026/02/24","","105","ã‡êX","","","017","S3761","01","FD4503W","","CNY","","22.70","","","","","»∫ºŸ¥Øƒ","","90","L","","20","","","600","10.05","","10.05","","","","","","","","","25-00430","","","","","",""
"2026/02/04","2026/03/10","","105","ã‡êX","","","017","S3763R","01","FD2408W","","CNY","","22.70","","","","","—ºﬁøƒ«≤","","30","L","","0","","","370","0.00","","0.00","","","","","","","","","25-00431","","","","","",""
"2026/02/04","2026/03/10","","105","ã‡êX","","","017","S3763R","01","FD2408W","","CNY","","22.70","","","","","—ºﬁøƒ«≤","","62","M","","0","","","370","0.00","","0.00","","","","","","","","","25-00431","","","","","",""
"2026/02/04","2026/03/10","","105","ã‡êX","","","017","S3763R","01","FD2408W","","CNY","","22.70","","","","","—ºﬁøƒ«≤","","70","M","","0","","","370","0.00","","0.00","","","","","","","","","25-00431","","","","","",""
"2026/02/04","2026/03/10","","105","ã‡êX","","","017","S3763R","01","FD2409W","","CNY","","22.70","","","","","»∫ø≥∂ﬁ◊","","50","M","","0","","","370","0.00","","0.00","","","","","","","","","25-00431","","","","","",""
"2026/02/04","2026/03/10","","105","ã‡êX","","","017","S3763R","01","FD2410W","","CNY","","22.70","","","","","∏œø≥∂ﬁ◊","","80","M","","0","","","370","0.00","","0.00","","","","","","","","","25-00431","","","","","",""
"2025/12/24","2026/02/21","","105","ã‡êX","","","807","S3762","01","EH2079W","","CNY","","22.70","","","",""," ≤∂Øƒ ﬂ›¿€›Õﬁ€±ÿŒﬁ›","","62","S","","0","","","1500","12.30","","12.30","","","","","","","","","25-00432","","","","","",""
"2025/12/24","2026/02/21","","105","ã‡êX","","","807","S3762","01","EH2079W","","CNY","","22.70","","","",""," ≤∂Øƒ ﬂ›¿€›Õﬁ€±ÿŒﬁ›","","81","S","","0","","","1500","12.30","","12.30","","","","","","","","","25-00432","","","","","",""
"2025/12/24","2026/02/21","","105","ã‡êX","","","807","S3762","01","EH2079W","","CNY","","22.70","","","",""," ≤∂Øƒ ﬂ›¿€›Õﬁ€±ÿŒﬁ›","","82","S","","0","","","1500","12.30","","12.30","","","","","","","","","25-00432","","","","","",""
"2025/12/24","2026/02/21","","105","ã‡êX","","","807","S3762","01","EH2079W","","CNY","","22.70","","","",""," ≤∂Øƒ ﬂ›¿€›Õﬁ€±ÿŒﬁ›","","90","S","","0","","","1500","12.30","","12.30","","","","","","","","","25-00432","","","","","",""
"2025/12/24","2026/05/21","","105","ã‡êX","","","807","S3764","01","EH2123W","","CNY","","22.70","","","",""," ≤∂ØƒÉ^É^É~ÿŒﬁ›","","11","S","","0","","","1500","14.60","","14.60","","","","","","","","","25-00433","","","","","",""
"2025/12/24","2026/05/21","","105","ã‡êX","","","807","S3764","01","EH2123W","","CNY","","22.70","","","",""," ≤∂ØƒÉ^É^É~ÿŒﬁ›","","20","S","","0","","","1500","14.60","","14.60","","","","","","","","","25-00433","","","","","",""
"2025/12/24","2026/05/21","","105","ã‡êX","","","807","S3764","01","EH2123W","","CNY","","22.70","","","",""," ≤∂ØƒÉ^É^É~ÿŒﬁ›","","81","S","","0","","","1500","14.60","","14.60","","","","","","","","","25-00433","","","","","",""
"2025/12/24","2026/05/21","","105","ã‡êX","","","807","S3764","01","EH2123W","","CNY","","22.70","","","",""," ≤∂ØƒÉ^É^É~ÿŒﬁ›","","82","S","","0","","","1500","14.60","","14.60","","","","","","","","","25-00433","","","","","",""
"2026/01/06","2026/05/01","","411","ìÏí ì°ìå","","","007","S3773","01","FA2074F","","CNY","","22.70","","","",""," ØÀﬂ∞¬ÿ∫–ŒøΩƒ◊≤Ãﬂ","","80","M","","0","","","5800","0.00","","0.00","","","","","","","","","25-00434","","","","","",""
"2026/01/06","2026/05/01","","411","ìÏí ì°ìå","","","007","S3773","01","FA2074F","","CNY","","22.70","","","",""," ØÀﬂ∞¬ÿ∫–ŒøΩƒ◊≤Ãﬂ","","90","M","","0","","","5800","0.00","","0.00","","","","","","","","","25-00434","","","","","",""
"2026/01/06","2026/05/01","","411","ìÏí ì°ìå","","","007","S3773","01","FA2075F","","CNY","","22.70","","","",""," ØÀﬂ∞¬ÿ∫–É`ÉFÉbÉN","","10","M","","0","","","5800","0.00","","0.00","","","","","","","","","25-00434","","","","","",""
"2026/01/06","2026/05/01","","411","ìÏí ì°ìå","","","007","S3773","01","FA2075F","","CNY","","22.70","","","",""," ØÀﬂ∞¬ÿ∫–É`ÉFÉbÉN","","30","M","","0","","","5800","0.00","","0.00","","","","","","","","","25-00434","","","","","",""
"2026/01/06","2026/05/01","","411","ìÏí ì°ìå","","","007","S3773","01","FA2076F","","CNY","","22.70","","","",""," ØÀﬂ∞¬ÿ∫–—ºﬁ","","30","M","","0","","","5800","0.00","","0.00","","","","","","","","","25-00434","","","","","",""
"2026/01/06","2026/05/01","","411","ìÏí ì°ìå","","","007","S3773","01","FA2076F","","CNY","","22.70","","","",""," ØÀﬂ∞¬ÿ∫–—ºﬁ","","40","M","","0","","","5800","0.00","","0.00","","","","","","","","","25-00434","","","","","",""
"2026/01/06","2026/05/01","","411","ìÏí ì°ìå","","","007","S3773","01","FA2076F","","CNY","","22.70","","","",""," ØÀﬂ∞¬ÿ∫–—ºﬁ","","50","M","","0","","","5800","0.00","","0.00","","","","","","","","","25-00434","","","","","",""
"2026/01/06","2026/05/01","","411","ìÏí ì°ìå","","","007","S3773","01","FA2076F","","CNY","","22.70","","","",""," ØÀﬂ∞¬ÿ∫–—ºﬁ","","80","M","","0","","","5800","0.00","","0.00","","","","","","","","","25-00434","","","","","",""
"2025/12/26","2026/02/18","","411","ìÏí ì°ìå","","","019","S3765","01","FD2731F","","CNY","","22.70","","","","","DS –Ø∑∞–∆∞øƒ«≤16","","62","16.0","","20","","","300","11.10","","11.10","","","","","","","","","25-00435","","","","","",""
"2025/12/26","2026/02/18","","411","ìÏí ì°ìå","","","990","S3765","01","FD2731F","","CNY","","22.70","","","","","DS –Ø∑∞–∆∞øƒ«≤16","","62","16.0","","0","","","1","11.10","","11.10","","","","","","","","","25-00435","","","","","",""
"2025/12/26","2026/02/18","","411","ìÏí ì°ìå","","","019","S3765","01","FD2732F","","CNY","","22.70","","","","","DS ∂∞Ωﬁøƒ«≤18","","90","18.0","","20","","","300","11.10","","11.10","","","","","","","","","25-00435","","","","","",""
"2025/12/26","2026/02/18","","411","ìÏí ì°ìå","","","990","S3765","01","FD2732F","","CNY","","22.70","","","","","DS ∂∞Ωﬁøƒ«≤18","","90","18.0","","0","","","1","11.10","","11.10","","","","","","","","","25-00435","","","","","",""
"2025/12/26","2026/02/18","","411","ìÏí ì°ìå","","","019","S3765","01","FD2733F","","CNY","","22.70","","","","","DS ±≈’∑øƒ«≤16","","30","16.0","","20","","","300","11.10","","11.10","","","","","","","","","25-00435","","","","","",""
"2025/12/26","2026/02/18","","411","ìÏí ì°ìå","","","990","S3765","01","FD2733F","","CNY","","22.70","","","","","DS ±≈’∑øƒ«≤16","","30","16.0","","0","","","1","11.10","","11.10","","","","","","","","","25-00435","","","","","",""
"2025/12/26","2026/02/18","","411","ìÏí ì°ìå","","","019","S3765","01","FD2734F","","CNY","","22.70","","","","","DS ƒ≤ÉXÉgÅ[ÉäÅ[øƒ«≤18","","20","18.0","","20","","","300","11.10","","11.10","","","","","","","","","25-00435","","","","","",""
"2025/12/26","2026/02/18","","411","ìÏí ì°ìå","","","990","S3765","01","FD2734F","","CNY","","22.70","","","","","DS ƒ≤ÉXÉgÅ[ÉäÅ[øƒ«≤18","","20","18.0","","0","","","1","11.10","","11.10","","","","","","","","","25-00435","","","","","",""
"2025/12/26","2026/02/18","","411","ìÏí ì°ìå","","","019","S3765","01","FD2735F","","CNY","","22.70","","","","","DS ±≈’∑øƒ«≤18","","30","18.0","","20","","","300","11.10","","11.10","","","","","","","","","25-00435","","","","","",""
"2025/12/26","2026/02/18","","411","ìÏí ì°ìå","","","990","S3765","01","FD2735F","","CNY","","22.70","","","","","DS ±≈’∑øƒ«≤18","","30","18.0","","0","","","1","11.10","","11.10","","","","","","","","","25-00435","","","","","",""
"2025/12/26","2026/02/18","","411","ìÏí ì°ìå","","","019","S3765","01","FD2736F","","CNY","","22.70","","","","","DS Ãﬂÿ›æΩøƒ«≤16","","11","16.0","","20","","","300","11.10","","11.10","","","","","","","","","25-00435","","","","","",""
"2025/12/26","2026/02/18","","411","ìÏí ì°ìå","","","990","S3765","01","FD2736F","","CNY","","22.70","","","","","DS Ãﬂÿ›æΩøƒ«≤16","","11","16.0","","0","","","1","11.10","","11.10","","","","","","","","","25-00435","","","","","",""
"2025/12/26","2026/02/18","","411","ìÏí ì°ìå","","","019","S3765","01","FD2737F","","CNY","","22.70","","","","","DS Ãﬂÿ›æΩøƒ«≤18","","11","18.0","","20","","","300","11.10","","11.10","","","","","","","","","25-00435","","","","","",""
"2025/12/26","2026/02/18","","411","ìÏí ì°ìå","","","990","S3765","01","FD2737F","","CNY","","22.70","","","","","DS Ãﬂÿ›æΩøƒ«≤18","","11","18.0","","0","","","1","11.10","","11.10","","","","","","","","","25-00435","","","","","",""
"2025/12/26","2026/02/18","","411","ìÏí ì°ìå","","","019","S3765","01","FD2738F","","CNY","","22.70","","","","","DS Ãﬂ∞ª›øƒ«≤16","","73","16.0","","20","","","300","11.10","","11.10","","","","","","","","","25-00435","","","","","",""
"2025/12/26","2026/02/18","","411","ìÏí ì°ìå","","","990","S3765","01","FD2738F","","CNY","","22.70","","","","","DS Ãﬂ∞ª›øƒ«≤16","","73","16.0","","0","","","1","11.10","","11.10","","","","","","","","","25-00435","","","","","",""
"2025/12/26","2026/02/18","","411","ìÏí ì°ìå","","","019","S3765","01","FD2739F","","CNY","","22.70","","","","","DS ¿ﬁ›Œﬁøƒ«≤16","","30","16.0","","20","","","300","11.10","","11.10","","","","","","","","","25-00435","","","","","",""
"2025/12/26","2026/02/18","","411","ìÏí ì°ìå","","","990","S3765","01","FD2739F","","CNY","","22.70","","","","","DS ¿ﬁ›Œﬁøƒ«≤16","","30","16.0","","0","","","1","11.10","","11.10","","","","","","","","","25-00435","","","","","",""
"2025/12/26","2026/03/02","","213","å‹êØûjöºûÀ","","","007","S3766","01","FE2086L","","US","","161.00","","","","","ª◊ØƒÃ›‹ÿƒÿºº≠≥","","30","M","","0","","","2900","2.73","","2.73","","","","","","","","","25-00436","","","","","",""
"2025/12/26","2026/03/02","","213","å‹êØûjöºûÀ","","","717","S3766","01","FE2086L","","US","","161.00","","","","","ª◊ØƒÃ›‹ÿƒÿºº≠≥","","30","M","","20","","","1600","2.73","","2.73","","","","","","","","","25-00436","","","","","",""
"2025/12/26","2026/03/02","","213","å‹êØûjöºûÀ","","","007","S3766","01","FE2087L","","US","","161.00","","","","","ª◊ØƒÃ›‹ÿ∏€»∫ºº≠≥","","11","M","","0","","","2900","2.73","","2.73","","","","","","","","","25-00436","","","","","",""
"2025/12/26","2026/03/02","","213","å‹êØûjöºûÀ","","","717","S3766","01","FE2087L","","US","","161.00","","","","","ª◊ØƒÃ›‹ÿ∏€»∫ºº≠≥","","11","M","","20","","","1600","2.73","","2.73","","","","","","","","","25-00436","","","","","",""
"2025/12/26","2026/03/02","","213","å‹êØûjöºûÀ","","","007","S3766","01","FE2088L","","US","","161.00","","","","","ª◊ØƒÃ›‹ÿ∏œ»∞—","","81","M","","0","","","2900","2.73","","2.73","","","","","","","","","25-00436","","","","","",""
"2025/12/26","2026/03/02","","213","å‹êØûjöºûÀ","","","717","S3766","01","FE2088L","","US","","161.00","","","","","ª◊ØƒÃ›‹ÿ∏œ»∞—","","81","M","","20","","","1400","2.73","","2.73","","","","","","","","","25-00436","","","","","",""
"2025/12/26","2026/03/02","","213","å‹êØûjöºûÀ","","","007","S3766","01","FE2089L","","US","","161.00","","","","","ª◊ØƒÃ›‹ÿ»∫»∞—","","70","M","","0","","","2900","2.73","","2.73","","","","","","","","","25-00436","","","","","",""
"2025/12/26","2026/03/02","","213","å‹êØûjöºûÀ","","","717","S3766","01","FE2089L","","US","","161.00","","","","","ª◊ØƒÃ›‹ÿ»∫»∞—","","70","M","","20","","","1400","2.73","","2.73","","","","","","","","","25-00436","","","","","",""
"2025/12/26","2026/03/02","","213","å‹êØûjöºûÀ","","","007","S3766","01","FE2090L","","US","","161.00","","","","","ª◊ØƒÃ›‹ÿµÿ»∞—","","31","M","","0","","","2900","2.73","","2.73","","","","","","","","","25-00436","","","","","",""
"2025/12/26","2026/03/02","","213","å‹êØûjöºûÀ","","","717","S3766","01","FE2090L","","US","","161.00","","","","","ª◊ØƒÃ›‹ÿµÿ»∞—","","31","M","","20","","","1400","2.73","","2.73","","","","","","","","","25-00436","","","","","",""
"2025/12/26","2026/03/02","","213","å‹êØûjöºûÀ","","","007","S3766","01","FE2090L","","US","","161.00","","","","","ª◊ØƒÃ›‹ÿµÿ»∞—","","62","M","","0","","","2900","2.73","","2.73","","","","","","","","","25-00436","","","","","",""
"2025/12/26","2026/03/02","","213","å‹êØûjöºûÀ","","","717","S3766","01","FE2090L","","US","","161.00","","","","","ª◊ØƒÃ›‹ÿµÿ»∞—","","62","M","","20","","","1600","2.73","","2.73","","","","","","","","","25-00436","","","","","",""
"2025/12/26","2026/03/02","","213","å‹êØûjöºûÀ","","","007","S3766","01","FE2543L","","US","","161.00","","","","","ª◊ØƒÃ›‹ÿµÿ»∞—","","80","L","","0","","","2900","2.73","","2.73","","","","","","","","","25-00436","","","","","",""
"2025/12/26","2026/03/02","","213","å‹êØûjöºûÀ","","","717","S3766","01","FE2543L","","US","","161.00","","","","","ª◊ØƒÃ›‹ÿµÿ»∞—","","80","L","","20","","","1200","2.73","","2.73","","","","","","","","","25-00436","","","","","",""
"2025/12/26","2026/03/02","","213","å‹êØûjöºûÀ","","","007","S3766","01","FE2543L","","US","","161.00","","","","","ª◊ØƒÃ›‹ÿµÿ»∞—","","90","L","","0","","","2900","2.73","","2.73","","","","","","","","","25-00436","","","","","",""
"2025/12/26","2026/03/02","","213","å‹êØûjöºûÀ","","","717","S3766","01","FE2543L","","US","","161.00","","","","","ª◊ØƒÃ›‹ÿµÿ»∞—","","90","L","","20","","","1200","2.73","","2.73","","","","","","","","","25-00436","","","","","",""
"2026/03/02","2026/04/06","","213","å‹êØûjöºûÀ","","","007","S3769R","01","FE2081L","","US","","161.00","","","","","ª◊ØƒÃ›‹ÿ≤¥»∞—","","11","M","","0","","","2900","0.00","","0.00","","","","","","","","","25-00437","","","","","",""
"2026/03/02","2026/04/06","","213","å‹êØûjöºûÀ","","","717","S3769R","01","FE2081L","","US","","161.00","","","","","ª◊ØƒÃ›‹ÿ≤¥»∞—","","11","M","","0","","","0","0.00","","0.00","","","","","","","","","25-00437","","","","","",""
"2026/03/02","2026/04/06","","213","å‹êØûjöºûÀ","","","007","S3769R","01","FE2081L","","US","","161.00","","","","","ª◊ØƒÃ›‹ÿ≤¥»∞—","","80","M","","0","","","2900","0.00","","0.00","","","","","","","","","25-00437","","","","","",""
"2026/03/02","2026/04/06","","213","å‹êØûjöºûÀ","","","717","S3769R","01","FE2081L","","US","","161.00","","","","","ª◊ØƒÃ›‹ÿ≤¥»∞—","","80","M","","0","","","0","0.00","","0.00","","","","","","","","","25-00437","","","","","",""
"2026/03/02","2026/04/06","","213","å‹êØûjöºûÀ","","","007","S3769R","01","FE2081L","","US","","161.00","","","","","ª◊ØƒÃ›‹ÿ≤¥»∞—","","82","L","","0","","","2900","0.00","","0.00","","","","","","","","","25-00437","","","","","",""
"2026/03/02","2026/04/06","","213","å‹êØûjöºûÀ","","","717","S3769R","01","FE2081L","","US","","161.00","","","","","ª◊ØƒÃ›‹ÿ≤¥»∞—","","82","L","","0","","","0","0.00","","0.00","","","","","","","","","25-00437","","","","","",""
"2026/03/02","2026/04/06","","213","å‹êØûjöºûÀ","","","007","S3769R","01","FE2081L","","US","","161.00","","","","","ª◊ØƒÃ›‹ÿ≤¥»∞—","","90","L","","0","","","2900","0.00","","0.00","","","","","","","","","25-00437","","","","","",""
"2026/03/02","2026/04/06","","213","å‹êØûjöºûÀ","","","717","S3769R","01","FE2081L","","US","","161.00","","","","","ª◊ØƒÃ›‹ÿ≤¥»∞—","","90","L","","0","","","0","0.00","","0.00","","","","","","","","","25-00437","","","","","",""
"2026/03/02","2026/04/06","","213","å‹êØûjöºûÀ","","","007","S3769R","01","FE2082L","","US","","161.00","","","","","ª◊ØƒÃ›‹ÿ∑ºÆ≥","","70","M","","0","","","2900","0.00","","0.00","","","","","","","","","25-00437","","","","","",""
"2026/03/02","2026/04/06","","213","å‹êØûjöºûÀ","","","717","S3769R","01","FE2082L","","US","","161.00","","","","","ª◊ØƒÃ›‹ÿ∑ºÆ≥","","70","M","","0","","","0","0.00","","0.00","","","","","","","","","25-00437","","","","","",""
"2026/03/02","2026/04/06","","213","å‹êØûjöºûÀ","","","007","S3769R","01","FE2083L","","US","","161.00","","","","","ª◊ØƒÃ›‹ÿΩ≤–›","","20","M","","0","","","2900","0.00","","0.00","","","","","","","","","25-00437","","","","","",""
"2026/03/02","2026/04/06","","213","å‹êØûjöºûÀ","","","717","S3769R","01","FE2083L","","US","","161.00","","","","","ª◊ØƒÃ›‹ÿΩ≤–›","","20","M","","0","","","0","0.00","","0.00","","","","","","","","","25-00437","","","","","",""
"2026/03/02","2026/04/06","","213","å‹êØûjöºûÀ","","","007","S3769R","01","FE2084L","","US","","161.00","","","","","ª◊ØƒÃ›‹ÿ»∫æÿÃ»∞—","","62","M","","0","","","2900","0.00","","0.00","","","","","","","","","25-00437","","","","","",""
"2026/03/02","2026/04/06","","213","å‹êØûjöºûÀ","","","717","S3769R","01","FE2084L","","US","","161.00","","","","","ª◊ØƒÃ›‹ÿ»∫æÿÃ»∞—","","62","M","","0","","","0","0.00","","0.00","","","","","","","","","25-00437","","","","","",""
"2026/03/02","2026/04/06","","213","å‹êØûjöºûÀ","","","007","S3769R","01","FE2085L","","US","","161.00","","","","","ª◊ØƒÃ›‹ÿº€∏œ»∞—","","30","M","","0","","","2900","0.00","","0.00","","","","","","","","","25-00437","","","","","",""
"2026/03/02","2026/04/06","","213","å‹êØûjöºûÀ","","","717","S3769R","01","FE2085L","","US","","161.00","","","","","ª◊ØƒÃ›‹ÿº€∏œ»∞—","","30","M","","0","","","0","0.00","","0.00","","","","","","","","","25-00437","","","","","",""
"2026/01/07","2026/05/11","","213","å‹êØûjöºûÀ","","","007","S3770R","01","FE2091L","","US","","161.00","","","","","ª◊ØƒÃ›‹ÿ —ºﬁ»∞—","","32","L","","0","","","2900","0.00","","0.00","","","","","","","","","25-00438","","","","","",""
"2026/01/07","2026/05/11","","213","å‹êØûjöºûÀ","","","717","S3770R","01","FE2091L","","US","","161.00","","","","","ª◊ØƒÃ›‹ÿ —ºﬁ»∞—","","32","L","","0","","","0","0.00","","0.00","","","","","","","","","25-00438","","","","","",""
"2026/01/07","2026/05/11","","213","å‹êØûjöºûÀ","","","007","S3770R","01","FE2091L","","US","","161.00","","","","","ª◊ØƒÃ›‹ÿ —ºﬁ»∞—","","50","M","","0","","","2900","0.00","","0.00","","","","","","","","","25-00438","","","","","",""
"2026/01/07","2026/05/11","","213","å‹êØûjöºûÀ","","","717","S3770R","01","FE2091L","","US","","161.00","","","","","ª◊ØƒÃ›‹ÿ —ºﬁ»∞—","","50","M","","0","","","0","0.00","","0.00","","","","","","","","","25-00438","","","","","",""
"2026/01/07","2026/05/11","","213","å‹êØûjöºûÀ","","","007","S3770R","01","FE2091L","","US","","161.00","","","","","ª◊ØƒÃ›‹ÿ —ºﬁ»∞—","","61","M","","0","","","2900","0.00","","0.00","","","","","","","","","25-00438","","","","","",""
"2026/01/07","2026/05/11","","213","å‹êØûjöºûÀ","","","717","S3770R","01","FE2091L","","US","","161.00","","","","","ª◊ØƒÃ›‹ÿ —ºﬁ»∞—","","61","M","","0","","","0","0.00","","0.00","","","","","","","","","25-00438","","","","","",""
"2026/01/07","2026/05/11","","213","å‹êØûjöºûÀ","","","007","S3770R","01","FE2091L","","US","","161.00","","","","","ª◊ØƒÃ›‹ÿ —ºﬁ»∞—","","90","L","","0","","","2900","0.00","","0.00","","","","","","","","","25-00438","","","","","",""
"2026/01/07","2026/05/11","","213","å‹êØûjöºûÀ","","","717","S3770R","01","FE2091L","","US","","161.00","","","","","ª◊ØƒÃ›‹ÿ —ºﬁ»∞—","","90","L","","0","","","0","0.00","","0.00","","","","","","","","","25-00438","","","","","",""
"2026/01/07","2026/05/11","","213","å‹êØûjöºûÀ","","","007","S3770R","01","FE2092L","","US","","161.00","","","","","ª◊ØƒÃ›‹ÿ ÀﬁºÆ›Ãÿ∞æﬁ","","80","M","","0","","","2900","0.00","","0.00","","","","","","","","","25-00438","","","","","",""
"2026/01/07","2026/05/11","","213","å‹êØûjöºûÀ","","","717","S3770R","01","FE2092L","","US","","161.00","","","","","ª◊ØƒÃ›‹ÿ ÀﬁºÆ›Ãÿ∞æﬁ","","80","M","","0","","","0","0.00","","0.00","","","","","","","","","25-00438","","","","","",""
"2026/01/07","2026/05/11","","213","å‹êØûjöºûÀ","","","007","S3770R","01","FE2093L","","US","","161.00","","","","","ª◊ØƒÃ›‹ÿ º ﬁ≤«","","11","M","","0","","","2900","0.00","","0.00","","","","","","","","","25-00438","","","","","",""
"2026/01/07","2026/05/11","","213","å‹êØûjöºûÀ","","","717","S3770R","01","FE2093L","","US","","161.00","","","","","ª◊ØƒÃ›‹ÿ º ﬁ≤«","","11","M","","0","","","0","0.00","","0.00","","","","","","","","","25-00438","","","","","",""
"2026/01/07","2026/05/11","","213","å‹êØûjöºûÀ","","","007","S3770R","01","FE2094L","","US","","161.00","","","","","ª◊ØƒÃ›‹ÿ »∫¿Õﬁ”…»∞—","","20","M","","0","","","2900","0.00","","0.00","","","","","","","","","25-00438","","","","","",""
"2026/01/07","2026/05/11","","213","å‹êØûjöºûÀ","","","717","S3770R","01","FE2094L","","US","","161.00","","","","","ª◊ØƒÃ›‹ÿ »∫¿Õﬁ”…»∞—","","20","M","","0","","","0","0.00","","0.00","","","","","","","","","25-00438","","","","","",""
"2026/01/07","2026/05/11","","213","å‹êØûjöºûÀ","","","007","S3770R","01","FE2095L","","US","","161.00","","","","","ª◊ØƒÃ›‹ÿ ∏œ¿Õﬁ”…»∞—","","30","M","","0","","","2900","0.00","","0.00","","","","","","","","","25-00438","","","","","",""
"2026/01/07","2026/05/11","","213","å‹êØûjöºûÀ","","","717","S3770R","01","FE2095L","","US","","161.00","","","","","ª◊ØƒÃ›‹ÿ ∏œ¿Õﬁ”…»∞—","","30","M","","0","","","0","0.00","","0.00","","","","","","","","","25-00438","","","","","",""
"2025/12/26","2026/03/18","","411","ìÏí ì°ìå","","","017","S3767","01","FJ2098F","","CNY","","22.70","","","","","DS ¬≤ÉXÉeÃﬁŸ∞—RS","","90","M","","20","","","500","16.90","","16.90","","","","","","","","","25-00439","","","","","",""
"2025/12/26","2026/03/18","","411","ìÏí ì°ìå","","","990","S3767","01","FJ2098F","","CNY","","22.70","","","","","DS ¬≤ÉXÉeÃﬁŸ∞—RS","","90","M","","1","","","1","16.90","","16.90","","","","","","","","","25-00439","","","","","",""
"2025/12/26","2026/03/18","","411","ìÏí ì°ìå","","","017","S3767","01","FJ2099F","","CNY","","22.70","","","","","DS ¬≤ÉXÉe±∆“RS","","90","M","","20","","","500","16.90","","16.90","","","","","","","","","25-00439","","","","","",""
"2025/12/26","2026/03/18","","411","ìÏí ì°ìå","","","990","S3767","01","FJ2099F","","CNY","","22.70","","","","","DS ¬≤ÉXÉe±∆“RS","","90","M","","1","","","1","16.90","","16.90","","","","","","","","","25-00439","","","","","",""
"2026/01/21","2026/05/10","","437","êVìÏí ñ{èB","","","015","S3771R","01","FD2417V","","CNY","","22.70","","","","","∆Ø∫ÿ’∞∏›“∞¡¨›Å@ÉÅÉbÉVÉÖ","","11","M","","30","","","300","13.60","","13.60","","","","","","","","","25-00440","","","","","",""
"2026/01/21","2026/05/10","","437","êVìÏí ñ{èB","","","015","S3771R","01","FD2417V","","CNY","","22.70","","","","","∆Ø∫ÿ’∞∏›“∞¡¨›Å@ÉÅÉbÉVÉÖ","","62","L","","30","","","300","13.60","","13.60","","","","","","","","","25-00440","","","","","",""
"2026/01/21","2026/05/10","","437","êVìÏí ñ{èB","","","015","S3771R","01","FD2418V","","CNY","","22.70","","","","","∆Ø∫ÿ’∞∏›“∞¡¨›Å@É`ÉFÉbÉN","","11","M","","30","","","300","13.60","","13.60","","","","","","","","","25-00440","","","","","",""
"2026/01/21","2026/05/10","","437","êVìÏí ñ{èB","","","015","S3771R","01","FD2418V","","CNY","","22.70","","","","","∆Ø∫ÿ’∞∏›“∞¡¨›Å@É`ÉFÉbÉN","","32","L","","30","","","300","13.60","","13.60","","","","","","","","","25-00440","","","","","",""
"2026/01/21","2026/05/10","","437","êVìÏí ñ{èB","","","015","S3771R","01","FD2419V","","CNY","","22.70","","","","","∆Ø∫ÿ’∞∏›“∞¡¨›Å@ÉpÉCÉã","","11","M","","30","","","300","14.10","","14.10","","","","","","","","","25-00440","","","","","",""
"2026/01/21","2026/05/10","","437","êVìÏí ñ{èB","","","015","S3771R","01","FD2419V","","CNY","","22.70","","","","","∆Ø∫ÿ’∞∏›“∞¡¨›Å@ÉpÉCÉã","","70","M","","30","","","300","14.10","","14.10","","","","","","","","","25-00440","","","","","",""
"2025/12/31","2026/03/20","","411","ìÏí ì°ìå","","","305","S3772","01","FD2406F","","CNY","","22.70","","","","","—ºﬁÅ@èÙ","","65","M","","30","","","2400","0.00","","0.00","","","","","","","","","25-00441","","","","","",""
"2025/12/31","2026/03/20","","411","ìÏí ì°ìå","","","305","S3772","01","FD2406F","","CNY","","22.70","","","","","—ºﬁÅ@èÙ","","75","M","","30","","","1800","0.00","","0.00","","","","","","","","","25-00441","","","","","",""
"2025/12/31","2026/03/20","","411","ìÏí ì°ìå","","","305","S3772","01","FD2407F","","CNY","","22.70","","","","","Ωƒ◊≤ÃﬂÅ@í|","","15","M","","30","","","2100","0.00","","0.00","","","","","","","","","25-00441","","","","","",""
"2025/12/31","2026/03/20","","411","ìÏí ì°ìå","","","305","S3772","01","FD2407F","","CNY","","22.70","","","","","Ωƒ◊≤ÃﬂÅ@í|","","45","M","","30","","","1200","0.00","","0.00","","","","","","","","","25-00441","","","","","",""
"2025/12/31","2026/03/20","","411","ìÏí ì°ìå","","","305","S3772","01","FD4501F","","CNY","","22.70","","","","","—ºﬁÅ@èÙ","","35","L","","30","","","2400","0.00","","0.00","","","","","","","","","25-00441","","","","","",""
"2025/12/31","2026/03/20","","411","ìÏí ì°ìå","","","305","S3772","01","FD4501F","","CNY","","22.70","","","","","—ºﬁÅ@èÙ","","85","L","","30","","","2100","0.00","","0.00","","","","","","","","","25-00441","","","","","",""
"2025/12/31","2026/03/20","","411","ìÏí ì°ìå","","","305","S3772","01","FD4502F","","CNY","","22.70","","","","","Ωƒ◊≤ÃﬂÅ@í|","","35","L","","30","","","2400","0.00","","0.00","","","","","","","","","25-00441","","","","","",""
"2025/12/31","2026/03/20","","411","ìÏí ì°ìå","","","305","S3772","01","FD4502F","","CNY","","22.70","","","","","Ωƒ◊≤ÃﬂÅ@í|","","95","L","","30","","","1800","0.00","","0.00","","","","","","","","","25-00441","","","","","",""
"2026/01/07","2026/04/15","","437","êVìÏí ñ{èB","","","019","S3776","01","FJ2097V","","CNY","","22.70","","","","","¿ÀﬁΩÿØ ﬂ","","32","S","","10","","","250","0.00","","0.00","","","","","","","","","26-00001","","","","","",""
"2026/01/07","2026/04/15","","437","êVìÏí ñ{èB","","","990","S3776","01","FJ2097V","","CNY","","22.70","","","","","¿ÀﬁΩÿØ ﬂ","","32","S","","0","","","2","0.00","","0.00","","","","","","","","","26-00001","","","","","",""
"2026/01/07","2026/04/15","","437","êVìÏí ñ{èB","","","019","S3776","01","FJ2097V","","CNY","","22.70","","","","","¿ÀﬁΩÿØ ﬂ","","32","M","","10","","","400","0.00","","0.00","","","","","","","","","26-00001","","","","","",""
"2026/01/07","2026/04/15","","437","êVìÏí ñ{èB","","","990","S3776","01","FJ2097V","","CNY","","22.70","","","","","¿ÀﬁΩÿØ ﬂ","","32","M","","0","","","4","0.00","","0.00","","","","","","","","","26-00001","","","","","",""
"2026/01/07","2026/04/15","","437","êVìÏí ñ{èB","","","019","S3776","01","FJ2097V","","CNY","","22.70","","","","","¿ÀﬁΩÿØ ﬂ","","32","L","","10","","","350","0.00","","0.00","","","","","","","","","26-00001","","","","","",""
"2026/01/07","2026/04/15","","437","êVìÏí ñ{èB","","","990","S3776","01","FJ2097V","","CNY","","22.70","","","","","¿ÀﬁΩÿØ ﬂ","","32","L","","0","","","8","0.00","","0.00","","","","","","","","","26-00001","","","","","",""
"2026/01/07","2026/04/15","","437","êVìÏí ñ{èB","","","019","S3776","01","FJ2097V","","CNY","","22.70","","","","","¿ÀﬁΩÿØ ﬂ","","40","S","","10","","","250","0.00","","0.00","","","","","","","","","26-00001","","","","","",""
"2026/01/07","2026/04/15","","437","êVìÏí ñ{èB","","","990","S3776","01","FJ2097V","","CNY","","22.70","","","","","¿ÀﬁΩÿØ ﬂ","","40","S","","0","","","2","0.00","","0.00","","","","","","","","","26-00001","","","","","",""
"2026/01/07","2026/04/15","","437","êVìÏí ñ{èB","","","019","S3776","01","FJ2097V","","CNY","","22.70","","","","","¿ÀﬁΩÿØ ﬂ","","40","M","","10","","","400","0.00","","0.00","","","","","","","","","26-00001","","","","","",""
"2026/01/07","2026/04/15","","437","êVìÏí ñ{èB","","","990","S3776","01","FJ2097V","","CNY","","22.70","","","","","¿ÀﬁΩÿØ ﬂ","","40","M","","0","","","4","0.00","","0.00","","","","","","","","","26-00001","","","","","",""
"2026/01/07","2026/04/15","","437","êVìÏí ñ{èB","","","019","S3776","01","FJ2097V","","CNY","","22.70","","","","","¿ÀﬁΩÿØ ﬂ","","40","L","","10","","","350","0.00","","0.00","","","","","","","","","26-00001","","","","","",""
"2026/01/07","2026/04/15","","437","êVìÏí ñ{èB","","","990","S3776","01","FJ2097V","","CNY","","22.70","","","","","¿ÀﬁΩÿØ ﬂ","","40","L","","0","","","8","0.00","","0.00","","","","","","","","","26-00001","","","","","",""
"2026/01/07","2026/04/15","","437","êVìÏí ñ{èB","","","019","S3776","01","FJ2097V","","CNY","","22.70","","","","","¿ÀﬁΩÿØ ﬂ","","42","S","","10","","","250","0.00","","0.00","","","","","","","","","26-00001","","","","","",""
"2026/01/07","2026/04/15","","437","êVìÏí ñ{èB","","","990","S3776","01","FJ2097V","","CNY","","22.70","","","","","¿ÀﬁΩÿØ ﬂ","","42","S","","0","","","2","0.00","","0.00","","","","","","","","","26-00001","","","","","",""
"2026/01/07","2026/04/15","","437","êVìÏí ñ{èB","","","019","S3776","01","FJ2097V","","CNY","","22.70","","","","","¿ÀﬁΩÿØ ﬂ","","42","M","","10","","","400","0.00","","0.00","","","","","","","","","26-00001","","","","","",""
"2026/01/07","2026/04/15","","437","êVìÏí ñ{èB","","","990","S3776","01","FJ2097V","","CNY","","22.70","","","","","¿ÀﬁΩÿØ ﬂ","","42","M","","0","","","4","0.00","","0.00","","","","","","","","","26-00001","","","","","",""
"2026/01/07","2026/04/15","","437","êVìÏí ñ{èB","","","019","S3776","01","FJ2097V","","CNY","","22.70","","","","","¿ÀﬁΩÿØ ﬂ","","42","L","","10","","","350","0.00","","0.00","","","","","","","","","26-00001","","","","","",""
"2026/01/07","2026/04/15","","437","êVìÏí ñ{èB","","","990","S3776","01","FJ2097V","","CNY","","22.70","","","","","¿ÀﬁΩÿØ ﬂ","","42","L","","0","","","8","0.00","","0.00","","","","","","","","","26-00001","","","","","",""
"2026/01/05","2026/02/18","","437","êVìÏí ñ{èB","","","807","S3768","01","EJ3237V","","CNY","","22.70","","","","","SK”›¡Ø¡","","10","M","","0","","","1500","15.25","","15.25","","","","","","","","","26-00002","","","","","",""
"2026/01/05","2026/02/18","","437","êVìÏí ñ{èB","","","807","S3768","01","EJ3238V","","CNY","","22.70","","","","","SK”›¡Ø¡","","40","M","","0","","","1500","15.25","","15.25","","","","","","","","","26-00002","","","","","",""
"2026/01/06","2026/04/06","","437","êVìÏí ñ{èB","","","017","S3774","01","FH2084V","","CNY","","22.70","","","","","SRŒﬂ—Œﬂ—Ãﬂÿ› ﬂ›¿€›BR","","40","M","","20","","","500","17.30","","17.30","","","","","","","","","26-00003","","","","","",""
"2026/01/06","2026/04/06","","437","êVìÏí ñ{èB","","","017","S3774","01","FH2085V","","CNY","","22.70","","","","","SRŒﬂ—Œﬂ—Ãﬂÿ› ﬂ›¿€›OR","","73","M","","20","","","500","17.10","","17.10","","","","","","","","","26-00003","","","","","",""
"2026/01/06","2026/04/06","","437","êVìÏí ñ{èB","","","017","S3774","01","FJ2528V","","CNY","","22.70","","","","","SRŒﬂ—Œﬂ—Ãﬂÿ›G","","20","L","","20","","","500","16.80","","16.80","","","","","","","","","26-00003","","","","","",""
"2026/01/06","2026/04/06","","437","êVìÏí ñ{èB","","","017","S3774","01","FJ2529V","","CNY","","22.70","","","","","SR Œﬂ—Œﬂ—Ãﬂÿ›Y","","73","L","","20","","","500","16.80","","16.80","","","","","","","","","26-00003","","","","","",""
"2026/01/06","2026/04/13","","437","êVìÏí ñ{èB","","","017","S3775","01","DH3023V","","CNY","","22.70","","","","","SR ∑√®Å@Ãﬁ◊Ø∏Ã™≤Ω ﬂ›¿€›","","90","M","","20","","","800","18.75","","18.75","","","","","","","","","26-00004","","","","","",""
"2026/01/07","2026/02/24","","434","ìÏí à§å¨","","","017","S3777","01","CT2063A","","CNY","","22.70","","","","","KA ﬂ›ƒﬁ€Œﬁ≥≤€≤€ ﬂ›ŒﬂπØƒ","","40","M-L","","50","","","500","34.50","","34.50","","","","","","","","","26-00005","","","","","",""
"2026/01/08","2026/05/08","","437","êVìÏí ñ{èB","","","007","S3779","01","FA2077V","","CNY","","22.70","","","",""," ØÀﬂ∞¬ÿ∫–¿∞¿›¡™Ø∏","","20","M","","0","","","5800","0.00","","0.00","","","","","","","","","26-00006","","","","","",""
"2026/01/08","2026/05/08","","437","êVìÏí ñ{èB","","","007","S3779","01","FA2077V","","CNY","","22.70","","","",""," ØÀﬂ∞¬ÿ∫–¿∞¿›¡™Ø∏","","30","M","","0","","","5800","0.00","","0.00","","","","","","","","","26-00006","","","","","",""
"2026/01/08","2026/05/08","","437","êVìÏí ñ{èB","","","007","S3779","01","FA2078V","","CNY","","22.70","","","",""," ØÀﬂ∞¬ÿ∫–∑ﬁ›∂ﬁ—¡™Ø∏","","10","M","","0","","","5800","0.00","","0.00","","","","","","","","","26-00006","","","","","",""
"2026/01/08","2026/05/08","","437","êVìÏí ñ{èB","","","007","S3779","01","FA2078V","","CNY","","22.70","","","",""," ØÀﬂ∞¬ÿ∫–∑ﬁ›∂ﬁ—¡™Ø∏","","40","M","","0","","","5800","0.00","","0.00","","","","","","","","","26-00006","","","","","",""
"2026/01/08","2026/05/08","","437","êVìÏí ñ{èB","","","007","S3779","01","FA2078V","","CNY","","22.70","","","",""," ØÀﬂ∞¬ÿ∫–∑ﬁ›∂ﬁ—¡™Ø∏","","62","M","","0","","","5800","0.00","","0.00","","","","","","","","","26-00006","","","","","",""
"2026/01/08","2026/05/08","","437","êVìÏí ñ{èB","","","007","S3779","01","FA2079V","","CNY","","22.70","","","",""," ØÀﬂ∞¬ÿ∫–∑ﬁ›∂ﬁ—¡™Ø∏","","10","M","","0","","","5800","0.00","","0.00","","","","","","","","","26-00006","","","","","",""
"2026/01/08","2026/05/08","","437","êVìÏí ñ{èB","","","007","S3779","01","FA2079V","","CNY","","22.70","","","",""," ØÀﬂ∞¬ÿ∫–∑ﬁ›∂ﬁ—¡™Ø∏","","22","M","","0","","","5800","0.00","","0.00","","","","","","","","","26-00006","","","","","",""
"2026/01/08","2026/05/08","","437","êVìÏí ñ{èB","","","007","S3779","01","FA2079V","","CNY","","22.70","","","",""," ØÀﬂ∞¬ÿ∫–∑ﬁ›∂ﬁ—¡™Ø∏","","40","M","","0","","","5800","0.00","","0.00","","","","","","","","","26-00006","","","","","",""
"2026/01/08","2026/04/06","","437","êVìÏí ñ{èB","","","017","S3778","01","FD2398V","","CNY","","22.70","","","","","¡≠∞ŸÃÿŸøƒ«≤","","11","M","","20","","","200","19.05","","19.05","","","","","","","","","26-00007","","","","","",""
"2026/01/08","2026/04/06","","437","êVìÏí ñ{èB","","","017","S3778","01","FD2398V","","CNY","","22.70","","","","","¡≠∞ŸÃÿŸøƒ«≤","","20","M","","20","","","200","19.05","","19.05","","","","","","","","","26-00007","","","","","",""
"2026/01/08","2026/04/06","","437","êVìÏí ñ{èB","","","017","S3778","01","FD2399V","","CNY","","22.70","","","","","ÿŒﬁ›øƒ«≤¡¨¿π","","11","M","","20","","","300","14.30","","14.30","","","","","","","","","26-00007","","","","","",""
"2026/01/08","2026/04/06","","437","êVìÏí ñ{èB","","","017","S3778","01","FD2399V","","CNY","","22.70","","","","","ÿŒﬁ›øƒ«≤¡¨¿π","","61","M","","20","","","300","14.30","","14.30","","","","","","","","","26-00007","","","","","",""
"2026/01/08","2026/04/06","","437","êVìÏí ñ{èB","","","017","S3778","01","FD2399V","","CNY","","22.70","","","","","ÿŒﬁ›øƒ«≤¡¨¿π","","80","M","","20","","","300","14.30","","14.30","","","","","","","","","26-00007","","","","","",""
"2026/01/08","2026/04/06","","437","êVìÏí ñ{èB","","","017","S3778","01","FD2399V","","CNY","","22.70","","","","","ÿŒﬁ›øƒ«≤¡¨¿π","","90","M","","20","","","300","14.30","","14.30","","","","","","","","","26-00007","","","","","",""
"2026/01/08","2026/04/06","","437","êVìÏí ñ{èB","","","017","S3778","01","FD2400V","","CNY","","22.70","","","","","ÿŒﬁ›øƒ«≤","","32","M","","20","","","300","15.10","","15.10","","","","","","","","","26-00007","","","","","",""
"2026/01/08","2026/04/06","","437","êVìÏí ñ{èB","","","017","S3778","01","FD2400V","","CNY","","22.70","","","","","ÿŒﬁ›øƒ«≤","","50","M","","20","","","300","15.10","","15.10","","","","","","","","","26-00007","","","","","",""
"2026/01/08","2026/04/06","","437","êVìÏí ñ{èB","","","017","S3778","01","FD2400V","","CNY","","22.70","","","","","ÿŒﬁ›øƒ«≤","","80","M","","20","","","300","15.10","","15.10","","","","","","","","","26-00007","","","","","",""
"2026/01/08","2026/04/06","","437","êVìÏí ñ{èB","","","017","S3778","01","FD2401V","","CNY","","22.70","","","","","∏€ΩÿŒﬁ›øƒ«≤","","30","M","","20","","","300","14.60","","14.60","","","","","","","","","26-00007","","","","","",""
"2026/01/08","2026/04/06","","437","êVìÏí ñ{èB","","","017","S3778","01","FD2401V","","CNY","","22.70","","","","","∏€ΩÿŒﬁ›øƒ«≤","","40","M","","20","","","300","14.60","","14.60","","","","","","","","","26-00007","","","","","",""
"2026/01/08","2026/04/06","","437","êVìÏí ñ{èB","","","017","S3778","01","FD2401V","","CNY","","22.70","","","","","∏€ΩÿŒﬁ›øƒ«≤","","90","M","","20","","","300","14.60","","14.60","","","","","","","","","26-00007","","","","","",""
"2026/01/08","2026/04/06","","437","êVìÏí ñ{èB","","","017","S3778","01","FE2080V","","CNY","","22.70","","","","","∏€Ω ﬁ›ƒﬁ∫›Ã´ ¿π","","42","M","","20","","","300","14.45","","14.45","","","","","","","","","26-00007","","","","","",""
"2026/01/08","2026/04/06","","437","êVìÏí ñ{èB","","","017","S3778","01","FE2080V","","CNY","","22.70","","","","","∏€Ω ﬁ›ƒﬁ∫›Ã´ ¿π","","60","M","","20","","","300","14.45","","14.45","","","","","","","","","26-00007","","","","","",""
"2026/01/08","2026/04/06","","437","êVìÏí ñ{èB","","","017","S3778","01","FE2080V","","CNY","","22.70","","","","","∏€Ω ﬁ›ƒﬁ∫›Ã´ ¿π","","62","M","","20","","","300","14.45","","14.45","","","","","","","","","26-00007","","","","","",""
"2026/01/08","2026/04/06","","437","êVìÏí ñ{èB","","","017","S3778","01","FE2080V","","CNY","","22.70","","","","","∏€Ω ﬁ›ƒﬁ∫›Ã´ ¿π","","80","M","","20","","","300","14.45","","14.45","","","","","","","","","26-00007","","","","","",""
"2026/01/13","2026/03/22","","411","ìÏí ì°ìå","","","010","S3780","01","CM3009F","","CNY","","22.70","","","","","EC  ◊Õﬂ∫±µ—ºµ‘∫∏∆¨Ø∏","","20","M","","0","","","200","40.11","","40.11","","","","","","","","","26-00008","","","","","",""
"2026/01/09","2026/02/19","","437","êVìÏí ñ{èB","","","017","S3781","01","FD2402V","","CNY","","22.70","","","","","æﬁÃﬁ◊∂ﬁ◊∏€Ω ﬁ›ƒﬁP","","11","M","","25","","","350","12.90","","12.90","","","","","","","","","26-00009","","","","","",""
"2026/01/09","2026/02/19","","437","êVìÏí ñ{èB","","","017","S3781","01","FD2403V","","CNY","","22.70","","","","","ÀÆ≥∂ﬁ◊∏€Ω ﬁ›ƒﬁBR","","40","M","","25","","","350","12.90","","12.90","","","","","","","","","26-00009","","","","","",""
"2026/01/09","2026/02/19","","437","êVìÏí ñ{èB","","","017","S3781","01","FD2404V","","CNY","","22.70","","","","","ÀÆ≥∂ﬁ◊∏€Ω ﬁ›ƒﬁGR","","80","M","","25","","","350","12.90","","12.90","","","","","","","","","26-00009","","","","","",""
"2026/01/09","2026/02/19","","437","êVìÏí ñ{èB","","","017","S3781","01","FD2405V","","CNY","","22.70","","","","","ÀÆ≥∂ﬁ◊∏€Ω ﬁ›ƒﬁBK","","90","M","","25","","","350","12.90","","12.90","","","","","","","","","26-00009","","","","","",""
"2026/01/13","2026/03/17","","437","êVìÏí ñ{èB","","","007","S3783","01","FE2075V","","CNY","","22.70","","","","","CR À≈ kanna Ç†Ç≥Ç«ÇÒÅ@±¬øﬁ∫","","11","00","","0","","","1500","18.40","","18.40","","","","","","","","","26-00010","","","","","",""
"2026/01/13","2026/03/17","","437","êVìÏí ñ{èB","","","017","S3783","01","FE2075V","","CNY","","22.70","","","","","CR À≈ kanna Ç†Ç≥Ç«ÇÒÅ@±¬øﬁ∫","","11","00","","25","","","50","18.40","","18.40","","","","","","","","","26-00010","","","","","",""
"2026/01/13","2026/03/17","","437","êVìÏí ñ{èB","","","007","S3783","01","FE2075V","","CNY","","22.70","","","","","CR À≈ kanna Ç†Ç≥Ç«ÇÒÅ@±¬øﬁ∫","","80","00","","0","","","1500","18.40","","18.40","","","","","","","","","26-00010","","","","","",""
"2026/01/13","2026/03/17","","437","êVìÏí ñ{èB","","","017","S3783","01","FE2075V","","CNY","","22.70","","","","","CR À≈ kanna Ç†Ç≥Ç«ÇÒÅ@±¬øﬁ∫","","80","00","","25","","","50","18.40","","18.40","","","","","","","","","26-00010","","","","","",""
"2026/01/13","2026/03/17","","437","êVìÏí ñ{èB","","","007","S3783","01","FH2131V","","CNY","","22.70","","","","","CR À≈ kanna Ç†Ç≥Ç«ÇÒÅ@ ﬂ›¿","","80","00","","0","","","1500","19.00","","19.00","","","","","","","","","26-00010","","","","","",""
"2026/01/13","2026/03/17","","437","êVìÏí ñ{èB","","","017","S3783","01","FH2131V","","CNY","","22.70","","","","","CR À≈ kanna Ç†Ç≥Ç«ÇÒÅ@ ﬂ›¿","","80","00","","25","","","50","19.00","","19.00","","","","","","","","","26-00010","","","","","",""
"2026/01/13","2026/03/17","","437","êVìÏí ñ{èB","","","007","S3783","01","FH2131V","","CNY","","22.70","","","","","CR À≈ kanna Ç†Ç≥Ç«ÇÒÅ@ ﬂ›¿","","90","00","","0","","","1500","19.00","","19.00","","","","","","","","","26-00010","","","","","",""
"2026/01/13","2026/03/17","","437","êVìÏí ñ{èB","","","017","S3783","01","FH2131V","","CNY","","22.70","","","","","CR À≈ kanna Ç†Ç≥Ç«ÇÒÅ@ ﬂ›¿","","90","00","","25","","","50","19.00","","19.00","","","","","","","","","26-00010","","","","","",""
"2026/01/13","2026/03/17","","434","ìÏí à§å¨","","","007","S3784","01","FT2015A","","CNY","","22.70","","","","","CR À≈ kanna Ç†Ç≥Ç«ÇÒÅ@ª≤ƒﬁŒﬁ¿›","","32","3L4L","","0","","","1500","46.00","","46.00","","","","","","","","","26-00011","","","","","",""
"2026/01/13","2026/03/17","","434","ìÏí à§å¨","","","017","S3784","01","FT2015A","","CNY","","22.70","","","","","CR À≈ kanna Ç†Ç≥Ç«ÇÒÅ@ª≤ƒﬁŒﬁ¿›","","32","3L4L","","50","","","50","46.00","","46.00","","","","","","","","","26-00011","","","","","",""
"2026/01/13","2026/03/17","","434","ìÏí à§å¨","","","007","S3784","01","FT2015A","","CNY","","22.70","","","","","CR À≈ kanna Ç†Ç≥Ç«ÇÒÅ@ª≤ƒﬁŒﬁ¿›","","90","3L4L","","0","","","1500","46.00","","46.00","","","","","","","","","26-00011","","","","","",""
"2026/01/13","2026/03/17","","434","ìÏí à§å¨","","","017","S3784","01","FT2015A","","CNY","","22.70","","","","","CR À≈ kanna Ç†Ç≥Ç«ÇÒÅ@ª≤ƒﬁŒﬁ¿›","","90","3L4L","","50","","","50","46.00","","46.00","","","","","","","","","26-00011","","","","","",""
"2026/01/13","2026/03/17","","434","ìÏí à§å¨","","","007","S3784","01","FT2016A","","CNY","","22.70","","","","","CR À≈ kanna Ç†Ç≥Ç«ÇÒÅ@Ã⁄±","","90","3L4L","","0","","","1500","46.00","","46.00","","","","","","","","","26-00011","","","","","",""
"2026/01/13","2026/03/17","","434","ìÏí à§å¨","","","017","S3784","01","FT2016A","","CNY","","22.70","","","","","CR À≈ kanna Ç†Ç≥Ç«ÇÒÅ@Ã⁄±","","90","3L4L","","50","","","50","46.00","","46.00","","","","","","","","","26-00011","","","","","",""
"2026/01/13","2026/03/17","","434","ìÏí à§å¨","","","007","S3784","01","FT2018A","","CNY","","22.70","","","","","CR À≈ kanna Ç†Ç≥Ç«ÇÒÅ@Ã⁄±â‘ïø","","80","3L4L","","0","","","1500","46.00","","46.00","","","","","","","","","26-00011","","","","","",""
"2026/01/13","2026/03/17","","434","ìÏí à§å¨","","","017","S3784","01","FT2018A","","CNY","","22.70","","","","","CR À≈ kanna Ç†Ç≥Ç«ÇÒÅ@Ã⁄±â‘ïø","","80","3L4L","","50","","","50","46.00","","46.00","","","","","","","","","26-00011","","","","","",""
"2026/01/29","2026/04/21","","105","ã‡êX","","","017","S3782R","01","FX2039W","","CNY","","22.70","","","","","Ã∏Ãﬁ∏€4√›æØƒ¡™Ø∏","","00","00","","5","","","900","39.92","","39.92","","","","","","","","","26-00012","","","","","",""
"2026/01/29","2026/04/21","","105","ã‡êX","","","017","S3782R","01","FX2040W","","CNY","","22.70","","","","","Ã∏Ãﬁ∏€4√›æØƒ—ºﬁ","","00","00","","5","","","1300","40.20","","40.20","","","","","","","","","26-00012","","","","","",""
"2026/03/04","2026/04/01","","105","ã‡êX","","","007","S3786R","01","FD2420W","","CNY","","22.70","","","","","—ºﬁÅ@¿π","","11","M","","0","","","370","9.50","","9.50","","","","","","","","","26-00013","","","","","",""
"2026/03/04","2026/04/01","","105","ã‡êX","","","007","S3786R","01","FD2421W","","CNY","","22.70","","","","","◊›¿ﬁ—µ∆∑ﬁÿ","","80","M","","0","","","370","9.50","","9.50","","","","","","","","","26-00013","","","","","",""
"2026/03/04","2026/04/01","","105","ã‡êX","","","007","S3786R","01","FD2422W","","CNY","","22.70","","","","","◊›¿ﬁ—‹∂ﬁº","","70","M","","0","","","370","9.50","","9.50","","","","","","","","","26-00013","","","","","",""
"2026/03/04","2026/04/01","","105","ã‡êX","","","007","S3786R","01","FD2423W","","CNY","","22.70","","","","","—ºﬁÅ@¿π","","20","L","","0","","","370","9.50","","9.50","","","","","","","","","26-00013","","","","","",""
"2026/03/04","2026/04/01","","105","ã‡êX","","","007","S3786R","01","FD2423W","","CNY","","22.70","","","","","—ºﬁÅ@¿π","","32","M","","0","","","370","9.50","","9.50","","","","","","","","","26-00013","","","","","",""
"2026/01/15","2026/03/18","","105","ã‡êX","","","017","S3787","01","FD2424W","","CNY","","22.70","","","","","ººﬁ◊¿π","","30","M","","20","","","400","10.05","","10.05","","","","","","","","","26-00014","","","","","",""
"2026/01/15","2026/03/18","","105","ã‡êX","","","017","S3787","01","FD2425W","","CNY","","22.70","","","","","ººﬁ◊¿π","","80","M","","20","","","400","10.05","","10.05","","","","","","","","","26-00014","","","","","",""
"2026/01/15","2026/03/18","","105","ã‡êX","","","017","S3787","01","FD2425W","","CNY","","22.70","","","","","ººﬁ◊¿π","","90","L","","20","","","400","10.05","","10.05","","","","","","","","","26-00014","","","","","",""
"2026/01/15","2026/03/18","","105","ã‡êX","","","017","S3787","01","FD2426W","","CNY","","22.70","","","","","◊›¿ﬁ—º ﬁ≤«¿¿–","","20","M","","20","","","400","10.05","","10.05","","","","","","","","","26-00014","","","","","",""
"2026/01/15","2026/03/18","","105","ã‡êX","","","017","S3787","01","FD2427W","","CNY","","22.70","","","","","◊›¿ﬁ—»∫¿¿–","","11","M","","20","","","400","10.05","","10.05","","","","","","","","","26-00014","","","","","",""
"2026/01/15","2026/04/24","","105","ã‡êX","","","007","S3788","01","FA2080W","","CNY","","22.70","","","",""," ØÀﬂ∞¬ÿ∫–—ºﬁ","","32","M","","0","","","5800","0.00","","0.00","","","","","","","","","26-00015","","","","","",""
"2026/01/15","2026/04/24","","105","ã‡êX","","","007","S3788","01","FA2080W","","CNY","","22.70","","","",""," ØÀﬂ∞¬ÿ∫–—ºﬁ","","40","M","","0","","","5800","0.00","","0.00","","","","","","","","","26-00015","","","","","",""
"2026/01/15","2026/04/24","","105","ã‡êX","","","007","S3788","01","FA2081W","","CNY","","22.70","","","",""," ØÀﬂ∞¬ÿ∫–Ωƒ◊≤Ãﬂ","","30","M","","0","","","5800","0.00","","0.00","","","","","","","","","26-00015","","","","","",""
"2026/01/15","2026/04/24","","105","ã‡êX","","","007","S3788","01","FA2081W","","CNY","","22.70","","","",""," ØÀﬂ∞¬ÿ∫–Ωƒ◊≤Ãﬂ","","90","M","","0","","","5800","0.00","","0.00","","","","","","","","","26-00015","","","","","",""
"2026/01/15","2026/04/24","","105","ã‡êX","","","007","S3788","01","FA2082W","","CNY","","22.70","","","",""," ØÀﬂ∞¬ÿ∫–¡™Ø∏","","80","M","","0","","","5800","0.00","","0.00","","","","","","","","","26-00015","","","","","",""
"2026/01/15","2026/03/19","","434","ìÏí à§å¨","","","017","S3785","01","CT2058A","","CNY","","22.70","","","","","KA ﬂ›ƒﬁ€Œﬁ≥Å@Ωƒ◊≤Ãﬂ¥Ãﬂ€›","","30","M-L","","50","","","200","34.50","","34.50","","","","","","","","","26-00016","","","","","",""
"2026/01/15","2026/03/19","","434","ìÏí à§å¨","","","017","S3785","01","CT2058A","","CNY","","22.70","","","","","KA ﬂ›ƒﬁ€Œﬁ≥Å@Ωƒ◊≤Ãﬂ¥Ãﬂ€›","","30","LL3L","","50","","","100","34.50","","34.50","","","","","","","","","26-00016","","","","","",""
"2026/01/15","2026/03/19","","434","ìÏí à§å¨","","","017","S3785","01","CT3008A","","CNY","","22.70","","","","","KA  ﬂ›ƒﬁ€Œﬁ≥ëçïø","","40","M-L","","50","","","150","51.00","","51.00","","","","","","","","","26-00016","","","","","",""
"2026/01/15","2026/03/19","","434","ìÏí à§å¨","","","017","S3785","01","CT3008A","","CNY","","22.70","","","","","KA  ﬂ›ƒﬁ€Œﬁ≥ëçïø","","40","LL3L","","50","","","100","51.00","","51.00","","","","","","","","","26-00016","","","","","",""
"2026/03/13","2026/04/27","","437","êVìÏí ñ{èB","","","007","S3789R1","01","ED2400V","","CNY","","22.70","","","","","KO 11Àﬂ∑…»∫ øƒ«≤","","30","L","","0","","","2900","0.00","","0.00","","","","","","","","","26-00017","","","","","",""
"2026/03/13","2026/04/27","","437","êVìÏí ñ{èB","","","990","S3789R1","01","ED2400V","","CNY","","22.70","","","","","KO 11Àﬂ∑…»∫ øƒ«≤","","30","L","","0","","","0","0.00","","0.00","","","","","","","","","26-00017","","","","","",""
"2026/03/13","2026/04/27","","437","êVìÏí ñ{èB","","","007","S3789R1","01","ED2400V","","CNY","","22.70","","","","","KO 11Àﬂ∑…»∫ øƒ«≤","","70","M","","0","","","2900","0.00","","0.00","","","","","","","","","26-00017","","","","","",""
"2026/03/13","2026/04/27","","437","êVìÏí ñ{èB","","","990","S3789R1","01","ED2400V","","CNY","","22.70","","","","","KO 11Àﬂ∑…»∫ øƒ«≤","","70","M","","0","","","0","0.00","","0.00","","","","","","","","","26-00017","","","","","",""
"2026/03/13","2026/04/27","","437","êVìÏí ñ{èB","","","007","S3789R1","01","ED2401V","","CNY","","22.70","","","","","EC  ◊Õﬂ∫±µ—ºøƒ«≤√›»›","","20","L","","0","","","2900","0.00","","0.00","","","","","","","","","26-00017","","","","","",""
"2026/03/13","2026/04/27","","437","êVìÏí ñ{èB","","","990","S3789R1","01","ED2401V","","CNY","","22.70","","","","","EC  ◊Õﬂ∫±µ—ºøƒ«≤√›»›","","20","L","","0","","","0","0.00","","0.00","","","","","","","","","26-00017","","","","","",""
"2026/03/13","2026/04/27","","437","êVìÏí ñ{èB","","","007","S3789R1","01","ED2401V","","CNY","","22.70","","","","","EC  ◊Õﬂ∫±µ—ºøƒ«≤√›»›","","30","M","","0","","","2900","0.00","","0.00","","","","","","","","","26-00017","","","","","",""
"2026/03/13","2026/04/27","","437","êVìÏí ñ{èB","","","990","S3789R1","01","ED2401V","","CNY","","22.70","","","","","EC  ◊Õﬂ∫±µ—ºøƒ«≤√›»›","","30","M","","0","","","0","0.00","","0.00","","","","","","","","","26-00017","","","","","",""
"2026/03/13","2026/04/27","","437","êVìÏí ñ{èB","","","007","S3789R1","01","ED2402V","","CNY","","22.70","","","","","SX √›»›øƒ«≤¥ÀﬁºØŒﬂƒ›∂¬","","40","M","","0","","","2900","0.00","","0.00","","","","","","","","","26-00017","","","","","",""
"2026/03/13","2026/04/27","","437","êVìÏí ñ{èB","","","990","S3789R1","01","ED2402V","","CNY","","22.70","","","","","SX √›»›øƒ«≤¥ÀﬁºØŒﬂƒ›∂¬","","40","M","","0","","","0","0.00","","0.00","","","","","","","","","26-00017","","","","","",""
"2026/03/13","2026/04/27","","437","êVìÏí ñ{èB","","","007","S3789R1","01","EE2062V","","CNY","","22.70","","","","","SX ÿ◊Ø∏œ ∫›Ã´","","40","M","","0","","","2900","0.00","","0.00","","","","","","","","","26-00017","","","","","",""
"2026/03/13","2026/04/27","","437","êVìÏí ñ{èB","","","990","S3789R1","01","EE2062V","","CNY","","22.70","","","","","SX ÿ◊Ø∏œ ∫›Ã´","","40","M","","0","","","0","0.00","","0.00","","","","","","","","","26-00017","","","","","",""
"2026/03/13","2026/04/27","","437","êVìÏí ñ{èB","","","007","S3789R1","01","EE2063V","","CNY","","22.70","","","","","EC  ◊Õﬂ∫±µ—º∫›Ã´√›»›","","70","M","","0","","","2900","0.00","","0.00","","","","","","","","","26-00017","","","","","",""
"2026/03/13","2026/04/27","","437","êVìÏí ñ{èB","","","990","S3789R1","01","EE2063V","","CNY","","22.70","","","","","EC  ◊Õﬂ∫±µ—º∫›Ã´√›»›","","70","M","","0","","","0","0.00","","0.00","","","","","","","","","26-00017","","","","","",""
"2026/03/13","2026/04/27","","437","êVìÏí ñ{èB","","","007","S3789R1","01","EE2063V","","CNY","","22.70","","","","","EC  ◊Õﬂ∫±µ—º∫›Ã´√›»›","","32","L","","0","","","2900","0.00","","0.00","","","","","","","","","26-00017","","","","","",""
"2026/03/13","2026/04/27","","437","êVìÏí ñ{èB","","","990","S3789R1","01","EE2063V","","CNY","","22.70","","","","","EC  ◊Õﬂ∫±µ—º∫›Ã´√›»›","","32","L","","0","","","0","0.00","","0.00","","","","","","","","","26-00017","","","","","",""
"2026/03/13","2026/04/27","","437","êVìÏí ñ{èB","","","007","S3789R1","01","EE2537V","","CNY","","22.70","","","","","ÇrÇq ±ÀŸ…ÕﬂØ∏Ÿ√›»›","","30","L","","0","","","2900","0.00","","0.00","","","","","","","","","26-00017","","","","","",""
"2026/03/13","2026/04/27","","437","êVìÏí ñ{èB","","","990","S3789R1","01","EE2537V","","CNY","","22.70","","","","","ÇrÇq ±ÀŸ…ÕﬂØ∏Ÿ√›»›","","30","L","","0","","","0","0.00","","0.00","","","","","","","","","26-00017","","","","","",""
"2026/03/13","2026/04/27","","437","êVìÏí ñ{èB","","","007","S3789R1","01","FD2428V","","CNY","","22.70","","","","","SX √›»›øƒ«≤ÿ◊Ø∏œ","","73","M","","0","","","2900","0.00","","0.00","","","","","","","","","26-00017","","","","","",""
"2026/03/13","2026/04/27","","437","êVìÏí ñ{èB","","","990","S3789R1","01","FD2428V","","CNY","","22.70","","","","","SX √›»›øƒ«≤ÿ◊Ø∏œ","","73","M","","0","","","3","0.00","","0.00","","","","","","","","","26-00017","","","","","",""
"2026/03/13","2026/04/27","","437","êVìÏí ñ{èB","","","007","S3789R1","01","FD2429V","","CNY","","22.70","","","","","SX √›»›øƒ«≤∫ÿ◊Ø∏œ","","80","M","","0","","","2900","0.00","","0.00","","","","","","","","","26-00017","","","","","",""
"2026/03/13","2026/04/27","","437","êVìÏí ñ{èB","","","990","S3789R1","01","FD2429V","","CNY","","22.70","","","","","SX √›»›øƒ«≤∫ÿ◊Ø∏œ","","80","M","","0","","","3","0.00","","0.00","","","","","","","","","26-00017","","","","","",""
"2026/03/13","2026/04/27","","437","êVìÏí ñ{èB","","","007","S3789R1","01","FD4507V","","CNY","","22.70","","","","","SX √›»›øƒ«≤∑≤€≤ƒÿ","","90","L","","0","","","2900","0.00","","0.00","","","","","","","","","26-00017","","","","","",""
"2026/03/13","2026/04/27","","437","êVìÏí ñ{èB","","","990","S3789R1","01","FD4507V","","CNY","","22.70","","","","","SX √›»›øƒ«≤∑≤€≤ƒÿ","","90","L","","0","","","3","0.00","","0.00","","","","","","","","","26-00017","","","","","",""
"2026/03/13","2026/04/27","","437","êVìÏí ñ{èB","","","007","S3789R1","01","FE2096V","","CNY","","22.70","","","","","KO 11Àﬂ∑…»∫Å@∫›Ã´","","11","M","","0","","","2900","0.00","","0.00","","","","","","","","","26-00017","","","","","",""
"2026/03/13","2026/04/27","","437","êVìÏí ñ{èB","","","990","S3789R1","01","FE2096V","","CNY","","22.70","","","","","KO 11Àﬂ∑…»∫Å@∫›Ã´","","11","M","","0","","","5","0.00","","0.00","","","","","","","","","26-00017","","","","","",""
"2026/03/13","2026/04/27","","437","êVìÏí ñ{èB","","","007","S3789R1","01","FE2096V","","CNY","","22.70","","","","","KO 11Àﬂ∑…»∫Å@∫›Ã´","","80","L","","0","","","2900","0.00","","0.00","","","","","","","","","26-00017","","","","","",""
"2026/03/13","2026/04/27","","437","êVìÏí ñ{èB","","","990","S3789R1","01","FE2096V","","CNY","","22.70","","","","","KO 11Àﬂ∑…»∫Å@∫›Ã´","","80","L","","0","","","5","0.00","","0.00","","","","","","","","","26-00017","","","","","",""
"2026/03/13","2026/04/27","","437","êVìÏí ñ{èB","","","007","S3789R1","01","FE2097V","","CNY","","22.70","","","","","SR∑√®∫›Ã´","","10","M","","0","","","2900","0.00","","0.00","","","","","","","","","26-00017","","","","","",""
"2026/03/13","2026/04/27","","437","êVìÏí ñ{èB","","","990","S3789R1","01","FE2097V","","CNY","","22.70","","","","","SR∑√®∫›Ã´","","10","M","","0","","","0","0.00","","0.00","","","","","","","","","26-00017","","","","","",""
"2026/03/13","2026/04/27","","437","êVìÏí ñ{èB","","","007","S3789R1","01","FE2544V","","CNY","","22.70","","","","","SR∑√®“›Ωﬁ∫›Ã´","","90","L","","0","","","2900","0.00","","0.00","","","","","","","","","26-00017","","","","","",""
"2026/03/13","2026/04/27","","437","êVìÏí ñ{èB","","","990","S3789R1","01","FE2544V","","CNY","","22.70","","","","","SR∑√®“›Ωﬁ∫›Ã´","","90","L","","0","","","0","0.00","","0.00","","","","","","","","","26-00017","","","","","",""
"2026/03/24","2026/05/22","","411","ìÏí ì°ìå","","","015","S3860R","01","NC1007F","","CNY","","22.70","","","","","—ø≥Ãﬂ◊Øƒ","","45","00","","30","","","900","0.00","","0.00","","","","","","","","","26-00018","","","","","",""
"2026/03/24","2026/05/22","","411","ìÏí ì°ìå","","","015","S3860R","01","NC1007F","","CNY","","22.70","","","","","—ø≥Ãﬂ◊Øƒ","","65","00","","30","","","1200","0.00","","0.00","","","","","","","","","26-00018","","","","","",""
"2026/03/24","2026/05/22","","411","ìÏí ì°ìå","","","015","S3860R","01","NC1501F","","CNY","","22.70","","","","","—ø≥Ãﬂ◊Øƒêaém","","45","L","","30","","","900","0.00","","0.00","","","","","","","","","26-00018","","","","","",""
"2026/03/24","2026/05/22","","411","ìÏí ì°ìå","","","015","S3860R","01","NC1501F","","CNY","","22.70","","","","","—ø≥Ãﬂ◊Øƒêaém","","65","L","","30","","","1200","0.00","","0.00","","","","","","","","","26-00018","","","","","",""
"2026/03/24","2026/05/22","","411","ìÏí ì°ìå","","","015","S3860R","01","ND1122F","","CNY","","22.70","","","","","ê√âπ ç∂âEñ≥M","","45","M","","30","","","1500","0.00","","0.00","","","","","","","","","26-00018","","","","","",""
"2026/03/24","2026/05/22","","411","ìÏí ì°ìå","","","015","S3860R","01","ND1122F","","CNY","","22.70","","","","","ê√âπ ç∂âEñ≥M","","65","M","","30","","","1800","0.00","","0.00","","","","","","","","","26-00018","","","","","",""
"2026/01/19","2026/03/30","","411","ìÏí ì°ìå","","","305","S3812","01","AJ2003F","","CNY","","22.70","","","","","Ÿ∞— M Œﬁ∞¿ﬁ∞","","05","00","","30","","","600","13.00","","13.00","","","","","","","","","26-00019","","","","","",""
"2026/01/19","2026/03/30","","411","ìÏí ì°ìå","","","305","S3812","01","ND1129F","","CNY","","22.70","","","","","äOñDÇ¢éhèJ","","65","M","","30","","","1500","10.50","","10.50","","","","","","","","","26-00019","","","","","",""
"2026/01/19","2026/03/30","","411","ìÏí ì°ìå","","","305","S3812","01","ND1197F","","CNY","","22.70","","","","","äO “Øº≠ SB","","15","00","","30","","","1500","11.20","","11.20","","","","","","","","","26-00019","","","","","",""
"2026/01/19","2026/03/30","","411","ìÏí ì°ìå","","","305","S3812","01","ND1197F","","CNY","","22.70","","","","","äO “Øº≠ SB","","35","00","","30","","","2100","11.20","","11.20","","","","","","","","","26-00019","","","","","",""
"2026/01/19","2026/03/30","","411","ìÏí ì°ìå","","","305","S3812","01","ND1660F","","CNY","","22.70","","","","","äO “Øº≠ SB","","45","L","","30","","","1200","11.70","","11.70","","","","","","","","","26-00019","","","","","",""
"2026/01/19","2026/03/30","","411","ìÏí ì°ìå","","","305","S3812","01","ND1660F","","CNY","","22.70","","","","","äO “Øº≠ SB","","85","L","","30","","","1800","11.70","","11.70","","","","","","","","","26-00019","","","","","",""
"2026/01/19","2026/03/30","","105","ã‡êX","","","015","S3848","01","KD2002W","","CNY","","22.70","","","","","äO “Øº≠ ê√âπ","","15","00","","30","","","1800","9.50","","9.50","","","","","","","","","26-00020","","","","","",""
"2026/01/19","2026/03/30","","105","ã‡êX","","","015","S3848","01","KD2002W","","CNY","","22.70","","","","","äO “Øº≠ ê√âπ","","35","00","","30","","","1200","9.50","","9.50","","","","","","","","","26-00020","","","","","",""
"2026/01/19","2026/03/30","","105","ã‡êX","","","015","S3848","01","KD2503W","","CNY","","22.70","","","","","äO “Øº≠ ê√âπ L","","45","L","","30","","","1200","9.80","","9.80","","","","","","","","","26-00020","","","","","",""
"2026/01/19","2026/03/30","","105","ã‡êX","","","015","S3848","01","KD2503W","","CNY","","22.70","","","","","äO “Øº≠ ê√âπ L","","85","L","","30","","","1800","9.80","","9.80","","","","","","","","","26-00020","","","","","",""
"2026/01/19","2026/03/30","","105","ã‡êX","","","015","S3848","01","NE1020W","","CNY","","22.70","","","","","∫›Ã´∞ƒ∆ØƒŒﬁ∞¿ﬁ∞Ω¥∞ƒﬁíÍ","","85","00","","20","","","900","10.20","","10.20","","","","","","","","","26-00020","","","","","",""
"2026/01/19","2026/03/30","","105","ã‡êX","","","015","S3848","01","NE1039W","","CNY","","22.70","","","","","ë´æ⁄Ãﬁïwêl","","15","00","","20","","","700","14.80","","14.80","","","","","","","","","26-00020","","","","","",""
"2026/01/19","2026/03/30","","105","ã‡êX","","","015","S3848","01","NE1518W","","CNY","","22.70","","","","","∫›Ã´∞ƒ∆ØƒŒﬁ∞¿ﬁ∞Ω¥∞ƒﬁíÍ","","95","L","","20","","","600","10.80","","10.80","","","","","","","","","26-00020","","","","","",""
"2026/01/19","2026/03/30","","105","ã‡êX","","","015","S3848","01","NH1053W","","CNY","","22.70","","","",""," ≤∂ØƒéläpéhèJê√âπ","","45","00","","30","","","720","11.20","","11.20","","","","","","","","","26-00020","","","","","",""
"2026/01/19","2026/03/30","","105","ã‡êX","","","015","S3848","01","NH1053W","","CNY","","22.70","","","",""," ≤∂ØƒéläpéhèJê√âπ","","65","00","","30","","","720","11.20","","11.20","","","","","","","","","26-00020","","","","","",""
"2026/01/19","2026/05/21","","411","ìÏí ì°ìå","","","017","S3790R","01","FE2545F","","CNY","","22.70","","","","","SR≈–…ÿ∑√®∫›Ã´","","80","L","","20","","","500","21.50","","21.50","","","","","","","","","26-00021","","","","","",""
"2026/01/19","2026/05/21","","411","ìÏí ì°ìå","","","017","S3790R","01","FE2546F","","CNY","","22.70","","","","","SR À‘π∑√®∫›Ã´BK","","90","L","","20","","","500","21.50","","21.50","","","","","","","","","26-00021","","","","","",""
"2026/01/20","2026/04/06","","434","ìÏí à§å¨","","","017","S3791","01","FT2014A","","CNY","","22.70","","","","","TT∆¨›∫æ›æ≤¥Ãﬂ€›BE","","62","M-L","","50","","","500","47.20","","47.20","","","","","","","","","26-00022","","","","","",""
"2026/01/20","2026/04/06","","434","ìÏí à§å¨","","","990","S3791","01","FT2014A","","CNY","","22.70","","","","","TT∆¨›∫æ›æ≤¥Ãﬂ€›BE","","62","M-L","","0","","","15","47.20","","47.20","","","","","","","","","26-00022","","","","","",""
"2026/01/20","2026/04/06","","434","ìÏí à§å¨","","","017","S3791","01","FT2017A","","CNY","","22.70","","","","","TT∆¨›∫æ›æ≤¥Ãﬂ€›B","","30","M-L","","50","","","500","43.20","","43.20","","","","","","","","","26-00022","","","","","",""
"2026/01/20","2026/04/06","","434","ìÏí à§å¨","","","990","S3791","01","FT2017A","","CNY","","22.70","","","","","TT∆¨›∫æ›æ≤¥Ãﬂ€›B","","30","M-L","","0","","","15","43.20","","43.20","","","","","","","","","26-00022","","","","","",""
"2026/01/21","2026/03/03","","105","ã‡êX","","","007","S3792","01","FD2434W","","CNY","","22.70","","","","","CM’–¡≠∞Ÿ","","40","M","","0","","","1500","19.30","","19.30","","","","","","","","","26-00023","","","","","",""
"2026/01/21","2026/03/03","","105","ã‡êX","","","017","S3792","01","FD2434W","","CNY","","22.70","","","","","CM’–¡≠∞Ÿ","","40","M","","20","","","200","19.30","","19.30","","","","","","","","","26-00023","","","","","",""
"2026/01/21","2026/03/03","","105","ã‡êX","","","007","S3792","01","FD2434W","","CNY","","22.70","","","","","CM’–¡≠∞Ÿ","","42","M","","0","","","1500","19.30","","19.30","","","","","","","","","26-00023","","","","","",""
"2026/01/21","2026/03/03","","105","ã‡êX","","","017","S3792","01","FD2434W","","CNY","","22.70","","","","","CM’–¡≠∞Ÿ","","42","M","","20","","","200","19.30","","19.30","","","","","","","","","26-00023","","","","","",""
"2026/01/21","2026/03/03","","105","ã‡êX","","","007","S3792","01","FD2434W","","CNY","","22.70","","","","","CM’–¡≠∞Ÿ","","60","M","","0","","","1500","19.30","","19.30","","","","","","","","","26-00023","","","","","",""
"2026/01/21","2026/03/03","","105","ã‡êX","","","017","S3792","01","FD2434W","","CNY","","22.70","","","","","CM’–¡≠∞Ÿ","","60","M","","20","","","200","19.30","","19.30","","","","","","","","","26-00023","","","","","",""
"2026/01/21","2026/03/03","","105","ã‡êX","","","007","S3792","01","FD2434W","","CNY","","22.70","","","","","CM’–¡≠∞Ÿ","","90","M","","0","","","1500","19.30","","19.30","","","","","","","","","26-00023","","","","","",""
"2026/01/21","2026/03/03","","105","ã‡êX","","","017","S3792","01","FD2434W","","CNY","","22.70","","","","","CM’–¡≠∞Ÿ","","90","M","","20","","","200","19.30","","19.30","","","","","","","","","26-00023","","","","","",""
"2026/01/22","2026/04/20","","437","êVìÏí ñ{èB","","","017","S3793","01","EZ3057V","","CNY","","22.70","","","","","BO ÃÿŸπ≤¿≤ΩÿØ ﬂ","","90","M","","20","","","400","16.85","","16.85","","","","","","","","","26-00024","","","","","",""
"2026/01/22","2026/04/20","","437","êVìÏí ñ{èB","","","017","S3793","01","EZ3058V","","CNY","","22.70","","","","","BO ◊∏ﬁ±≥ƒÅ@ÿŒﬁ›π≤¿≤ΩÿØ ﬂ","","90","M","","20","","","400","19.90","","19.90","","","","","","","","","26-00024","","","","","",""
"2026/01/22","2026/02/24","","434","ìÏí à§å¨","","","017","S3794","01","ET3002A","","CNY","","22.70","","","","","TO ºœ¿ﬁœ∞ƒ","","73","M-L","","50","","","300","31.00","","31.00","","","","","","","","","26-00025","","","","","",""
"2026/01/22","2026/04/23","","437","êVìÏí ñ{èB","","","017","S3795","01","FH2141V","","CNY","","22.70","","","","","KO∂∞ƒﬁ∑¨Ãﬂ¿∞ª∏◊R","","10","M","","20","","","500","20.90","","20.90","","","","","","","","","26-00026","","","","","",""
"2026/01/22","2026/04/23","","437","êVìÏí ñ{èB","","","990","S3795","01","FH2141V","","CNY","","22.70","","","","","KO∂∞ƒﬁ∑¨Ãﬂ¿∞ª∏◊R","","10","M","","0","","","2","20.90","","20.90","","","","","","","","","26-00026","","","","","",""
"2026/01/22","2026/04/23","","437","êVìÏí ñ{èB","","","017","S3795","01","FH2142V","","CNY","","22.70","","","","","KO∂∞ƒﬁ∑¨Ãﬂ¿∞ª∏◊ ﬂ›¿€›P","","11","M","","20","","","500","20.00","","20.00","","","","","","","","","26-00026","","","","","",""
"2026/01/22","2026/04/23","","437","êVìÏí ñ{èB","","","990","S3795","01","FH2142V","","CNY","","22.70","","","","","KO∂∞ƒﬁ∑¨Ãﬂ¿∞ª∏◊ ﬂ›¿€›P","","11","M","","0","","","2","20.00","","20.00","","","","","","","","","26-00026","","","","","",""
"2026/01/22","2026/04/23","","105","ã‡êX","","","017","S3796","01","FV2000W","","CNY","","22.70","","","","","KO∂∞ƒﬁ∑¨Ãﬂ¿∞ª∏◊Y","","70","00","","5","","","500","29.00","","29.00","","","","","","","","","26-00027","","","","","",""
"2026/01/22","2026/04/23","","105","ã‡êX","","","990","S3796","01","FV2000W","","CNY","","22.70","","","","","KO∂∞ƒﬁ∑¨Ãﬂ¿∞ª∏◊Y","","70","00","","0","","","2","29.00","","29.00","","","","","","","","","26-00027","","","","","",""
"2026/01/22","2026/04/23","","105","ã‡êX","","","017","S3796","01","FV2001W","","CNY","","22.70","","","","","KO∂∞ƒﬁ∑¨Ãﬂ¿∞ª∏◊P","","11","00","","5","","","500","33.20","","33.20","","","","","","","","","26-00027","","","","","",""
"2026/01/22","2026/04/23","","105","ã‡êX","","","990","S3796","01","FV2001W","","CNY","","22.70","","","","","KO∂∞ƒﬁ∑¨Ãﬂ¿∞ª∏◊P","","11","00","","0","","","2","33.20","","33.20","","","","","","","","","26-00027","","","","","",""
"2026/01/22","2026/04/23","","434","ìÏí à§å¨","","","017","S3797R1","01","FT2022A","","CNY","","22.70","","","","","KO∂∞ƒﬁ∑¨Ãﬂ¿∞ª∏◊¥Ãﬂ€›P","","11","M-L","","0","","","370","71.00","","71.00","","","","","","","","","26-00028","","","","","",""
"2026/01/22","2026/04/23","","434","ìÏí à§å¨","","","990","S3797R1","01","FT2022A","","CNY","","22.70","","","","","KO∂∞ƒﬁ∑¨Ãﬂ¿∞ª∏◊¥Ãﬂ€›P","","11","M-L","","0","","","2","71.00","","71.00","","","","","","","","","26-00028","","","","","",""
"2026/01/22","2026/04/23","","434","ìÏí à§å¨","","","017","S3797R1","01","FT2023A","","CNY","","22.70","","","","","KO∂∞ƒﬁ∑¨Ãﬂ¿∞ª∏◊¥Ãﬂ€›R","","10","M-L","","0","","","370","80.00","","80.00","","","","","","","","","26-00028","","","","","",""
"2026/01/22","2026/04/23","","434","ìÏí à§å¨","","","990","S3797R1","01","FT2023A","","CNY","","22.70","","","","","KO∂∞ƒﬁ∑¨Ãﬂ¿∞ª∏◊¥Ãﬂ€›R","","10","M-L","","0","","","2","80.00","","80.00","","","","","","","","","26-00028","","","","","",""
"2026/01/22","2026/04/10","","437","êVìÏí ñ{èB","","","010","S3798","01","FE2098V","","CNY","","22.70","","","","","¡™Ø∏∂ﬁ◊ »∞—Å@í|","","40","M","","25","","","600","14.90","","14.90","","","","","","","","","26-00029","","","","","",""
"2026/01/22","2026/04/10","","437","êVìÏí ñ{èB","","","010","S3798","01","FE2098V","","CNY","","22.70","","","","","¡™Ø∏∂ﬁ◊ »∞—Å@í|","","40","L","","25","","","600","15.35","","15.35","","","","","","","","","26-00029","","","","","",""
"2026/01/22","2026/04/10","","437","êVìÏí ñ{èB","","","010","S3798","01","FE2098V","","CNY","","22.70","","","","","¡™Ø∏∂ﬁ◊ »∞—Å@í|","","80","M","","25","","","500","14.90","","14.90","","","","","","","","","26-00029","","","","","",""
"2026/01/22","2026/04/10","","437","êVìÏí ñ{èB","","","010","S3798","01","FE2098V","","CNY","","22.70","","","","","¡™Ø∏∂ﬁ◊ »∞—Å@í|","","80","L","","25","","","300","15.35","","15.35","","","","","","","","","26-00029","","","","","",""
"2026/01/22","2026/04/10","","437","êVìÏí ñ{èB","","","010","S3798","01","FE2099V","","CNY","","22.70","","","","","∑∂∂ﬁ∏∂ﬁ◊ »∞—Å@í|","","32","M","","25","","","550","14.70","","14.70","","","","","","","","","26-00029","","","","","",""
"2026/01/22","2026/04/10","","437","êVìÏí ñ{èB","","","010","S3798","01","FE2099V","","CNY","","22.70","","","","","∑∂∂ﬁ∏∂ﬁ◊ »∞—Å@í|","","32","L","","25","","","650","15.15","","15.15","","","","","","","","","26-00029","","","","","",""
"2026/01/22","2026/04/10","","437","êVìÏí ñ{èB","","","010","S3798","01","FE2099V","","CNY","","22.70","","","","","∑∂∂ﬁ∏∂ﬁ◊ »∞—Å@í|","","62","M","","25","","","450","14.70","","14.70","","","","","","","","","26-00029","","","","","",""
"2026/01/22","2026/04/10","","437","êVìÏí ñ{èB","","","010","S3798","01","FE2099V","","CNY","","22.70","","","","","∑∂∂ﬁ∏∂ﬁ◊ »∞—Å@í|","","62","L","","25","","","350","15.15","","15.15","","","","","","","","","26-00029","","","","","",""
"2026/01/23","2026/04/14","","437","êVìÏí ñ{èB","","","807","S3799","01","NA1524V","","CNY","","22.70","","","","","»∫ºº≠≥ƒ≤⁄ΩÿØ ﬂ","","62","L","","20","","","3500","11.95","","11.95","","","","","","","","","26-00030","","","","","",""
"2026/01/23","2026/04/14","","437","êVìÏí ñ{èB","","","807","S3799","01","NA1524V","","CNY","","22.70","","","","","»∫ºº≠≥ƒ≤⁄ΩÿØ ﬂ","","90","L","","20","","","4300","11.95","","11.95","","","","","","","","","26-00030","","","","","",""
"2026/01/26","2026/04/10","","105","ã‡êX","","","015","S3802R","01","FD2431W","","CNY","","22.70","","","","","—ºﬁÅ@⁄≤∂›","","60","M","","30","","","1350","11.20","","11.20","","","","","","","","","26-00031","","","","","",""
"2026/01/26","2026/04/10","","105","ã‡êX","","","015","S3802R","01","FD2431W","","CNY","","22.70","","","","","—ºﬁÅ@⁄≤∂›","","11","M","","30","","","1350","11.20","","11.20","","","","","","","","","26-00031","","","","","",""
"2026/01/26","2026/04/10","","105","ã‡êX","","","015","S3802R","01","FD2432W","","CNY","","22.70","","","","","∏œ±≤ΩÅ@⁄≤∂›","","60","M","","30","","","900","11.20","","11.20","","","","","","","","","26-00031","","","","","",""
"2026/01/26","2026/04/10","","105","ã‡êX","","","015","S3802R","01","FD2433W","","CNY","","22.70","","","","","»∫Å@⁄≤∂›","","30","M","","30","","","900","11.20","","11.20","","","","","","","","","26-00031","","","","","",""
"2026/01/26","2026/04/10","","105","ã‡êX","","","015","S3802R","01","FD4504W","","CNY","","22.70","","","","","—ºﬁÅ@⁄≤∂›","","80","L","","30","","","1350","11.50","","11.50","","","","","","","","","26-00031","","","","","",""
"2026/01/26","2026/04/10","","105","ã‡êX","","","015","S3802R","01","FD4504W","","CNY","","22.70","","","","","—ºﬁÅ@⁄≤∂›","","82","L","","30","","","1350","11.50","","11.50","","","","","","","","","26-00031","","","","","",""
"2026/01/26","2026/04/10","","105","ã‡êX","","","015","S3802R","01","FD4505W","","CNY","","22.70","","","","","≤«Å@⁄≤∂›","","20","L","","30","","","900","11.50","","11.50","","","","","","","","","26-00031","","","","","",""
"2026/01/26","2026/04/10","","105","ã‡êX","","","015","S3802R","01","FD4506W","","CNY","","22.70","","","","","∏œÅ@⁄≤∂›","","30","L","","30","","","900","11.50","","11.50","","","","","","","","","26-00031","","","","","",""
"2026/01/26","2026/04/08","","437","êVìÏí ñ{èB","","","017","S3800","01","FH2139V","","CNY","","22.70","","","","","SR≥ª ≈ÿŒﬁ› ﬂ›¿€›","","11","M","","20","","","500","20.30","","20.30","","","","","","","","","26-00032","","","","","",""
"2026/01/26","2026/04/08","","437","êVìÏí ñ{èB","","","017","S3800","01","FH2140V","","CNY","","22.70","","","","","SR≥ª ≈ ﬂ›¿€›","","32","M","","20","","","500","18.70","","18.70","","","","","","","","","26-00032","","","","","",""
"2026/01/26","2026/05/07","","437","êVìÏí ñ{èB","","","017","S3801","01","FD2439V","","CNY","","22.70","","","","","‹∂ﬁ◊Œﬁ∞¿ﬁ∞¡¨¿π","","30","M","","20","","","300","0.00","","0.00","","","","","","","","","26-00033","","","","","",""
"2026/01/26","2026/05/07","","437","êVìÏí ñ{èB","","","017","S3801","01","FD2439V","","CNY","","22.70","","","","","‹∂ﬁ◊Œﬁ∞¿ﬁ∞¡¨¿π","","62","M","","20","","","300","0.00","","0.00","","","","","","","","","26-00033","","","","","",""
"2026/01/26","2026/05/07","","437","êVìÏí ñ{èB","","","017","S3801","01","FD2439V","","CNY","","22.70","","","","","‹∂ﬁ◊Œﬁ∞¿ﬁ∞¡¨¿π","","80","M","","20","","","300","0.00","","0.00","","","","","","","","","26-00033","","","","","",""
"2026/01/26","2026/05/07","","437","êVìÏí ñ{èB","","","017","S3801","01","FD2440V","","CNY","","22.70","","","","","‹∂ﬁ◊¡™Ø∏¡¨¿π","","11","M","","20","","","300","0.00","","0.00","","","","","","","","","26-00033","","","","","",""
"2026/01/26","2026/05/07","","437","êVìÏí ñ{èB","","","017","S3801","01","FD2440V","","CNY","","22.70","","","","","‹∂ﬁ◊¡™Ø∏¡¨¿π","","62","M","","20","","","300","0.00","","0.00","","","","","","","","","26-00033","","","","","",""
"2026/01/26","2026/05/07","","437","êVìÏí ñ{èB","","","017","S3801","01","FD2440V","","CNY","","22.70","","","","","‹∂ﬁ◊¡™Ø∏¡¨¿π","","90","M","","20","","","300","0.00","","0.00","","","","","","","","","26-00033","","","","","",""
"2026/01/26","2026/05/07","","437","êVìÏí ñ{èB","","","017","S3801","01","FD2441V","","CNY","","22.70","","","","","‹∂ﬁ◊—ºﬁ¡¨¿π","","32","M","","20","","","300","0.00","","0.00","","","","","","","","","26-00033","","","","","",""
"2026/01/26","2026/05/07","","437","êVìÏí ñ{èB","","","017","S3801","01","FD2441V","","CNY","","22.70","","","","","‹∂ﬁ◊—ºﬁ¡¨¿π","","50","M","","20","","","300","0.00","","0.00","","","","","","","","","26-00033","","","","","",""
"2026/01/26","2026/05/07","","437","êVìÏí ñ{èB","","","017","S3801","01","FD2441V","","CNY","","22.70","","","","","‹∂ﬁ◊—ºﬁ¡¨¿π","","73","M","","20","","","300","0.00","","0.00","","","","","","","","","26-00033","","","","","",""
"2026/01/28","2026/04/22","","437","êVìÏí ñ{èB","","","017","S3803","01","FE2035V","","CNY","","22.70","","","","","SR  €∞∑√®  ≈∂ﬁ◊∫›Ã´∞ƒ","","11","M","","20","","","400","0.00","","0.00","","","","","","","","","26-00034","","","","","",""
"2026/01/28","2026/05/28","","434","ìÏí à§å¨","","","017","S3804","01","FT2019A","","CNY","","22.70","","","","","KE ∫Àﬁƒ¬ﬁ∂›¥Ãﬂ€›P","","11","M-L","","50","","","500","43.50","","43.50","","","","","","","","","26-00035","","","","","",""
"2026/01/28","2026/05/28","","434","ìÏí à§å¨","","","990","S3804","01","FT2019A","","CNY","","22.70","","","","","KE ∫Àﬁƒ¬ﬁ∂›¥Ãﬂ€›P","","11","M-L","","0","","","6","43.50","","43.50","","","","","","","","","26-00035","","","","","",""
"2026/01/28","2026/05/28","","434","ìÏí à§å¨","","","017","S3804","01","FT2020A","","CNY","","22.70","","","","","KE ≤€≤€∫Àﬁƒ¥Ãﬂ€›","","20","M-L","","50","","","500","39.50","","39.50","","","","","","","","","26-00035","","","","","",""
"2026/01/28","2026/05/28","","434","ìÏí à§å¨","","","990","S3804","01","FT2020A","","CNY","","22.70","","","","","KE ≤€≤€∫Àﬁƒ¥Ãﬂ€›","","20","M-L","","0","","","6","39.50","","39.50","","","","","","","","","26-00035","","","","","",""
"2026/01/28","2026/05/28","","434","ìÏí à§å¨","","","017","S3804","01","FT2021A","","CNY","","22.70","","","","","KE ∫Àﬁƒ¬ﬁ∂›¥Ãﬂ€›BE","","62","M-L","","50","","","500","41.00","","41.00","","","","","","","","","26-00035","","","","","",""
"2026/01/28","2026/05/28","","434","ìÏí à§å¨","","","990","S3804","01","FT2021A","","CNY","","22.70","","","","","KE ∫Àﬁƒ¬ﬁ∂›¥Ãﬂ€›BE","","62","M-L","","0","","","6","41.00","","41.00","","","","","","","","","26-00035","","","","","",""
"2026/02/02","2026/01/27","","336","DEPARTURES","","","007","","01","EV3000A","","CNY","","22.70","","","","","◊ÀﬁØƒÃß∞Å@Ã€±∏ØºÆ›Å@","","11","00","","0","","","70","530.00","","","","","","","","","","","26-00036","","","","","",""
"2026/02/02","2026/01/27","","336","DEPARTURES","","","007","","01","EV3000A","","CNY","","22.70","","","","","◊ÀﬁØƒÃß∞Å@Ã€±∏ØºÆ›Å@","","50","00","","0","","","70","530.00","","","","","","","","","","","26-00036","","","","","",""
"2026/02/02","2026/01/27","","336","DEPARTURES","","","007","","01","EV3000A","","CNY","","22.70","","","","","◊ÀﬁØƒÃß∞Å@Ã€±∏ØºÆ›Å@","","90","00","","0","","","150","530.00","","","","","","","","","","","26-00036","","","","","",""
"2026/02/02","2026/01/27","","336","DEPARTURES","","","007","","01","EV3010A","","CNY","","22.70","","","","","≥Ωﬁœ∑Œﬁ±Å@≈∂ﬁªﬁÃﬁƒ›","","62","00","","0","","","797","1194.00","","","","","","","","","","","26-00036","","","","","",""
"2026/02/02","2026/01/27","","336","DEPARTURES","","","007","","01","EV3010A","","CNY","","22.70","","","","","≥Ωﬁœ∑Œﬁ±Å@≈∂ﬁªﬁÃﬁƒ›","","80","00","","0","","","797","1194.00","","","","","","","","","","","26-00036","","","","","",""
"2026/02/02","2026/01/27","","336","DEPARTURES","","","007","","01","EV3011A","","CNY","","22.70","","","","","≥Ωﬁœ∑Œﬁ±Å@≈∂ﬁªﬁÃﬁƒ›∂ ﬁ∞","","62","00","","0","","","797","594.00","","","","","","","","","","","26-00036","","","","","",""
"2026/02/02","2026/01/27","","336","DEPARTURES","","","007","","01","EV3011A","","CNY","","22.70","","","","","≥Ωﬁœ∑Œﬁ±Å@≈∂ﬁªﬁÃﬁƒ›∂ ﬁ∞","","80","00","","0","","","772","594.00","","","","","","","","","","","26-00036","","","","","",""
"2026/02/02","2026/01/27","","336","DEPARTURES","","","007","","01","EZ3020A","","CNY","","22.70","","","","","≤›√ÿ±œØƒ ◊ÀﬁØƒÃß∞","","11","00","","0","","","70","1190.00","","","","","","","","","","","26-00036","","","","","",""
"2026/02/02","2026/01/27","","336","DEPARTURES","","","007","","01","EZ3020A","","CNY","","22.70","","","","","≤›√ÿ±œØƒ ◊ÀﬁØƒÃß∞","","50","00","","0","","","70","1190.00","","","","","","","","","","","26-00036","","","","","",""
"2026/02/02","2026/01/27","","336","DEPARTURES","","","007","","01","EZ3020A","","CNY","","22.70","","","","","≤›√ÿ±œØƒ ◊ÀﬁØƒÃß∞","","90","00","","0","","","150","1190.00","","","","","","","","","","","26-00036","","","","","",""
"2026/02/02","2026/01/27","","336","DEPARTURES","","","007","","01","EZ3027A","","CNY","","22.70","","","","","œ∞≤€›æ›¿∞◊∏ﬁ","","11","00","","0","","","43","1194.00","","","","","","","","","","","26-00036","","","","","",""
"2026/02/02","2026/01/27","","336","DEPARTURES","","","007","","01","EZ3027A","","CNY","","22.70","","","","","œ∞≤€›æ›¿∞◊∏ﬁ","","40","00","","0","","","26","1194.00","","","","","","","","","","","26-00036","","","","","",""
"2026/02/02","2026/01/27","","336","DEPARTURES","","","007","","01","EZ3027A","","CNY","","22.70","","","","","œ∞≤€›æ›¿∞◊∏ﬁ","","80","00","","0","","","32","1194.00","","","","","","","","","","","26-00036","","","","","",""
"2026/02/02","2026/01/27","","336","DEPARTURES","","","007","","01","EZ3028A","","CNY","","22.70","","","","","œ∞≤€›æ›¿∞◊∏ﬁ","","11","00","","0","","","44","1620.00","","","","","","","","","","","26-00036","","","","","",""
"2026/02/02","2026/01/27","","336","DEPARTURES","","","007","","01","EZ3028A","","CNY","","22.70","","","","","œ∞≤€›æ›¿∞◊∏ﬁ","","40","00","","0","","","35","1620.00","","","","","","","","","","","26-00036","","","","","",""
"2026/02/02","2026/01/27","","336","DEPARTURES","","","007","","01","EZ3028A","","CNY","","22.70","","","","","œ∞≤€›æ›¿∞◊∏ﬁ","","80","00","","0","","","27","1620.00","","","","","","","","","","","26-00036","","","","","",""
"2026/02/02","2026/01/27","","336","DEPARTURES","","","007","","01","EZ3029A","","CNY","","22.70","","","","","œ∞≤€›æ›¿∞◊∏ﬁ","","11","00","","0","","","45","2220.00","","","","","","","","","","","26-00036","","","","","",""
"2026/02/02","2026/01/27","","336","DEPARTURES","","","007","","01","EZ3029A","","CNY","","22.70","","","","","œ∞≤€›æ›¿∞◊∏ﬁ","","40","00","","0","","","34","2220.00","","","","","","","","","","","26-00036","","","","","",""
"2026/02/02","2026/01/27","","336","DEPARTURES","","","007","","01","EZ3029A","","CNY","","22.70","","","","","œ∞≤€›æ›¿∞◊∏ﬁ","","80","00","","0","","","23","2220.00","","","","","","","","","","","26-00036","","","","","",""
"2026/02/02","2026/01/27","","336","DEPARTURES","","","007","","01","EZ3045A","","US","","161.00","","","","","PO “∂ﬁ»≥ª∑ﬁ≤›√ÿ±œØƒ","","32","00","","0","","","75","1194.00","","","","","","","","","","","26-00036","","","","","",""
"2026/02/02","2026/01/27","","336","DEPARTURES","","","007","","01","EZ3046A","","US","","161.00","","","","","PO »Ωﬁ–∏›…¡ÆØ∑≤›√ÿ±œØƒ","","80","00","","0","","","110","1194.00","","","","","","","","","","","26-00036","","","","","",""
"2026/02/02","2026/01/27","","336","DEPARTURES","","","007","","01","EZ3047A","","CNY","","22.70","","","","","PH µ≤ºø≥≈º€∏œ≤›√ÿ±œØƒ","","62","00","","0","","","115","1194.00","","","","","","","","","","","26-00036","","","","","",""
"2026/02/02","2026/01/27","","336","DEPARTURES","","","007","","01","FZ2046A","","CNY","","22.70","","","",""," ﬂ≤Ÿæ›¿∞◊∏ﬁ","","61","00","","0","","","600","1194.00","","","","","","","","","","","26-00036","","","","","",""
"2026/02/02","2026/01/27","","336","DEPARTURES","","","007","","01","FZ2046A","","CNY","","22.70","","","",""," ﬂ≤Ÿæ›¿∞◊∏ﬁ","","62","00","","0","","","600","1194.00","","","","","","","","","","","26-00036","","","","","",""
"2026/02/02","2026/01/27","","336","DEPARTURES","","","007","","01","FZ2046A","","CNY","","22.70","","","",""," ﬂ≤Ÿæ›¿∞◊∏ﬁ","","80","00","","0","","","600","1194.00","","","","","","","","","","","26-00036","","","","","",""
"2026/02/02","2026/01/27","","336","DEPARTURES","","","007","","01","FZ2047A","","CNY","","22.70","","","",""," ﬂ≤Ÿæ›¿∞◊∏ﬁ","","61","00","","0","","","600","1620.00","","","","","","","","","","","26-00036","","","","","",""
"2026/02/02","2026/01/27","","336","DEPARTURES","","","007","","01","FZ2047A","","CNY","","22.70","","","",""," ﬂ≤Ÿæ›¿∞◊∏ﬁ","","62","00","","0","","","600","1620.00","","","","","","","","","","","26-00036","","","","","",""
"2026/02/02","2026/01/27","","336","DEPARTURES","","","007","","01","FZ2047A","","CNY","","22.70","","","",""," ﬂ≤Ÿæ›¿∞◊∏ﬁ","","80","00","","0","","","600","1620.00","","","","","","","","","","","26-00036","","","","","",""
"2026/02/02","2026/01/27","","336","DEPARTURES","","","007","","01","FZ2048A","","CNY","","22.70","","","",""," ﬂ≤Ÿæ›¿∞◊∏ﬁ","","61","00","","0","","","600","2220.00","","","","","","","","","","","26-00036","","","","","",""
"2026/02/02","2026/01/27","","336","DEPARTURES","","","007","","01","FZ2048A","","CNY","","22.70","","","",""," ﬂ≤Ÿæ›¿∞◊∏ﬁ","","62","00","","0","","","600","2220.00","","","","","","","","","","","26-00036","","","","","",""
"2026/02/02","2026/01/27","","336","DEPARTURES","","","007","","01","FZ2048A","","CNY","","22.70","","","",""," ﬂ≤Ÿæ›¿∞◊∏ﬁ","","80","00","","0","","","600","2220.00","","","","","","","","","","","26-00036","","","","","",""
"2026/02/02","2026/06/15","","411","ìÏí ì°ìå","","","007","S3806","01","FA2083F","","CNY","","22.70","","","",""," ØÀﬂ∞¬ÿ∫–—ºﬁ","","10","M","","0","","","5800","0.00","","0.00","","","","","","","","","26-00037","","","","","",""
"2026/02/02","2026/06/15","","411","ìÏí ì°ìå","","","007","S3806","01","FA2083F","","CNY","","22.70","","","",""," ØÀﬂ∞¬ÿ∫–—ºﬁ","","20","M","","0","","","5800","0.00","","0.00","","","","","","","","","26-00037","","","","","",""
"2026/02/02","2026/06/15","","411","ìÏí ì°ìå","","","007","S3806","01","FA2083F","","CNY","","22.70","","","",""," ØÀﬂ∞¬ÿ∫–—ºﬁ","","30","M","","0","","","5800","0.00","","0.00","","","","","","","","","26-00037","","","","","",""
"2026/02/02","2026/06/15","","411","ìÏí ì°ìå","","","007","S3806","01","FA2083F","","CNY","","22.70","","","",""," ØÀﬂ∞¬ÿ∫–—ºﬁ","","31","M","","0","","","5800","0.00","","0.00","","","","","","","","","26-00037","","","","","",""
"2026/02/02","2026/06/15","","411","ìÏí ì°ìå","","","007","S3806","01","FA2084F","","CNY","","22.70","","","",""," ØÀﬂ∞¬ÿ∫–Ωƒ◊≤Ãﬂ","","20","M","","0","","","5800","0.00","","0.00","","","","","","","","","26-00037","","","","","",""
"2026/02/02","2026/06/15","","411","ìÏí ì°ìå","","","007","S3806","01","FA2084F","","CNY","","22.70","","","",""," ØÀﬂ∞¬ÿ∫–Ωƒ◊≤Ãﬂ","","31","M","","0","","","5800","0.00","","0.00","","","","","","","","","26-00037","","","","","",""
"2026/02/02","2026/06/15","","411","ìÏí ì°ìå","","","007","S3806","01","FA2085F","","CNY","","22.70","","","",""," ØÀﬂ∞¬ÿ∫–¡™Ø∏","","62","M","","0","","","5800","0.00","","0.00","","","","","","","","","26-00037","","","","","",""
"2026/02/02","2026/06/15","","411","ìÏí ì°ìå","","","007","S3806","01","FA2085F","","CNY","","22.70","","","",""," ØÀﬂ∞¬ÿ∫–¡™Ø∏","","80","M","","0","","","5800","0.00","","0.00","","","","","","","","","26-00037","","","","","",""
"2026/02/02","2026/06/30","","437","êVìÏí ñ{èB","","","007","S3808","01","ED2422V","","CNY","","22.70","","","","","⁄≤∂›KTΩ≤∂","","10","M","","0","","","800","0.00","","0.00","","","","","","","","","26-00038","","","","","",""
"2026/02/02","2026/06/30","","437","êVìÏí ñ{èB","","","007","S3808","01","ED2425V","","CNY","","22.70","","","","","⁄≤∂›KTÕﬂ›∑ﬁ›","","30","M","","0","","","800","0.00","","0.00","","","","","","","","","26-00038","","","","","",""
"2026/02/02","2026/06/30","","437","êVìÏí ñ{èB","","","007","S3808","01","FD2442V","","CNY","","22.70","","","","","⁄≤∂›Õﬂ›∑ﬁ›±≤Ω","","30","M","","0","","","800","0.00","","0.00","","","","","","","","","26-00038","","","","","",""
"2026/02/02","2026/06/30","","437","êVìÏí ñ{èB","","","007","S3808","01","FD2443V","","CNY","","22.70","","","","","⁄≤∂›“›¿ﬁ∫ª∂≈","","32","M","","0","","","800","0.00","","0.00","","","","","","","","","26-00038","","","","","",""
"2026/02/02","2026/06/30","","437","êVìÏí ñ{èB","","","007","S3808","01","FD2444V","","CNY","","22.70","","","","","⁄≤∂›KT∏◊πﬁ","","31","M","","0","","","800","0.00","","0.00","","","","","","","","","26-00038","","","","","",""
"2026/02/02","2026/06/30","","437","êVìÏí ñ{èB","","","007","S3808","01","FD2446V","","CNY","","22.70","","","","","⁄≤∂›KTºÃ´›Ã≥∑ºﬁ","","11","M","","0","","","800","0.00","","0.00","","","","","","","","","26-00038","","","","","",""
"2026/02/02","2026/06/30","","437","êVìÏí ñ{èB","","","007","S3808","01","FD2446V","","CNY","","22.70","","","","","⁄≤∂›KTºÃ´›Ã≥∑ºﬁ","","21","M","","0","","","800","0.00","","0.00","","","","","","","","","26-00038","","","","","",""
"2026/02/02","2026/06/30","","437","êVìÏí ñ{èB","","","007","S3808","01","FD2446V","","CNY","","22.70","","","","","⁄≤∂›KTºÃ´›Ã≥∑ºﬁ","","30","L","","0","","","800","0.00","","0.00","","","","","","","","","26-00038","","","","","",""
"2026/02/02","2026/06/30","","437","êVìÏí ñ{èB","","","007","S3808","01","FD2446V","","CNY","","22.70","","","","","⁄≤∂›KTºÃ´›Ã≥∑ºﬁ","","70","M","","0","","","800","0.00","","0.00","","","","","","","","","26-00038","","","","","",""
"2026/02/02","2026/06/30","","437","êVìÏí ñ{èB","","","007","S3808","01","FD4508V","","CNY","","22.70","","","","","⁄≤∂›±ªﬁ◊º","","80","L","","0","","","800","0.00","","0.00","","","","","","","","","26-00038","","","","","",""
"2026/04/01","2026/07/14","","437","êVìÏí ñ{èB","","","007","S3809R","01","ED2420V","","CNY","","22.70","","","","","⁄≤∂›KT≈º","","70","M","","0","","","800","0.00","","0.00","","","","","","","","","26-00039","","","","","",""
"2026/04/01","2026/07/14","","437","êVìÏí ñ{èB","","","007","S3809R","01","ED2421V","","CNY","","22.70","","","","","⁄≤∂›KT””","","11","M","","0","","","800","0.00","","0.00","","","","","","","","","26-00039","","","","","",""
"2026/04/01","2026/07/14","","437","êVìÏí ñ{èB","","","007","S3809R","01","ED2424V","","CNY","","22.70","","","","","⁄≤∂›KT–π»∫","","70","M","","0","","","800","0.00","","0.00","","","","","","","","","26-00039","","","","","",""
"2026/04/01","2026/07/14","","437","êVìÏí ñ{èB","","","007","S3809R","01","ED2428V","","CNY","","22.70","","","","","⁄≤∂›KT»∫ø≥∂ﬁ◊","","21","M","","0","","","800","0.00","","0.00","","","","","","","","","26-00039","","","","","",""
"2026/04/01","2026/07/14","","437","êVìÏí ñ{èB","","","007","S3809R","01","FD2445V","","CNY","","22.70","","","","","⁄≤∂›KT∂∆","","73","M","","0","","","800","0.00","","0.00","","","","","","","","","26-00039","","","","","",""
"2026/04/01","2026/07/14","","437","êVìÏí ñ{èB","","","007","S3809R","01","FD2447V","","CNY","","22.70","","","","","⁄≤∂›KTªﬁØ∏ÿ∑ºﬁ","","11","M","","0","","","800","0.00","","0.00","","","","","","","","","26-00039","","","","","",""
"2026/04/01","2026/07/14","","437","êVìÏí ñ{èB","","","007","S3809R","01","FD2447V","","CNY","","22.70","","","","","⁄≤∂›KTªﬁØ∏ÿ∑ºﬁ","","32","L","","0","","","800","0.00","","0.00","","","","","","","","","26-00039","","","","","",""
"2026/04/01","2026/07/14","","437","êVìÏí ñ{èB","","","007","S3809R","01","FD2447V","","CNY","","22.70","","","","","⁄≤∂›KTªﬁØ∏ÿ∑ºﬁ","","73","M","","0","","","800","0.00","","0.00","","","","","","","","","26-00039","","","","","",""
"2026/04/01","2026/07/14","","437","êVìÏí ñ{èB","","","007","S3809R","01","FD2447V","","CNY","","22.70","","","","","⁄≤∂›KTªﬁØ∏ÿ∑ºﬁ","","80","M","","0","","","800","0.00","","0.00","","","","","","","","","26-00039","","","","","",""
"2026/04/01","2026/07/14","","437","êVìÏí ñ{èB","","","007","S3809R","01","FD4509V","","CNY","","22.70","","","","","⁄≤∂›º€∏œÕﬂ›∑ﬁ›","","30","L","","0","","","800","0.00","","0.00","","","","","","","","","26-00039","","","","","",""
"2026/02/02","2026/04/21","","434","ìÏí à§å¨","","","007","S3810","01","FT2024A","","CNY","","22.70","","","","","HBÀÀﬁ‘∂¿ﬁ›¥Ãﬂ€›P LB","","11","M-L","","0","","","800","0.00","","0.00","","","","","","","","","26-00040","","","","","",""
"2026/02/02","2026/04/21","","434","ìÏí à§å¨","","","007","S3810","01","FT2024A","","CNY","","22.70","","","","","HBÀÀﬁ‘∂¿ﬁ›¥Ãﬂ€›P LB","","31","M-L","","0","","","800","0.00","","0.00","","","","","","","","","26-00040","","","","","",""
"2026/02/02","2026/04/21","","434","ìÏí à§å¨","","","007","S3810","01","FT2025A","","CNY","","22.70","","","","","HBÀÀﬁ‘∂¿ﬁ›¥Ãﬂ€›GR DB","","32","M-L","","0","","","800","0.00","","0.00","","","","","","","","","26-00040","","","","","",""
"2026/02/02","2026/04/21","","434","ìÏí à§å¨","","","007","S3810","01","FT2025A","","CNY","","22.70","","","","","HBÀÀﬁ‘∂¿ﬁ›¥Ãﬂ€›GR DB","","80","M-L","","0","","","800","0.00","","0.00","","","","","","","","","26-00040","","","","","",""
"2026/02/02","2026/04/21","","437","êVìÏí ñ{èB","","","007","S3811","01","FH2143V","","CNY","","22.70","","","","","HBÀÀﬁ‘∂¿ﬁ› ≈ ﬁ¿π ﬂ›¿€›","","11","M","","0","","","800","0.00","","0.00","","","","","","","","","26-00041","","","","","",""
"2026/02/02","2026/04/21","","437","êVìÏí ñ{èB","","","007","S3811","01","FH2143V","","CNY","","22.70","","","","","HBÀÀﬁ‘∂¿ﬁ› ≈ ﬁ¿π ﬂ›¿€›","","30","M","","0","","","800","0.00","","0.00","","","","","","","","","26-00041","","","","","",""
"2026/02/02","2026/04/21","","437","êVìÏí ñ{èB","","","007","S3811","01","FH2144V","","CNY","","22.70","","","","","HBÀÀﬁ‘∂¿ﬁ› ﬂ›¿€›","","32","M","","0","","","800","0.00","","0.00","","","","","","","","","26-00041","","","","","",""
"2026/02/02","2026/04/21","","437","êVìÏí ñ{èB","","","007","S3811","01","FH2144V","","CNY","","22.70","","","","","HBÀÀﬁ‘∂¿ﬁ› ﬂ›¿€›","","80","M","","0","","","800","0.00","","0.00","","","","","","","","","26-00041","","","","","",""
"2026/02/02","2026/04/22","","411","ìÏí ì°ìå","","","010","S3807","01","NF1036F","","CNY","","22.70","","","","","Ç©ÇÁÇæÇ…Ç¢ä‚","","80","00","","10","","","1600","18.30","","18.30","","","","","","","","","26-00042","","","","","",""
"2026/02/02","2026/04/22","","411","ìÏí ì°ìå","","","010","S3807","01","NF1036F","","CNY","","22.70","","","","","Ç©ÇÁÇæÇ…Ç¢ä‚","","90","00","","10","","","1200","18.30","","18.30","","","","","","","","","26-00042","","","","","",""
"2026/02/02","2026/04/22","","411","ìÏí ì°ìå","","","010","S3807","01","NF1529F","","CNY","","22.70","","","","","Ç©ÇÁÇæÇ…Ç¢ä‚","","80","00","","10","","","1000","18.80","","18.80","","","","","","","","","26-00042","","","","","",""
"2026/02/02","2026/04/22","","411","ìÏí ì°ìå","","","010","S3807","01","NF1529F","","CNY","","22.70","","","","","Ç©ÇÁÇæÇ…Ç¢ä‚","","90","00","","10","","","1200","18.80","","18.80","","","","","","","","","26-00042","","","","","",""
"2026/02/03","2026/04/29","","433","ìÏí å‹êØ","","","010","S3813","01","NE1051L","","US","","161.00","","","","","LC TTT2025","","11","M","","10","","","1000","34.83","","34.83","","","","","","","","","26-00043","","","","","",""
"2026/02/03","2026/04/29","","433","ìÏí å‹êØ","","","010","S3813","01","NE1051L","","US","","161.00","","","","","LC TTT2025","","11","M","","10","","","600","34.83","","34.83","","","","","","","","","26-00043","","","","","",""
"2026/02/03","2026/04/29","","433","ìÏí å‹êØ","","","010","S3813","01","NE1051L","","US","","161.00","","","","","LC TTT2025","","70","M","","10","","","800","34.83","","34.83","","","","","","","","","26-00043","","","","","",""
"2026/02/03","2026/04/29","","433","ìÏí å‹êØ","","","010","S3813","01","NE1051L","","US","","161.00","","","","","LC TTT2025","","70","M","","0","","","0","34.83","","34.83","","","","","","","","","26-00043","","","","","",""
"2026/02/03","2026/04/29","","433","ìÏí å‹êØ","","","010","S3813","01","NE1051L","","US","","161.00","","","","","LC TTT2025","","90","M","","10","","","1000","34.83","","34.83","","","","","","","","","26-00043","","","","","",""
"2026/02/03","2026/04/29","","433","ìÏí å‹êØ","","","010","S3813","01","NE1051L","","US","","161.00","","","","","LC TTT2025","","90","M","","10","","","400","34.83","","34.83","","","","","","","","","26-00043","","","","","",""
"2026/02/03","2026/04/29","","433","ìÏí å‹êØ","","","010","S3813","01","NE1051L","","US","","161.00","","","","","LC TTT2025","","21","M","","10","","","800","34.83","","34.83","","","","","","","","","26-00043","","","","","",""
"2026/02/03","2026/04/29","","433","ìÏí å‹êØ","","","010","S3813","01","NE1051L","","US","","161.00","","","","","LC TTT2025","","21","M","","0","","","0","34.83","","34.83","","","","","","","","","26-00043","","","","","",""
"2026/02/03","2026/04/29","","433","ìÏí å‹êØ","","","010","S3813","01","NE1051L","","US","","161.00","","","","","LC TTT2025","","50","L","","10","","","400","35.20","","35.20","","","","","","","","","26-00043","","","","","",""
"2026/02/03","2026/04/29","","433","ìÏí å‹êØ","","","010","S3813","01","NE1051L","","US","","161.00","","","","","LC TTT2025","","50","L","","10","","","400","35.20","","35.20","","","","","","","","","26-00043","","","","","",""
"2026/02/03","2026/04/29","","433","ìÏí å‹êØ","","","010","S3813","01","NE1051L","","US","","161.00","","","","","LC TTT2025","","81","L","","10","","","300","35.20","","35.20","","","","","","","","","26-00043","","","","","",""
"2026/02/03","2026/04/29","","433","ìÏí å‹êØ","","","010","S3813","01","NE1051L","","US","","161.00","","","","","LC TTT2025","","81","L","","10","","","300","35.20","","35.20","","","","","","","","","26-00043","","","","","",""
"2026/02/03","2026/04/29","","433","ìÏí å‹êØ","","","010","S3813","01","NE1051L","","US","","161.00","","","","","LC TTT2025","","90","L","","10","","","1400","35.20","","35.20","","","","","","","","","26-00043","","","","","",""
"2026/02/03","2026/04/29","","433","ìÏí å‹êØ","","","010","S3813","01","NE1051L","","US","","161.00","","","","","LC TTT2025","","90","L","","0","","","0","35.20","","35.20","","","","","","","","","26-00043","","","","","",""
"2026/02/03","2026/04/29","","433","ìÏí å‹êØ","","","010","S3813","01","NE1051L","","US","","161.00","","","","","LC TTT2025","","32","LL","","10","","","0","35.20","","35.20","","","","","","","","","26-00043","","","","","",""
"2026/02/03","2026/04/29","","433","ìÏí å‹êØ","","","010","S3813","01","NE1051L","","US","","161.00","","","","","LC TTT2025","","32","LL","","10","","","600","35.20","","35.20","","","","","","","","","26-00043","","","","","",""
"2026/02/03","2026/04/29","","433","ìÏí å‹êØ","","","010","S3813","01","NE1051L","","US","","161.00","","","","","LC TTT2025","","90","LL","","10","","","1200","35.20","","35.20","","","","","","","","","26-00043","","","","","",""
"2026/02/03","2026/04/29","","433","ìÏí å‹êØ","","","010","S3813","01","NE1051L","","US","","161.00","","","","","LC TTT2025","","90","LL","","0","","","0","35.20","","35.20","","","","","","","","","26-00043","","","","","",""
"2026/02/04","2026/04/23","","437","êVìÏí ñ{èB","","","017","S3814","01","FJ2085V","","CNY","","22.70","","","","","SK”›¡Ø¡Œø”ØÃﬂ","","62","M","","20","","","700","17.25","","17.25","","","","","","","","","26-00044","","","","","",""
"2026/02/04","2026/04/20","","411","ìÏí ì°ìå","","","017","S3815","01","EJ2113F","","CNY","","22.70","","","","","SK”›¡Ø¡Œø”ØÃﬂ","","10","M","","20","","","700","21.80","","21.80","","","","","","","","","26-00045","","","","","",""
"2026/02/05","2026/04/22","","437","êVìÏí ñ{èB","","","010","S3816","01","CD2006V","","CNY","","22.70","","","","","É\ÉgÉÄÉWHSEC","","80","M","","20","","","300","13.85","","13.85","","","","","","","","","26-00046","","","","","",""
"2026/02/05","2026/04/22","","437","êVìÏí ñ{èB","","","010","S3816","01","CD2006V","","CNY","","22.70","","","","","É\ÉgÉÄÉWHSEC","","90","L","","20","","","300","14.35","","14.35","","","","","","","","","26-00046","","","","","",""
"2026/02/05","2026/04/22","","437","êVìÏí ñ{èB","","","010","S3816","01","CD2006V","","CNY","","22.70","","","","","É\ÉgÉÄÉWHSEC","","62","M","","20","","","300","13.85","","13.85","","","","","","","","","26-00046","","","","","",""
"2026/02/06","2026/04/15","","437","êVìÏí ñ{èB","","","017","S3817","01","FE2034V","","CNY","","22.70","","","","","4KD∫›Ã´ƒ∞Ωƒ≥ª∑ﬁ","","21","M","","20","","","200","13.55","","13.55","","","","","","","","","26-00047","","","","","",""
"2026/02/06","2026/04/15","","437","êVìÏí ñ{èB","","","017","S3817","01","FE2530V","","CNY","","22.70","","","","","4KD∫›Ã´∂⁄∞ƒ◊","","32","L","","20","","","400","14.00","","14.00","","","","","","","","","26-00047","","","","","",""
"2026/02/06","2026/04/15","","181","ä¬ãÖË‹ã∆","","","017","S3818","01","FD2351H","","CNY","","22.70","","","","","4KDÅ@º ﬁµÿ»∞—","","32","L","","20","","","200","10.60","","10.60","","","","","","","","","26-00048","","","","","",""
"2026/02/06","2026/04/15","","181","ä¬ãÖË‹ã∆","","","017","S3818","01","FD2352H","","CNY","","22.70","","","","","4KDÅ@∑◊∑◊—ºﬁ","","80","M","","20","","","200","10.40","","10.40","","","","","","","","","26-00048","","","","","",""
"2026/02/06","2026/04/15","","181","ä¬ãÖË‹ã∆","","","017","S3818","01","FD2352H","","CNY","","22.70","","","","","4KDÅ@∑◊∑◊—ºﬁ","","90","L","","20","","","500","10.60","","10.60","","","","","","","","","26-00048","","","","","",""
"2026/02/06","2026/04/15","","181","ä¬ãÖË‹ã∆","","","017","S3818","01","FD2353H","","CNY","","22.70","","","","","4KDÅ@»∫¬“ƒ∑ﬁºº≠≥","","80","M","","20","","","600","10.40","","10.40","","","","","","","","","26-00048","","","","","",""
"2026/02/06","2026/04/15","","181","ä¬ãÖË‹ã∆","","","017","S3818","01","FD2356H","","CNY","","22.70","","","","","4KD»∫¬ÿ","","70","M","","20","","","400","10.60","","10.60","","","","","","","","","26-00048","","","","","",""
"2026/02/06","2026/04/15","","181","ä¬ãÖË‹ã∆","","","017","S3818","01","FD2666H","","CNY","","22.70","","","","","4KDÅ@¡¨≥¡¨≥ºº≠≥","","90","L","","20","","","600","10.60","","10.60","","","","","","","","","26-00048","","","","","",""
"2026/02/06","2026/04/15","","181","ä¬ãÖË‹ã∆","","","017","S3818","01","FD2667H","","CNY","","22.70","","","","","4KDÅ@ ﬂ›¿ﬁƒ≥”€∫ººº≠≥","","30","L","","20","","","300","10.60","","10.60","","","","","","","","","26-00048","","","","","",""
"2026/02/06","2026/04/15","","181","ä¬ãÖË‹ã∆","","","017","S3818","01","FD2669H","","CNY","","22.70","","","","","4KDº ﬁŒ»","","22","L","","20","","","300","10.60","","10.60","","","","","","","","","26-00048","","","","","",""
"2026/02/06","2026/04/15","","437","êVìÏí ñ{èB","","","017","S3819","01","FD2348V","","CNY","","22.70","","","","","4KD»∫»∞—OR BK","","73","M","","20","","","80","10.40","","10.40","","","","","","","","","26-00049","","","","","",""
"2026/02/06","2026/04/15","","437","êVìÏí ñ{èB","","","017","S3819","01","FD2348V","","CNY","","22.70","","","","","4KD»∫»∞—OR BK","","90","L","","20","","","80","10.60","","10.60","","","","","","","","","26-00049","","","","","",""
"2026/02/06","2026/04/15","","437","êVìÏí ñ{èB","","","017","S3819","01","FD2355V","","CNY","","22.70","","","","","4KD∏œµÿ»∞— BE B","","40","L","","25","","","50","10.60","","10.60","","","","","","","","","26-00049","","","","","",""
"2026/02/06","2026/04/15","","437","êVìÏí ñ{èB","","","017","S3819","01","FD2355V","","CNY","","22.70","","","","","4KD∏œµÿ»∞— BE B","","70","M","","25","","","50","10.40","","10.40","","","","","","","","","26-00049","","","","","",""
"2026/02/06","2026/04/15","","437","êVìÏí ñ{èB","","","017","S3819","01","FD2382V","","CNY","","22.70","","","","","4KD—ºﬁ»∞—","","30","L","","25","","","50","0.00","","0.00","","","","","","","","","26-00049","","","","","",""
"2026/02/06","2026/04/15","","437","êVìÏí ñ{èB","","","017","S3819","01","FD2382V","","CNY","","22.70","","","","","4KD—ºﬁ»∞—","","62","M","","25","","","50","0.00","","0.00","","","","","","","","","26-00049","","","","","",""
"2026/02/06","2026/04/15","","437","êVìÏí ñ{èB","","","017","S3819","01","FD2389V","","CNY","","22.70","","","","","4KD»∫µÃ€»∞—","","11","M","","25","","","50","0.00","","0.00","","","","","","","","","26-00049","","","","","",""
"2026/02/06","2026/04/15","","437","êVìÏí ñ{èB","","","017","S3819","01","FD2696V","","CNY","","22.70","","","","","4KD»∫µÃ€»∞—","","32","L","","25","","","50","0.00","","0.00","","","","","","","","","26-00049","","","","","",""
"2026/02/06","2026/04/15","","437","êVìÏí ñ{èB","","","017","S3819","01","FE2033V","","CNY","","22.70","","","","","4KD∫›Ã´¿≤‘∑»∫","","80","M","","25","","","50","12.90","","12.90","","","","","","","","","26-00049","","","","","",""
"2026/02/06","2026/04/15","","437","êVìÏí ñ{èB","","","017","S3819","01","FE2056V","","CNY","","22.70","","","","","√›»›—ºﬁ¿π","","73","M","","25","","","50","13.00","","13.00","","","","","","","","","26-00049","","","","","",""
"2026/02/06","2026/04/15","","437","êVìÏí ñ{èB","","","017","S3819","01","FE2056V","","CNY","","22.70","","","","","√›»›—ºﬁ¿π","","80","L","","25","","","50","13.00","","13.00","","","","","","","","","26-00049","","","","","",""
"2026/02/06","2026/04/15","","437","êVìÏí ñ{èB","","","017","S3819","01","FE2057V","","CNY","","22.70","","","","","√›»›Ω≤∂¿π","","20","M","","25","","","50","13.40","","13.40","","","","","","","","","26-00049","","","","","",""
"2026/02/06","2026/04/15","","437","êVìÏí ñ{èB","","","017","S3819","01","FE2061V","","CNY","","22.70","","","","","√›»›¡¨¿π∂ƒÿæ›∫≥»∞—","","22","L","","25","","","50","13.40","","13.40","","","","","","","","","26-00049","","","","","",""
"2026/02/06","2026/04/15","","437","êVìÏí ñ{èB","","","017","S3819","01","FE2061V","","CNY","","22.70","","","","","√›»›¡¨¿π∂ƒÿæ›∫≥»∞—","","70","M","","25","","","50","12.90","","12.90","","","","","","","","","26-00049","","","","","",""
"2026/02/06","2026/04/15","","437","êVìÏí ñ{èB","","","017","S3819","01","FE2529V","","CNY","","22.70","","","","","4KD∫›Ã´æ›Õﬁ≤∏œ","","82","L","","25","","","50","13.30","","13.30","","","","","","","","","26-00049","","","","","",""
"2026/02/06","2026/04/10","","181","ä¬ãÖË‹ã∆","","","007","S3820","01","FD2349H","","CNY","","22.70","","","","","4KD»∫ºº≠≥","","62","M","","25","","","50","10.40","","10.40","","","","","","","","","26-00051","","","","","",""
"2026/02/06","2026/04/10","","181","ä¬ãÖË‹ã∆","","","007","S3820","01","FD2351H","","CNY","","22.70","","","","","4KDÅ@º ﬁµÿ»∞—","","20","M","","25","","","50","10.40","","10.40","","","","","","","","","26-00051","","","","","",""
"2026/02/06","2026/04/10","","181","ä¬ãÖË‹ã∆","","","007","S3820","01","FD2351H","","CNY","","22.70","","","","","4KDÅ@º ﬁµÿ»∞—","","32","L","","25","","","50","10.60","","10.60","","","","","","","","","26-00051","","","","","",""
"2026/02/06","2026/04/10","","181","ä¬ãÖË‹ã∆","","","007","S3820","01","FD2353H","","CNY","","22.70","","","","","4KDÅ@»∫¬“ƒ∑ﬁºº≠≥","","80","M","","25","","","50","10.40","","10.40","","","","","","","","","26-00051","","","","","",""
"2026/02/06","2026/04/10","","181","ä¬ãÖË‹ã∆","","","007","S3820","01","FD2354H","","CNY","","22.70","","","","","4KDÅ@≤›∫µ⁄›ºﬁºº≠≥","","11","M","","25","","","50","10.40","","10.40","","","","","","","","","26-00051","","","","","",""
"2026/02/06","2026/04/10","","181","ä¬ãÖË‹ã∆","","","007","S3820","01","FD2375H","","CNY","","22.70","","","","","√›»›¡¨¿π»∫ºº≠≥","","62","M","","25","","","50","11.30","","11.30","","","","","","","","","26-00051","","","","","",""
"2026/02/06","2026/04/10","","181","ä¬ãÖË‹ã∆","","","007","S3820","01","FD2376H","","CNY","","22.70","","","","","√›»›¿¿–‹Ã≥∑ºﬁ","","10","M","","25","","","50","11.00","","11.00","","","","","","","","","26-00051","","","","","",""
"2026/02/06","2026/04/10","","181","ä¬ãÖË‹ã∆","","","007","S3820","01","FD2379H","","CNY","","22.70","","","","","√›»›¡¨¿π≤¡∫ﬁ»∞—","","11","M","","25","","","50","11.30","","11.30","","","","","","","","","26-00051","","","","","",""
"2026/02/06","2026/04/10","","181","ä¬ãÖË‹ã∆","","","007","S3820","01","FD2380H","","CNY","","22.70","","","","","4KDøƒ«≤π∞∑ºº≠≥","","62","M","","25","","","50","0.00","","0.00","","","","","","","","","26-00051","","","","","",""
"2026/02/06","2026/04/10","","181","ä¬ãÖË‹ã∆","","","007","S3820","01","FD2383H","","CNY","","22.70","","","","","4KD◊∞“›»∞—","","10","M","","25","","","50","0.00","","0.00","","","","","","","","","26-00051","","","","","",""
"2026/02/06","2026/04/10","","181","ä¬ãÖË‹ã∆","","","007","S3820","01","FD2384H","","CNY","","22.70","","","","","4KD¡›¡◊ø∞¿ﬁ","","62","M","","25","","","50","0.00","","0.00","","","","","","","","","26-00051","","","","","",""
"2026/02/06","2026/04/10","","181","ä¬ãÖË‹ã∆","","","007","S3820","01","FD2385H","","CNY","","22.70","","","","","4KDƒ◊»∫","","70","M","","25","","","50","0.00","","0.00","","","","","","","","","26-00051","","","","","",""
"2026/02/06","2026/04/10","","181","ä¬ãÖË‹ã∆","","","007","S3820","01","FD2666H","","CNY","","22.70","","","","","4KDÅ@¡¨≥¡¨≥ºº≠≥","","90","L","","25","","","50","10.60","","10.60","","","","","","","","","26-00051","","","","","",""
"2026/02/06","2026/04/10","","181","ä¬ãÖË‹ã∆","","","007","S3820","01","FD2667H","","CNY","","22.70","","","","","4KDÅ@ ﬂ›¿ﬁƒ≥”€∫ººº≠≥","","30","L","","25","","","50","10.60","","10.60","","","","","","","","","26-00051","","","","","",""
"2026/02/06","2026/04/10","","181","ä¬ãÖË‹ã∆","","","007","S3820","01","FD2668H","","CNY","","22.70","","","","","4KD∏œºº≠≥","","20","L","","25","","","50","10.60","","10.60","","","","","","","","","26-00051","","","","","",""
"2026/02/06","2026/04/10","","181","ä¬ãÖË‹ã∆","","","007","S3820","01","FD2677H","","CNY","","22.70","","","","","√›»›¡¨¿π≤«ºº≠≥","","40","L","","25","","","50","11.35","","11.35","","","","","","","","","26-00051","","","","","",""
"2026/02/06","2026/04/10","","181","ä¬ãÖË‹ã∆","","","007","S3820","01","FD2689H","","CNY","","22.70","","","","","√›»›¡¨¿π≥ºﬁ∑›ƒ∑»∞—","","20","L","","25","","","50","11.35","","11.35","","","","","","","","","26-00051","","","","","",""
"2026/02/06","2026/04/10","","181","ä¬ãÖË‹ã∆","","","007","S3820","01","FD2690H","","CNY","","22.70","","","","","4KDøƒ«≤Œﬂ√ƒ¡ØÃﬂΩºº≠≥","","90","L","","25","","","50","0.00","","0.00","","","","","","","","","26-00051","","","","","",""
"2026/02/06","2026/04/10","","181","ä¬ãÖË‹ã∆","","","007","S3820","01","FD2691H","","CNY","","22.70","","","","","4KD∑ﬁÆ≥ªﬁ»∞—","","62","L","","25","","","50","0.00","","0.00","","","","","","","","","26-00051","","","","","",""
"2026/02/06","2026/04/10","","181","ä¬ãÖË‹ã∆","","","007","S3820","01","FD2694H","","CNY","","22.70","","","","","4KDº ﬁ≤«","","20","L","","25","","","50","0.00","","0.00","","","","","","","","","26-00051","","","","","",""
"2026/02/06","2026/04/10","","105","ã‡êX","","","007","S3821","01","FD2395W","","CNY","","22.70","","","","","√›»›¡¨¿π∑Œﬁÿ»∫","","30","M","","25","","","50","0.00","","0.00","","","","","","","","","26-00052","","","","","",""
"2026/02/06","2026/04/10","","105","ã‡êX","","","007","S3821","01","FD2699W","","CNY","","22.70","","","","","√›»›¡¨¿π∑Œﬁÿ∏œ","","90","L","","25","","","50","0.00","","0.00","","","","","","","","","26-00052","","","","","",""
"2026/02/06","2026/04/10","","105","ã‡êX","","","007","S3821","01","FE2076W","","CNY","","22.70","","","","","√›»›¡¨¿π‹Ã≥—ºﬁ","","62","M","","25","","","50","0.00","","0.00","","","","","","","","","26-00052","","","","","",""
"2026/02/06","2026/04/10","","105","ã‡êX","","","007","S3821","01","FE2076W","","CNY","","22.70","","","","","√›»›¡¨¿π‹Ã≥—ºﬁ","","82","L","","25","","","50","0.00","","0.00","","","","","","","","","26-00052","","","","","",""
"2026/02/10","2026/04/24","","437","êVìÏí ñ{èB","","","017","S3822R","01","FE2547V","","CNY","","22.70","","","","","SR ›∑ﬁÆƒﬁ›“›Ωﬁ∫›Ã´∞ƒ","","30","L","","20","","","500","20.45","","20.45","","","","","","","","","26-00053","","","","","",""
"2026/02/10","2026/04/24","","437","êVìÏí ñ{èB","","","017","S3822R","01","FJ2533V","","CNY","","22.70","","","","","SRπ€π€π€ØÀﬂG","","20","L","","20","","","500","18.45","","18.45","","","","","","","","","26-00053","","","","","",""
"2026/02/10","2026/05/14","","437","êVìÏí ñ{èB","","","017","S3823","01","EH3101V","","CNY","","22.70","","","","","BO ◊∏ﬁ±≥ƒÃÿŸ ﬂ›¿€›","","80","M","","20","","","400","18.20","","18.20","","","","","","","","","26-00054","","","","","",""
"2026/02/10","2026/05/14","","437","êVìÏí ñ{èB","","","017","S3823","01","EJ2115V","","CNY","","22.70","","","","","KE ∫Àﬁƒ¬ﬁ∂›Œø”ØÃﬂ","","70","M","","20","","","500","17.50","","17.50","","","","","","","","","26-00054","","","","","",""
"2026/02/10","2026/05/14","","437","êVìÏí ñ{èB","","","017","S3823","01","FH2109V","","CNY","","22.70","","","","","BO ◊∏ﬁ±≥ƒ¬≤∞ƒﬁÃÿŸ ﬂ›¿","","90","M","","20","","","500","17.80","","17.80","","","","","","","","","26-00054","","","","","",""
"2026/02/10","2026/05/14","","437","êVìÏí ñ{èB","","","017","S3823","01","FJ2086V","","CNY","","22.70","","","","","SB º›¡¨›‹∆‘œª›","","20","M","","20","","","600","18.20","","18.20","","","","","","","","","26-00054","","","","","",""
"2026/02/12","2026/04/24","","434","ìÏí à§å¨","","","017","S3824","01","CT2058A","","CNY","","22.70","","","","","KA ﬂ›ƒﬁ€Œﬁ≥Å@Ωƒ◊≤Ãﬂ¥Ãﬂ€›","","30","M-L","","50","","","300","34.50","","34.50","","","","","","","","","26-00055","","","","","",""
"2026/02/25","2026/05/07","","437","êVìÏí ñ{èB","","","017","S3830","01","EH2087V","","CNY","","22.70","","","","","SK ”›¡Ø¡“Øº≠","","10","M","","20","","","600","20.70","","20.70","","","","","","","","","26-00056","","","","","",""
"2026/02/25","2026/05/07","","437","êVìÏí ñ{èB","","","017","S3830","01","EJ2112V","","CNY","","22.70","","","","","SR ﬂ√®±›ƒﬁºﬁ–∞Œø”ØÃﬂ","","30","M","","20","","","500","17.75","","17.75","","","","","","","","","26-00056","","","","","",""
"2026/02/25","2026/05/07","","437","êVìÏí ñ{èB","","","017","S3830","01","FD2359V","","CNY","","22.70","","","","","º≠≈≥ªﬁ∞Œø”ØÃﬂ","","80","M","","20","","","400","18.10","","18.10","","","","","","","","","26-00056","","","","","",""
"2026/02/24","2026/04/22","","411","ìÏí ì°ìå","","","017","S3825","01","FA2520F","","CNY","","22.70","","","","","DS Ωﬁ∞ƒÀﬂ±ƒ≤⁄ΩÿØ ﬂG","","20","L","","20","","","500","17.60","","17.60","","","","","","","","","26-00057","","","","","",""
"2026/02/24","2026/04/22","","411","ìÏí ì°ìå","","","017","S3825","01","FA2521F","","CNY","","22.70","","","","","DS Ωﬁ∞ƒÀﬂ±ƒ≤⁄ΩÿØ ﬂB","","30","L","","20","","","500","17.60","","17.60","","","","","","","","","26-00057","","","","","",""
"2026/02/24","2026/05/07","","105","ã‡êX","","","017","S3827","01","FD2455W","","CNY","","22.70","","","",""," Ø ﬂÅ@¿π","","31","M","","0","","","380","0.00","","0.00","","","","","","","","","26-00058","","","","","",""
"2026/02/24","2026/05/07","","105","ã‡êX","","","017","S3827","01","FD2456W","","CNY","","22.70","","","",""," ≤ÀﬁΩ∂ΩÅ@¿π","","20","M","","0","","","380","0.00","","0.00","","","","","","","","","26-00058","","","","","",""
"2026/02/24","2026/05/07","","105","ã‡êX","","","017","S3827","01","FD2457W","","CNY","","22.70","","","","","ƒÿÅ@¿π","","80","M","","0","","","380","0.00","","0.00","","","","","","","","","26-00058","","","","","",""
"2026/02/24","2026/05/07","","105","ã‡êX","","","017","S3827","01","FD2458W","","CNY","","22.70","","","","","œŸ‹∂ﬁ◊Å@¿π","","10","M","","0","","","380","0.00","","0.00","","","","","","","","","26-00058","","","","","",""
"2026/02/24","2026/05/07","","105","ã‡êX","","","017","S3827","01","FD2458W","","CNY","","22.70","","","","","œŸ‹∂ﬁ◊Å@¿π","","32","L","","0","","","380","0.00","","0.00","","","","","","","","","26-00058","","","","","",""
"2026/02/24","2026/05/27","","411","ìÏí ì°ìå","","","010","S3826","01","NF1036F","","CNY","","22.70","","","","","Ç©ÇÁÇæÇ…Ç¢ä‚","","80","00","","10","","","2000","18.30","","18.30","","","","","","","","","26-00059","","","","","",""
"2026/02/24","2026/05/27","","411","ìÏí ì°ìå","","","010","S3826","01","NF1036F","","CNY","","22.70","","","","","Ç©ÇÁÇæÇ…Ç¢ä‚","","90","00","","10","","","1500","18.30","","18.30","","","","","","","","","26-00059","","","","","",""
"2026/02/24","2026/05/27","","411","ìÏí ì°ìå","","","010","S3826","01","NF1529F","","CNY","","22.70","","","","","Ç©ÇÁÇæÇ…Ç¢ä‚","","80","00","","10","","","1250","18.80","","18.80","","","","","","","","","26-00059","","","","","",""
"2026/02/24","2026/05/27","","411","ìÏí ì°ìå","","","010","S3826","01","NF1529F","","CNY","","22.70","","","","","Ç©ÇÁÇæÇ…Ç¢ä‚","","90","00","","10","","","1500","18.80","","18.80","","","","","","","","","26-00059","","","","","",""
"2026/02/25","2026/05/21","","437","êVìÏí ñ{èB","","","017","S3828","01","FD2442V","","CNY","","22.70","","","","","⁄≤∂›Õﬂ›∑ﬁ›±≤Ω","","30","M","","20","","","200","0.00","","0.00","","","","","","","","","26-00060","","","","","",""
"2026/02/25","2026/05/21","","437","êVìÏí ñ{èB","","","017","S3828","01","FD2443V","","CNY","","22.70","","","","","⁄≤∂›“›¿ﬁ∫ª∂≈","","32","M","","20","","","200","0.00","","0.00","","","","","","","","","26-00060","","","","","",""
"2026/02/25","2026/05/21","","437","êVìÏí ñ{èB","","","017","S3828","01","FD2444V","","CNY","","22.70","","","","","⁄≤∂›KT∏◊πﬁ","","31","M","","20","","","200","0.00","","0.00","","","","","","","","","26-00060","","","","","",""
"2026/02/25","2026/05/21","","437","êVìÏí ñ{èB","","","017","S3828","01","FD2445V","","CNY","","22.70","","","","","⁄≤∂›KT∂∆","","73","M","","20","","","200","0.00","","0.00","","","","","","","","","26-00060","","","","","",""
"2026/02/25","2026/05/21","","437","êVìÏí ñ{èB","","","017","S3828","01","FD2450V","","CNY","","22.70","","","","","⁄≤∂›∂∑∫ﬁµÿëçïø","","50","M","","20","","","200","0.00","","0.00","","","","","","","","","26-00060","","","","","",""
"2026/02/25","2026/05/21","","437","êVìÏí ñ{èB","","","017","S3828","01","FD2451V","","CNY","","22.70","","","","","⁄≤∂›âƒñÏçÿëçïø","","31","M","","20","","","200","0.00","","0.00","","","","","","","","","26-00060","","","","","",""
"2026/02/25","2026/05/21","","437","êVìÏí ñ{èB","","","017","S3828","01","FD2452V","","CNY","","22.70","","","","","⁄≤∂›º ﬁå¢ëçïø","","73","M","","20","","","200","0.00","","0.00","","","","","","","","","26-00060","","","","","",""
"2026/02/25","2026/05/21","","437","êVìÏí ñ{èB","","","017","S3828","01","FD2453V","","CNY","","22.70","","","","","⁄≤∂›º≠≈≥ªﬁ∞ëçïø","","11","M","","20","","","200","0.00","","0.00","","","","","","","","","26-00060","","","","","",""
"2026/02/25","2026/05/21","","437","êVìÏí ñ{èB","","","017","S3828","01","FD2453V","","CNY","","22.70","","","","","⁄≤∂›º≠≈≥ªﬁ∞ëçïø","","32","L","","20","","","200","0.00","","0.00","","","","","","","","","26-00060","","","","","",""
"2026/02/25","2026/05/21","","437","êVìÏí ñ{èB","","","017","S3828","01","FD4508V","","CNY","","22.70","","","","","⁄≤∂›±ªﬁ◊º","","80","L","","20","","","200","0.00","","0.00","","","","","","","","","26-00060","","","","","",""
"2026/02/25","2026/06/05","","105","ã‡êX","","","017","S3829","01","FD2459W","","CNY","","22.70","","","","","≤∂ÿ¿π","","81","M","","0","","","380","0.00","","0.00","","","","","","","","","26-00061","","","","","",""
"2026/02/25","2026/06/05","","105","ã‡êX","","","017","S3829","01","FD2460W","","CNY","","22.70","","","","","Œ∏µ≥Ã≥ ≈¿π","","32","M","","0","","","380","0.00","","0.00","","","","","","","","","26-00061","","","","","",""
"2026/02/25","2026/06/05","","105","ã‡êX","","","017","S3829","01","FD2461W","","CNY","","22.70","","","","","ƒﬁØƒ¿π","","70","M","","0","","","380","0.00","","0.00","","","","","","","","","26-00061","","","","","",""
"2026/02/25","2026/06/05","","105","ã‡êX","","","017","S3829","01","FD2462W","","CNY","","22.70","","","","","Œ«¿π","","20","M","","0","","","380","0.00","","0.00","","","","","","","","","26-00061","","","","","",""
"2026/02/25","2026/06/05","","105","ã‡êX","","","017","S3829","01","FD4510W","","CNY","","22.70","","","",""," ﬂ≤≈ØÃﬂŸ¿π","","30","L","","0","","","380","0.00","","0.00","","","","","","","","","26-00061","","","","","",""
"2026/02/25","2026/07/03","","105","ã‡êX","","","017","S3831","01","FD2464W","","CNY","","22.70","","","","","¿πGR","","80","M","","0","","","380","0.00","","0.00","","","","","","","","","26-00062","","","","","",""
"2026/02/25","2026/07/03","","105","ã‡êX","","","017","S3831","01","FD2465W","","CNY","","22.70","","","","","¿πOR","","73","M","","0","","","380","0.00","","0.00","","","","","","","","","26-00062","","","","","",""
"2026/02/25","2026/07/03","","105","ã‡êX","","","017","S3831","01","FD2466W","","CNY","","22.70","","","","","»∫¿π","","90","M","","0","","","380","0.00","","0.00","","","","","","","","","26-00062","","","","","",""
"2026/02/25","2026/07/03","","105","ã‡êX","","","017","S3831","01","FD2468W","","CNY","","22.70","","","","","≈›∫ﬁ∏¿π","","61","M","","0","","","380","0.00","","0.00","","","","","","","","","26-00062","","","","","",""
"2026/02/25","2026/07/03","","105","ã‡êX","","","017","S3831","01","FD4511W","","CNY","","22.70","","","",""," ≈Àﬁ¿π","","32","L","","0","","","380","0.00","","0.00","","","","","","","","","26-00062","","","","","",""
"2026/02/25","2026/05/27","","406","ìÏí üèèπ","","","010","S3832","01","NE1052G","","CNY","","22.70","","","","","LC fit it BASIC","","40","M","","10","","","500","41.45","","41.45","","","","","","","","","26-00063","","","","","",""
"2026/02/25","2026/05/27","","406","ìÏí üèèπ","","","010","S3832","01","NE1052G","","CNY","","22.70","","","","","LC fit it BASIC","","40","M","","0","","","0","41.45","","41.45","","","","","","","","","26-00063","","","","","",""
"2026/02/25","2026/05/27","","406","ìÏí üèèπ","","","010","S3832","01","NE1052G","","CNY","","22.70","","","","","LC fit it BASIC","","40","L","","10","","","500","41.45","","41.45","","","","","","","","","26-00063","","","","","",""
"2026/02/25","2026/05/27","","406","ìÏí üèèπ","","","010","S3832","01","NE1052G","","CNY","","22.70","","","","","LC fit it BASIC","","40","L","","0","","","0","41.45","","41.45","","","","","","","","","26-00063","","","","","",""
"2026/02/25","2026/05/27","","406","ìÏí üèèπ","","","010","S3832","01","NE1052G","","CNY","","22.70","","","","","LC fit it BASIC","","61","M","","10","","","500","41.45","","41.45","","","","","","","","","26-00063","","","","","",""
"2026/02/25","2026/05/27","","406","ìÏí üèèπ","","","010","S3832","01","NE1052G","","CNY","","22.70","","","","","LC fit it BASIC","","61","M","","0","","","0","41.45","","41.45","","","","","","","","","26-00063","","","","","",""
"2026/02/25","2026/05/27","","406","ìÏí üèèπ","","","010","S3832","01","NE1052G","","CNY","","22.70","","","","","LC fit it BASIC","","61","L","","10","","","500","41.45","","41.45","","","","","","","","","26-00063","","","","","",""
"2026/02/25","2026/05/27","","406","ìÏí üèèπ","","","010","S3832","01","NE1052G","","CNY","","22.70","","","","","LC fit it BASIC","","61","L","","0","","","0","41.45","","41.45","","","","","","","","","26-00063","","","","","",""
"2026/02/25","2026/05/27","","406","ìÏí üèèπ","","","010","S3832","01","NE1052G","","CNY","","22.70","","","","","LC fit it BASIC","","62","M","","10","","","500","41.45","","41.45","","","","","","","","","26-00063","","","","","",""
"2026/02/25","2026/05/27","","406","ìÏí üèèπ","","","010","S3832","01","NE1052G","","CNY","","22.70","","","","","LC fit it BASIC","","62","M","","0","","","0","41.45","","41.45","","","","","","","","","26-00063","","","","","",""
"2026/02/25","2026/05/27","","406","ìÏí üèèπ","","","010","S3832","01","NE1052G","","CNY","","22.70","","","","","LC fit it BASIC","","62","L","","10","","","500","41.45","","41.45","","","","","","","","","26-00063","","","","","",""
"2026/02/25","2026/05/27","","406","ìÏí üèèπ","","","010","S3832","01","NE1052G","","CNY","","22.70","","","","","LC fit it BASIC","","62","L","","0","","","0","41.45","","41.45","","","","","","","","","26-00063","","","","","",""
"2026/02/25","2026/05/27","","406","ìÏí üèèπ","","","010","S3832","01","NE1052G","","CNY","","22.70","","","","","LC fit it BASIC","","62","M2","","20","","","180","41.45","","41.45","","","","","","","","","26-00063","","","","","",""
"2026/02/25","2026/05/27","","406","ìÏí üèèπ","","","010","S3832","01","NE1052G","","CNY","","22.70","","","","","LC fit it BASIC","","62","M2","","0","","","0","41.45","","41.45","","","","","","","","","26-00063","","","","","",""
"2026/02/25","2026/05/27","","406","ìÏí üèèπ","","","010","S3832","01","NE1052G","","CNY","","22.70","","","","","LC fit it BASIC","","62","L2","","20","","","100","41.45","","41.45","","","","","","","","","26-00063","","","","","",""
"2026/02/25","2026/05/27","","406","ìÏí üèèπ","","","010","S3832","01","NE1052G","","CNY","","22.70","","","","","LC fit it BASIC","","62","L2","","0","","","0","41.45","","41.45","","","","","","","","","26-00063","","","","","",""
"2026/02/25","2026/05/27","","406","ìÏí üèèπ","","","010","S3832","01","NE1052G","","CNY","","22.70","","","","","LC fit it BASIC","","80","M","","10","","","300","41.45","","41.45","","","","","","","","","26-00063","","","","","",""
"2026/02/25","2026/05/27","","406","ìÏí üèèπ","","","010","S3832","01","NE1052G","","CNY","","22.70","","","","","LC fit it BASIC","","80","M","","0","","","0","41.45","","41.45","","","","","","","","","26-00063","","","","","",""
"2026/02/25","2026/05/27","","406","ìÏí üèèπ","","","010","S3832","01","NE1052G","","CNY","","22.70","","","","","LC fit it BASIC","","80","L","","10","","","300","41.45","","41.45","","","","","","","","","26-00063","","","","","",""
"2026/02/25","2026/05/27","","406","ìÏí üèèπ","","","010","S3832","01","NE1052G","","CNY","","22.70","","","","","LC fit it BASIC","","80","L","","0","","","0","41.45","","41.45","","","","","","","","","26-00063","","","","","",""
"2026/02/25","2026/05/27","","406","ìÏí üèèπ","","","010","S3832","01","NE1052G","","CNY","","22.70","","","","","LC fit it BASIC","","80","M2","","20","","","200","41.45","","41.45","","","","","","","","","26-00063","","","","","",""
"2026/02/25","2026/05/27","","406","ìÏí üèèπ","","","010","S3832","01","NE1052G","","CNY","","22.70","","","","","LC fit it BASIC","","80","M2","","0","","","0","41.45","","41.45","","","","","","","","","26-00063","","","","","",""
"2026/02/25","2026/05/27","","406","ìÏí üèèπ","","","010","S3832","01","NE1052G","","CNY","","22.70","","","","","LC fit it BASIC","","80","L2","","20","","","100","41.45","","41.45","","","","","","","","","26-00063","","","","","",""
"2026/02/25","2026/05/27","","406","ìÏí üèèπ","","","010","S3832","01","NE1052G","","CNY","","22.70","","","","","LC fit it BASIC","","80","L2","","0","","","0","41.45","","41.45","","","","","","","","","26-00063","","","","","",""
"2026/02/25","2026/05/27","","406","ìÏí üèèπ","","","010","S3832","01","NE1053G","","CNY","","22.70","","","","","LC fit it CLASSIC","","40","LL","","10","","","200","41.45","","41.45","","","","","","","","","26-00063","","","","","",""
"2026/02/25","2026/05/27","","406","ìÏí üèèπ","","","010","S3832","01","NE1053G","","CNY","","22.70","","","","","LC fit it CLASSIC","","40","LL","","0","","","0","41.45","","41.45","","","","","","","","","26-00063","","","","","",""
"2026/02/25","2026/05/27","","406","ìÏí üèèπ","","","010","S3832","01","NE1053G","","CNY","","22.70","","","","","LC fit it CLASSIC","","40","M2","","20","","","200","41.45","","41.45","","","","","","","","","26-00063","","","","","",""
"2026/02/25","2026/05/27","","406","ìÏí üèèπ","","","010","S3832","01","NE1053G","","CNY","","22.70","","","","","LC fit it CLASSIC","","40","M2","","0","","","0","41.45","","41.45","","","","","","","","","26-00063","","","","","",""
"2026/02/25","2026/05/27","","406","ìÏí üèèπ","","","010","S3832","01","NE1053G","","CNY","","22.70","","","","","LC fit it CLASSIC","","40","L2","","20","","","200","41.45","","41.45","","","","","","","","","26-00063","","","","","",""
"2026/02/25","2026/05/27","","406","ìÏí üèèπ","","","010","S3832","01","NE1053G","","CNY","","22.70","","","","","LC fit it CLASSIC","","40","L2","","0","","","0","41.45","","41.45","","","","","","","","","26-00063","","","","","",""
"2026/02/25","2026/05/27","","406","ìÏí üèèπ","","","010","S3832","01","NE1053G","","CNY","","22.70","","","","","LC fit it CLASSIC","","90","LL","","10","","","200","41.45","","41.45","","","","","","","","","26-00063","","","","","",""
"2026/02/25","2026/05/27","","406","ìÏí üèèπ","","","010","S3832","01","NE1053G","","CNY","","22.70","","","","","LC fit it CLASSIC","","90","LL","","0","","","0","41.45","","41.45","","","","","","","","","26-00063","","","","","",""
"2026/02/25","2026/05/27","","406","ìÏí üèèπ","","","010","S3832","01","NE1053G","","CNY","","22.70","","","","","LC fit it CLASSIC","","90","M2","","20","","","200","41.45","","41.45","","","","","","","","","26-00063","","","","","",""
"2026/02/25","2026/05/27","","406","ìÏí üèèπ","","","010","S3832","01","NE1053G","","CNY","","22.70","","","","","LC fit it CLASSIC","","90","M2","","0","","","0","41.45","","41.45","","","","","","","","","26-00063","","","","","",""
"2026/02/25","2026/05/27","","406","ìÏí üèèπ","","","010","S3832","01","NE1053G","","CNY","","22.70","","","","","LC fit it CLASSIC","","90","L2","","20","","","200","41.45","","41.45","","","","","","","","","26-00063","","","","","",""
"2026/02/25","2026/05/27","","406","ìÏí üèèπ","","","010","S3832","01","NE1053G","","CNY","","22.70","","","","","LC fit it CLASSIC","","90","L2","","0","","","0","41.45","","41.45","","","","","","","","","26-00063","","","","","",""
"2026/02/26","2026/07/20","","437","êVìÏí ñ{èB","","","007","S3833","01","FH2153V","","CNY","","22.70","","","","","3E±∞¡ ﬂ›¿ ﬂ›¿ﬁ","","60","M","","0","","","1450","0.00","","0.00","","","","","","","","","26-00064","","","","","",""
"2026/02/26","2026/07/20","","437","êVìÏí ñ{èB","","","007","S3833","01","FH2154V","","CNY","","22.70","","","","","¬Œﬁµº»∫∂µ","","80","M","","0","","","1450","0.00","","0.00","","","","","","","","","26-00064","","","","","",""
"2026/02/26","2026/07/20","","437","êVìÏí ñ{èB","","","007","S3833","01","FH2157V","","CNY","","22.70","","","","","3E±∞¡ ﬂ›¿—ºﬁ","","90","M","","0","","","1450","0.00","","0.00","","","","","","","","","26-00064","","","","","",""
"2026/02/26","2026/07/21","","437","êVìÏí ñ{èB","","","017","S3834","01","FH2153V","","CNY","","22.70","","","","","3E±∞¡ ﬂ›¿ ﬂ›¿ﬁ","","60","M","","0","","","1050","0.00","","0.00","","","","","","","","","26-00065","","","","","",""
"2026/02/26","2026/07/21","","437","êVìÏí ñ{èB","","","017","S3834","01","FH2154V","","CNY","","22.70","","","","","¬Œﬁµº»∫∂µ","","80","M","","0","","","1050","0.00","","0.00","","","","","","","","","26-00065","","","","","",""
"2026/02/26","2026/05/21","","437","êVìÏí ñ{èB","","","017","S3835","01","FH2149V","","CNY","","22.70","","","","","SR À‘π∑√®≥∑‹“Øº≠ ﬂ›¿","","62","M","","20","","","600","19.65","","19.65","","","","","","","","","26-00066","","","","","",""
"2026/02/26","2026/05/21","","437","êVìÏí ñ{èB","","","990","S3835","01","FH2149V","","CNY","","22.70","","","","","SR À‘π∑√®≥∑‹“Øº≠ ﬂ›¿","","62","M","","0","","","0","19.65","","19.65","","","","","","","","","26-00066","","","","","",""
"2026/02/26","2026/05/21","","437","êVìÏí ñ{èB","","","017","S3835","01","FH2150V","","CNY","","22.70","","","","","SR À‘π∑√®ª›∏ﬁ◊Ω“Øº≠ ﬂ›¿","","90","M","","0","","","750","19.25","","19.25","","","","","","","","","26-00066","","","","","",""
"2026/02/26","2026/05/21","","437","êVìÏí ñ{èB","","","990","S3835","01","FH2150V","","CNY","","22.70","","","","","SR À‘π∑√®ª›∏ﬁ◊Ω“Øº≠ ﬂ›¿","","90","M","","0","","","0","19.25","","19.25","","","","","","","","","26-00066","","","","","",""
"2026/02/26","2026/05/21","","437","êVìÏí ñ{èB","","","017","S3835","01","FH2151V","","CNY","","22.70","","","","","SX”…∏€ÿ◊Ø∏œ","","80","M","","20","","","500","16.35","","16.35","","","","","","","","","26-00066","","","","","",""
"2026/02/26","2026/05/21","","437","êVìÏí ñ{èB","","","990","S3835","01","FH2151V","","CNY","","22.70","","","","","SX”…∏€ÿ◊Ø∏œ","","80","M","","0","","","3","16.35","","16.35","","","","","","","","","26-00066","","","","","",""
"2026/02/26","2026/05/21","","437","êVìÏí ñ{èB","","","017","S3835","01","FH2152V","","CNY","","22.70","","","","","SX”…∏€∫ÿ◊Ø∏œ","","90","M","","20","","","500","16.35","","16.35","","","","","","","","","26-00066","","","","","",""
"2026/02/26","2026/05/21","","437","êVìÏí ñ{èB","","","990","S3835","01","FH2152V","","CNY","","22.70","","","","","SX”…∏€∫ÿ◊Ø∏œ","","90","M","","0","","","3","16.35","","16.35","","","","","","","","","26-00066","","","","","",""
"2026/02/26","2026/05/27","","437","êVìÏí ñ{èB","","","017","S3836","01","FE2548V","","CNY","","22.70","","","","","SRŒﬂ—Œﬂ—Ãﬂÿ›“Øº≠DB","","32","L","","20","","","500","20.35","","20.35","","","","","","","","","26-00067","","","","","",""
"2026/02/26","2026/05/27","","437","êVìÏí ñ{èB","","","017","S3836","01","FE2549V","","CNY","","22.70","","","","","SRŒﬂ—Œﬂ—Ãﬂÿ›“Øº≠Y","","70","L","","20","","","500","20.35","","20.35","","","","","","","","","26-00067","","","","","",""
"2026/02/26","2026/05/27","","437","êVìÏí ñ{èB","","","017","S3836","01","FH2147V","","CNY","","22.70","","","","","SR æﬁÃﬁ◊∑√®“Øº≠ ﬂ›¿","","90","M","","20","","","600","18.25","","18.25","","","","","","","","","26-00067","","","","","",""
"2026/02/26","2026/05/27","","437","êVìÏí ñ{èB","","","017","S3836","01","FH2148V","","CNY","","22.70","","","","","SR ÀÆ≥∑√®“Øº≠ ﬂ›¿","","11","M","","0","","","750","18.45","","18.45","","","","","","","","","26-00067","","","","","",""
"2026/02/26","2026/05/27","","437","êVìÏí ñ{èB","","","017","S3836","01","FH2155V","","CNY","","22.70","","","","","SR Œﬂ—Œﬂ—Ãﬂÿ›Ω≤∞¬ ﬂ›¿","","70","M","","20","","","500","18.05","","18.05","","","","","","","","","26-00067","","","","","",""
"2026/02/26","2026/05/27","","437","êVìÏí ñ{èB","","","017","S3836","01","FH2156V","","CNY","","22.70","","","","","SR Œﬂ—Œﬂ—Ãﬂÿ›Ω≤∞¬ ﬂ›¿","","73","M","","20","","","500","18.05","","18.05","","","","","","","","","26-00067","","","","","",""
"2026/02/26","2026/03/09","","801","áä◊Ø∑∞éYã∆","","","717","","01","FD2377R","","US","","161.00","","","","","∂ﬁ◊Å@¿¿–","","11","M","","30","","","1320","710.00","","","","","","","","","","","26-00069","","","","","",""
"2026/02/26","2026/03/09","","801","áä◊Ø∑∞éYã∆","","","717","","01","FD2378R","","US","","161.00","","","","","—ºﬁÅ@¿¿–","","20","M","","30","","","1410","710.00","","","","","","","","","","","26-00069","","","","","",""
"2026/02/26","2026/03/09","","801","áä◊Ø∑∞éYã∆","","","717","","01","FD2679R","","US","","161.00","","","","","ººﬁ◊Å@Å@¿¿–","","30","L","","30","","","1500","765.00","","","","","","","","","","","26-00069","","","","","",""
"2026/02/26","2026/03/09","","801","áä◊Ø∑∞éYã∆","","","717","","01","FD2680R","","US","","161.00","","","","","∂ﬁ◊Å@¿¿–","","90","L","","30","","","1500","765.00","","","","","","","","","","","26-00069","","","","","",""
"2026/02/26","2026/03/09","","801","áä◊Ø∑∞éYã∆","","","717","","01","FD2681R","","US","","161.00","","","","","∂ﬁ◊Å@¿¿–","","90","LL","","30","","","1800","835.00","","","","","","","","","","","26-00069","","","","","",""
"2026/02/26","2026/03/09","","801","áä◊Ø∑∞éYã∆","","","717","","01","FD2682R","","US","","161.00","","","","","∂ﬁ◊Å@¿¿–","","90","LL","","30","","","1620","835.00","","","","","","","","","","","26-00069","","","","","",""
"2026/02/26","2026/03/09","","801","áä◊Ø∑∞éYã∆","","","717","","01","FD2683R","","US","","161.00","","","","","∂ﬁ◊Å@¿¿–","","32","LL","","30","","","1920","810.00","","","","","","","","","","","26-00069","","","","","",""
"2026/02/26","2026/03/09","","801","áä◊Ø∑∞éYã∆","","","717","","01","FD2684R","","US","","161.00","","","","","∂ﬁ◊Å@¿¿–","","80","LL","","30","","","1710","835.00","","","","","","","","","","","26-00069","","","","","",""
"2026/03/02","2026/05/08","","801","áä◊Ø∑∞éYã∆","","","717","","01","FD2373R","","US","","161.00","","","","","—ºﬁÅ@Å@¿¿–","","10","M","","30","","","1200","710.00","","","","","","","","","","","26-00070","","","","","",""
"2026/03/02","2026/05/08","","801","áä◊Ø∑∞éYã∆","","","717","","01","FD2374R","","US","","161.00","","","","","ƒﬁØƒÅ@¿¿–","","62","M","","30","","","1200","710.00","","","","","","","","","","","26-00070","","","","","",""
"2026/03/02","2026/05/08","","801","áä◊Ø∑∞éYã∆","","","717","","01","FD2671R","","US","","161.00","","","","","—ºﬁÅ@Å@¿¿–","","90","L","","30","","","1410","765.00","","","","","","","","","","","26-00070","","","","","",""
"2026/03/02","2026/05/08","","801","áä◊Ø∑∞éYã∆","","","717","","01","FD2672R","","US","","161.00","","","","","ºŒﬁÿÅ@¿¿–","","32","L","","30","","","1410","765.00","","","","","","","","","","","26-00070","","","","","",""
"2026/03/02","2026/05/08","","801","áä◊Ø∑∞éYã∆","","","717","","01","FD2673R","","US","","161.00","","","","","∂…∫ºŒﬁÿÅ@¿¿–","","90","LL","","30","","","1410","835.00","","","","","","","","","","","26-00070","","","","","",""
"2026/03/02","2026/05/08","","801","áä◊Ø∑∞éYã∆","","","717","","01","FD2674R","","US","","161.00","","","","","—ºﬁÅ@¿¿–","","32","LL","","30","","","1500","835.00","","","","","","","","","","","26-00070","","","","","",""
"2026/03/02","2026/05/08","","801","áä◊Ø∑∞éYã∆","","","717","","01","FD2675R","","US","","161.00","","","","","ººﬁ◊Å@¿¿–","","90","LL","","30","","","1620","835.00","","","","","","","","","","","26-00070","","","","","",""
"2026/03/02","2026/05/08","","801","áä◊Ø∑∞éYã∆","","","717","","01","FD2676R","","US","","161.00","","","","","—ºﬁÅ@¿¿–","","80","LL","","30","","","1620","835.00","","","","","","","","","","","26-00070","","","","","",""
"2026/03/02","2026/05/22","","801","áä◊Ø∑∞éYã∆","","","717","","01","FD2685R","","US","","161.00","","","","","∂ﬁ◊Å@Å@¿¿–","","32","L","","30","","","1500","765.00","","","","","","","","","","","26-00071","","","","","",""
"2026/03/02","2026/05/22","","801","áä◊Ø∑∞éYã∆","","","717","","01","FD2686R","","US","","161.00","","","","","∂ﬁ◊Å@Å@¿¿–","","90","L","","30","","","1500","765.00","","","","","","","","","","","26-00071","","","","","",""
"2026/03/02","2026/05/22","","801","áä◊Ø∑∞éYã∆","","","717","","01","FD2687R","","US","","161.00","","","","","∂ﬁ◊Å@Å@¿¿–","","32","LL","","30","","","1500","835.00","","","","","","","","","","","26-00071","","","","","",""
"2026/03/02","2026/05/22","","801","áä◊Ø∑∞éYã∆","","","717","","01","FD2688R","","US","","161.00","","","","","Ωƒ◊≤ÃﬂÅ@¿¿–","","32","LL","","30","","","1500","835.00","","","","","","","","","","","26-00071","","","","","",""
"2026/03/02","2026/07/20","","437","êVìÏí ñ{èB","","","007","S3839","01","DD2179V","","CNY","","22.70","","","","","KO 11Ç“Ç´äOñDÇ¢åíçN","","70","M","","0","","","1500","16.00","","16.00","","","","","","","","","26-00072","","","","","",""
"2026/03/02","2026/07/20","","437","êVìÏí ñ{èB","","","007","S3839","01","ED2366V","","CNY","","22.70","","","","","EC  ◊Õﬂ∫±µ—ºäOñDÇ¢åíçN","","20","M","","0","","","1500","15.90","","15.90","","","","","","","","","26-00072","","","","","",""
"2026/03/02","2026/07/20","","437","êVìÏí ñ{èB","","","007","S3839","01","ED2454V","","CNY","","22.70","","","","","SX ÿ◊Ø∏œπ›∫≥","","40","M","","0","","","1500","0.00","","0.00","","","","","","","","","26-00072","","","","","",""
"2026/03/02","2026/07/20","","437","êVìÏí ñ{èB","","","007","S3839","01","FD2448V","","CNY","","22.70","","","","","SX ∫ÿ◊Ø∏œπ›∫≥","","11","M","","0","","","900","0.00","","0.00","","","","","","","","","26-00072","","","","","",""
"2026/03/02","2026/07/20","","437","êVìÏí ñ{èB","","","007","S3839","01","FD2449V","","CNY","","22.70","","","","","SX ∑≤€≤ƒÿπ›∫≥","","80","M","","0","","","900","0.00","","0.00","","","","","","","","","26-00072","","","","","",""
"2026/03/02","2026/07/20","","105","ã‡êX","","","007","S3840","01","FE2105W","","CNY","","22.70","","","","","SR ∑√® ﬂ≤Ÿ∫›Ã´∞ƒ","","11","M","","0","","","900","14.30","","14.30","","","","","","","","","26-00073","","","","","",""
"2026/03/02","2026/07/20","","105","ã‡êX","","","007","S3840","01","FE2106W","","CNY","","22.70","","","","","SR  ›∑ﬁÆƒﬁ› ﬂ≤Ÿ∫›Ã´∞ƒ","","30","M","","0","","","900","14.30","","14.30","","","","","","","","","26-00073","","","","","",""
"2026/03/02","2026/07/20","","105","ã‡êX","","","007","S3840","01","FE2107W","","CNY","","22.70","","","","","SR Œﬂ¡¨Ø∫ ﬂ≤Ÿ∫›Ã´∞ƒ","","20","M","","0","","","900","14.30","","14.30","","","","","","","","","26-00073","","","","","",""
"2026/03/02","2026/07/20","","105","ã‡êX","","","007","S3840","01","FE2108W","","CNY","","22.70","","","","","SR Œﬂ—Œﬂ—Ãﬂÿ› ﬂ≤Ÿ∫›Ã´∞ƒ","","40","M","","0","","","900","14.30","","14.30","","","","","","","","","26-00073","","","","","",""
"2026/03/02","2026/05/13","","411","ìÏí ì°ìå","","","017","S3838","01","FE2552F","","CNY","","22.70","","","","","DSƒﬁ≈Ÿƒﬁ¿ﬁØ∏∫›Ã´∞ƒ","","30","L","","20","","","800","23.00","","23.00","","","","","","","","","26-00074","","","","","",""
"2026/03/02","2026/05/13","","411","ìÏí ì°ìå","","","990","S3838","01","FE2552F","","CNY","","22.70","","","","","DSƒﬁ≈Ÿƒﬁ¿ﬁØ∏∫›Ã´∞ƒ","","30","L","","0","","","1","23.00","","23.00","","","","","","","","","26-00074","","","","","",""
"2026/03/03","2026/05/21","","411","ìÏí ì°ìå","","","017","S3843","01","FE2550F","","CNY","","22.70","","","","","DSΩ√®Ø¡∫›Ã´DB","","32","L","","20","","","500","25.00","","25.00","","","","","","","","","26-00075","","","","","",""
"2026/03/03","2026/05/21","","411","ìÏí ì°ìå","","","990","S3843","01","FE2550F","","CNY","","22.70","","","","","DSΩ√®Ø¡∫›Ã´DB","","32","L","","0","","","1","25.00","","25.00","","","","","","","","","26-00075","","","","","",""
"2026/03/03","2026/05/21","","411","ìÏí ì°ìå","","","017","S3843","01","FE2551F","","CNY","","22.70","","","","","DSΩ√®Ø¡∫›Ã´LB","","31","L","","20","","","500","25.00","","25.00","","","","","","","","","26-00075","","","","","",""
"2026/03/03","2026/05/21","","411","ìÏí ì°ìå","","","990","S3843","01","FE2551F","","CNY","","22.70","","","","","DSΩ√®Ø¡∫›Ã´LB","","31","L","","0","","","1","25.00","","25.00","","","","","","","","","26-00075","","","","","",""
"2026/03/03","2026/05/21","","411","ìÏí ì°ìå","","","017","S3843","01","FH2145F","","CNY","","22.70","","","","","DSΩ√®Ø¡“Øº≠ ﬂ›¿€›LG","","21","M","","20","","","500","22.50","","22.50","","","","","","","","","26-00075","","","","","",""
"2026/03/03","2026/05/21","","411","ìÏí ì°ìå","","","990","S3843","01","FH2145F","","CNY","","22.70","","","","","DSΩ√®Ø¡“Øº≠ ﬂ›¿€›LG","","21","M","","0","","","1","22.50","","22.50","","","","","","","","","26-00075","","","","","",""
"2026/03/03","2026/05/21","","411","ìÏí ì°ìå","","","017","S3843","01","FH2146F","","CNY","","22.70","","","","","DSΩ√®Ø¡“Øº≠ ﬂ›¿€›LB","","31","M","","20","","","500","22.50","","22.50","","","","","","","","","26-00075","","","","","",""
"2026/03/03","2026/05/21","","411","ìÏí ì°ìå","","","990","S3843","01","FH2146F","","CNY","","22.70","","","","","DSΩ√®Ø¡“Øº≠ ﬂ›¿€›LB","","31","M","","0","","","1","22.50","","22.50","","","","","","","","","26-00075","","","","","",""
"2026/03/03","2026/05/20","","437","êVìÏí ñ{èB","","","017","S3844","01","EE3016V","","CNY","","22.70","","","","","Œø∂ﬁ¿∫›Ã´∞ƒº¨∞ÿ›∏ﬁ","","11","M","","20","","","300","15.95","","15.95","","","","","","","","","26-00076","","","","","",""
"2026/03/03","2026/05/20","","437","êVìÏí ñ{èB","","","017","S3844","01","EE3016V","","CNY","","22.70","","","","","Œø∂ﬁ¿∫›Ã´∞ƒº¨∞ÿ›∏ﬁ","","80","M","","20","","","300","15.95","","15.95","","","","","","","","","26-00076","","","","","",""
"2026/03/03","2026/05/20","","437","êVìÏí ñ{èB","","","017","S3844","01","EE3016V","","CNY","","22.70","","","","","Œø∂ﬁ¿∫›Ã´∞ƒº¨∞ÿ›∏ﬁ","","90","M","","20","","","300","15.95","","15.95","","","","","","","","","26-00076","","","","","",""
"2026/03/03","2026/04/28","","411","ìÏí ì°ìå","","","007","S3845","01","FS2027F","","CNY","","22.70","","","","","SK ”›¡Ø¡º¨‹∞ª›¿ﬁŸB","","30","M","","20","","","1420","0.00","","0.00","","","","","","","","","26-00077","","","","","",""
"2026/03/03","2026/04/28","","411","ìÏí ì°ìå","","","807","S3845","01","FS2027F","","CNY","","22.70","","","","","SK ”›¡Ø¡º¨‹∞ª›¿ﬁŸB","","30","M","","20","","","180","0.00","","0.00","","","","","","","","","26-00077","","","","","",""
"2026/03/03","2026/04/28","","411","ìÏí ì°ìå","","","990","S3845","01","FS2027F","","CNY","","22.70","","","","","SK ”›¡Ø¡º¨‹∞ª›¿ﬁŸB","","30","M","","0","","","3","0.00","","0.00","","","","","","","","","26-00077","","","","","",""
"2026/03/03","2026/04/28","","411","ìÏí ì°ìå","","","007","S3845","01","FS2027F","","CNY","","22.70","","","","","SK ”›¡Ø¡º¨‹∞ª›¿ﬁŸB","","30","L","","20","","","1420","0.00","","0.00","","","","","","","","","26-00077","","","","","",""
"2026/03/03","2026/04/28","","411","ìÏí ì°ìå","","","807","S3845","01","FS2027F","","CNY","","22.70","","","","","SK ”›¡Ø¡º¨‹∞ª›¿ﬁŸB","","30","L","","20","","","180","0.00","","0.00","","","","","","","","","26-00077","","","","","",""
"2026/03/03","2026/04/28","","411","ìÏí ì°ìå","","","990","S3845","01","FS2027F","","CNY","","22.70","","","","","SK ”›¡Ø¡º¨‹∞ª›¿ﬁŸB","","30","L","","0","","","0","0.00","","0.00","","","","","","","","","26-00077","","","","","",""
"2026/03/03","2026/04/28","","411","ìÏí ì°ìå","","","007","S3845","01","FS2027F","","CNY","","22.70","","","","","SK ”›¡Ø¡º¨‹∞ª›¿ﬁŸB","","30","LL","","20","","","1420","0.00","","0.00","","","","","","","","","26-00077","","","","","",""
"2026/03/03","2026/04/28","","411","ìÏí ì°ìå","","","807","S3845","01","FS2027F","","CNY","","22.70","","","","","SK ”›¡Ø¡º¨‹∞ª›¿ﬁŸB","","30","LL","","20","","","180","0.00","","0.00","","","","","","","","","26-00077","","","","","",""
"2026/03/03","2026/04/28","","411","ìÏí ì°ìå","","","990","S3845","01","FS2027F","","CNY","","22.70","","","","","SK ”›¡Ø¡º¨‹∞ª›¿ﬁŸB","","30","LL","","0","","","0","0.00","","0.00","","","","","","","","","26-00077","","","","","",""
"2026/03/03","2026/04/28","","411","ìÏí ì°ìå","","","007","S3845","01","FS2028F","","CNY","","22.70","","","","","SK ”›¡Ø¡º¨‹∞ª›¿ﬁŸBE","","62","M","","20","","","1420","0.00","","0.00","","","","","","","","","26-00077","","","","","",""
"2026/03/03","2026/04/28","","411","ìÏí ì°ìå","","","807","S3845","01","FS2028F","","CNY","","22.70","","","","","SK ”›¡Ø¡º¨‹∞ª›¿ﬁŸBE","","62","M","","20","","","180","0.00","","0.00","","","","","","","","","26-00077","","","","","",""
"2026/03/03","2026/04/28","","411","ìÏí ì°ìå","","","990","S3845","01","FS2028F","","CNY","","22.70","","","","","SK ”›¡Ø¡º¨‹∞ª›¿ﬁŸBE","","62","M","","0","","","3","0.00","","0.00","","","","","","","","","26-00077","","","","","",""
"2026/03/03","2026/04/28","","411","ìÏí ì°ìå","","","007","S3845","01","FS2028F","","CNY","","22.70","","","","","SK ”›¡Ø¡º¨‹∞ª›¿ﬁŸBE","","62","L","","20","","","1420","0.00","","0.00","","","","","","","","","26-00077","","","","","",""
"2026/03/03","2026/04/28","","411","ìÏí ì°ìå","","","807","S3845","01","FS2028F","","CNY","","22.70","","","","","SK ”›¡Ø¡º¨‹∞ª›¿ﬁŸBE","","62","L","","20","","","180","0.00","","0.00","","","","","","","","","26-00077","","","","","",""
"2026/03/03","2026/04/28","","411","ìÏí ì°ìå","","","990","S3845","01","FS2028F","","CNY","","22.70","","","","","SK ”›¡Ø¡º¨‹∞ª›¿ﬁŸBE","","62","L","","0","","","0","0.00","","0.00","","","","","","","","","26-00077","","","","","",""
"2026/03/03","2026/04/28","","411","ìÏí ì°ìå","","","007","S3845","01","FS2028F","","CNY","","22.70","","","","","SK ”›¡Ø¡º¨‹∞ª›¿ﬁŸBE","","62","LL","","20","","","1420","0.00","","0.00","","","","","","","","","26-00077","","","","","",""
"2026/03/03","2026/04/28","","411","ìÏí ì°ìå","","","807","S3845","01","FS2028F","","CNY","","22.70","","","","","SK ”›¡Ø¡º¨‹∞ª›¿ﬁŸBE","","62","LL","","20","","","180","0.00","","0.00","","","","","","","","","26-00077","","","","","",""
"2026/03/03","2026/04/28","","411","ìÏí ì°ìå","","","990","S3845","01","FS2028F","","CNY","","22.70","","","","","SK ”›¡Ø¡º¨‹∞ª›¿ﬁŸBE","","62","LL","","0","","","0","0.00","","0.00","","","","","","","","","26-00077","","","","","",""
"2026/03/03","2026/06/11","","404","à¿ãJëÒíy","","","007","S3846","01","FS2029J","","CNY","","22.70","","","","","SKÀ‘π”›¡Ø¡ª›¿ﬁŸ","","30","M","","20","","","1420","0.00","","0.00","","","","","","","","","26-00078","","","","","",""
"2026/03/03","2026/06/11","","404","à¿ãJëÒíy","","","807","S3846","01","FS2029J","","CNY","","22.70","","","","","SKÀ‘π”›¡Ø¡ª›¿ﬁŸ","","30","M","","20","","","80","0.00","","0.00","","","","","","","","","26-00078","","","","","",""
"2026/03/03","2026/06/11","","404","à¿ãJëÒíy","","","990","S3846","01","FS2029J","","CNY","","22.70","","","","","SKÀ‘π”›¡Ø¡ª›¿ﬁŸ","","30","M","","0","","","3","0.00","","0.00","","","","","","","","","26-00078","","","","","",""
"2026/03/03","2026/06/11","","404","à¿ãJëÒíy","","","007","S3846","01","FS2029J","","CNY","","22.70","","","","","SKÀ‘π”›¡Ø¡ª›¿ﬁŸ","","30","L","","20","","","1420","0.00","","0.00","","","","","","","","","26-00078","","","","","",""
"2026/03/03","2026/06/11","","404","à¿ãJëÒíy","","","807","S3846","01","FS2029J","","CNY","","22.70","","","","","SKÀ‘π”›¡Ø¡ª›¿ﬁŸ","","30","L","","20","","","80","0.00","","0.00","","","","","","","","","26-00078","","","","","",""
"2026/03/03","2026/06/11","","404","à¿ãJëÒíy","","","990","S3846","01","FS2029J","","CNY","","22.70","","","","","SKÀ‘π”›¡Ø¡ª›¿ﬁŸ","","30","L","","0","","","0","0.00","","0.00","","","","","","","","","26-00078","","","","","",""
"2026/03/03","2026/06/11","","404","à¿ãJëÒíy","","","007","S3846","01","FS2030J","","CNY","","22.70","","","","","SKÀ‘π”›¡Ø¡ª›¿ﬁŸBK","","90","M","","20","","","1420","0.00","","0.00","","","","","","","","","26-00078","","","","","",""
"2026/03/03","2026/06/11","","404","à¿ãJëÒíy","","","807","S3846","01","FS2030J","","CNY","","22.70","","","","","SKÀ‘π”›¡Ø¡ª›¿ﬁŸBK","","90","M","","20","","","80","0.00","","0.00","","","","","","","","","26-00078","","","","","",""
"2026/03/03","2026/06/11","","404","à¿ãJëÒíy","","","990","S3846","01","FS2030J","","CNY","","22.70","","","","","SKÀ‘π”›¡Ø¡ª›¿ﬁŸBK","","90","M","","0","","","3","0.00","","0.00","","","","","","","","","26-00078","","","","","",""
"2026/03/03","2026/06/11","","404","à¿ãJëÒíy","","","007","S3846","01","FS2030J","","CNY","","22.70","","","","","SKÀ‘π”›¡Ø¡ª›¿ﬁŸBK","","90","L","","20","","","1420","0.00","","0.00","","","","","","","","","26-00078","","","","","",""
"2026/03/03","2026/06/11","","404","à¿ãJëÒíy","","","807","S3846","01","FS2030J","","CNY","","22.70","","","","","SKÀ‘π”›¡Ø¡ª›¿ﬁŸBK","","90","L","","20","","","80","0.00","","0.00","","","","","","","","","26-00078","","","","","",""
"2026/03/03","2026/06/11","","404","à¿ãJëÒíy","","","990","S3846","01","FS2030J","","CNY","","22.70","","","","","SKÀ‘π”›¡Ø¡ª›¿ﬁŸBK","","90","L","","0","","","0","0.00","","0.00","","","","","","","","","26-00078","","","","","",""
"2026/03/04","2026/03/03","","336","DEPARTURES","","","007","","01","EZ3027A","","CNY","","22.70","","","","","œ∞≤€›æ›¿∞◊∏ﬁ","","30","00","","0","","","1413","1194.00","","","","","","","","","","","26-00079","","","","","",""
"2026/03/04","2026/03/03","","336","DEPARTURES","","","007","","01","EZ3027A","","CNY","","22.70","","","","","œ∞≤€›æ›¿∞◊∏ﬁ","","40","00","","0","","","1413","1194.00","","","","","","","","","","","26-00079","","","","","",""
"2026/03/04","2026/03/03","","336","DEPARTURES","","","007","","01","EZ3027A","","CNY","","22.70","","","","","œ∞≤€›æ›¿∞◊∏ﬁ","","80","00","","0","","","1413","1194.00","","","","","","","","","","","26-00079","","","","","",""
"2026/03/04","2026/03/03","","336","DEPARTURES","","","007","","01","EZ3028A","","CNY","","22.70","","","","","œ∞≤€›æ›¿∞◊∏ﬁ","","30","00","","0","","","1413","1620.00","","","","","","","","","","","26-00079","","","","","",""
"2026/03/04","2026/03/03","","336","DEPARTURES","","","007","","01","EZ3028A","","CNY","","22.70","","","","","œ∞≤€›æ›¿∞◊∏ﬁ","","40","00","","0","","","1413","1620.00","","","","","","","","","","","26-00079","","","","","",""
"2026/03/04","2026/03/03","","336","DEPARTURES","","","007","","01","EZ3028A","","CNY","","22.70","","","","","œ∞≤€›æ›¿∞◊∏ﬁ","","80","00","","0","","","1413","1620.00","","","","","","","","","","","26-00079","","","","","",""
"2026/03/04","2026/03/03","","336","DEPARTURES","","","007","","01","EZ3029A","","CNY","","22.70","","","","","œ∞≤€›æ›¿∞◊∏ﬁ","","40","00","","0","","","1413","2220.00","","","","","","","","","","","26-00079","","","","","",""
"2026/03/04","2026/03/03","","336","DEPARTURES","","","007","","01","EZ3029A","","CNY","","22.70","","","","","œ∞≤€›æ›¿∞◊∏ﬁ","","30","00","","0","","","1413","2220.00","","","","","","","","","","","26-00079","","","","","",""
"2026/03/04","2026/03/03","","336","DEPARTURES","","","007","","01","EZ3029A","","CNY","","22.70","","","","","œ∞≤€›æ›¿∞◊∏ﬁ","","80","00","","0","","","1413","2220.00","","","","","","","","","","","26-00079","","","","","",""
"2026/03/04","2026/05/27","","437","êVìÏí ñ{èB","","","017","S3847","01","EJ2111V","","CNY","","22.70","","","","","SR∑√®ÀÆ≥∂ﬁ◊Œø”ØÃﬂ","","11","M","","20","","","500","16.80","","16.80","","","","","","","","","26-00080","","","","","",""
"2026/03/04","2026/05/27","","437","êVìÏí ñ{èB","","","017","S3847","01","FH2092V","","CNY","","22.70","","","","","SB ÃﬁÿÃﬁÿªﬁ¥”›“Øº≠ ﬂ›¿","","50","M","","20","","","500","18.35","","18.35","","","","","","","","","26-00080","","","","","",""
"2026/03/04","2026/05/27","","437","êVìÏí ñ{èB","","","017","S3847","01","FH2100V","","CNY","","22.70","","","","","SR  ﬂ√®ºﬁ–“Øº≠ ﬂ›¿","","10","M","","20","","","500","18.50","","18.50","","","","","","","","","26-00080","","","","","",""
"2026/03/04","2026/05/27","","437","êVìÏí ñ{èB","","","017","S3847","01","FH2101V","","CNY","","22.70","","","","","KOµÃﬁ›∏ﬁƒ≤ØºÆ“Øº≠ ﬂ›¿","","20","M","","20","","","500","18.50","","18.50","","","","","","","","","26-00080","","","","","",""
"2026/03/04","2026/05/27","","437","êVìÏí ñ{èB","","","017","S3847","01","FH2103V","","CNY","","22.70","","","","","SR ∏€–“Øº≠ ﬂ›¿€›","","50","M","","20","","","500","18.30","","18.30","","","","","","","","","26-00080","","","","","",""
"2026/03/04","2026/05/27","","437","êVìÏí ñ{èB","","","017","S3847","01","FJ2088V","","CNY","","22.70","","","","","SR æﬁÃﬁ◊∑√®Œø”ØÃﬂ","","90","M","","20","","","500","16.70","","16.70","","","","","","","","","26-00080","","","","","",""
"2026/03/06","2026/04/24","","437","êVìÏí ñ{èB","","","807","S3850","01","FE2100V","","CNY","","22.70","","","","","SK”›¡Ø¡¡¨¿πOR","","73","M","","0","","","1450","0.00","","0.00","","","","","","","","","26-00081","","","","","",""
"2026/03/06","2026/04/24","","437","êVìÏí ñ{èB","","","807","S3850","01","FE2100V","","CNY","","22.70","","","","","SK”›¡Ø¡¡¨¿πOR","","73","M","","20","","","200","0.00","","0.00","","","","","","","","","26-00081","","","","","",""
"2026/03/06","2026/04/24","","437","êVìÏí ñ{èB","","","990","S3850","01","FE2100V","","CNY","","22.70","","","","","SK”›¡Ø¡¡¨¿πOR","","73","M","","0","","","3","0.00","","0.00","","","","","","","","","26-00081","","","","","",""
"2026/03/06","2026/04/24","","437","êVìÏí ñ{èB","","","807","S3850","01","FE2101V","","CNY","","22.70","","","","","SK”›¡Ø¡¡¨¿πB","","30","M","","0","","","1450","0.00","","0.00","","","","","","","","","26-00081","","","","","",""
"2026/03/06","2026/04/24","","437","êVìÏí ñ{èB","","","807","S3850","01","FE2101V","","CNY","","22.70","","","","","SK”›¡Ø¡¡¨¿πB","","30","M","","20","","","200","0.00","","0.00","","","","","","","","","26-00081","","","","","",""
"2026/03/06","2026/04/24","","437","êVìÏí ñ{èB","","","990","S3850","01","FE2101V","","CNY","","22.70","","","","","SK”›¡Ø¡¡¨¿πB","","30","M","","0","","","3","0.00","","0.00","","","","","","","","","26-00081","","","","","",""
"2026/03/06","2026/04/24","","437","êVìÏí ñ{èB","","","807","S3850","01","FE2103V","","CNY","","22.70","","","","","SK”›¡Ø¡¡¨¿πY","","70","M","","0","","","1450","0.00","","0.00","","","","","","","","","26-00081","","","","","",""
"2026/03/06","2026/04/24","","437","êVìÏí ñ{èB","","","807","S3850","01","FE2103V","","CNY","","22.70","","","","","SK”›¡Ø¡¡¨¿πY","","70","M","","20","","","200","0.00","","0.00","","","","","","","","","26-00081","","","","","",""
"2026/03/06","2026/04/24","","437","êVìÏí ñ{èB","","","990","S3850","01","FE2103V","","CNY","","22.70","","","","","SK”›¡Ø¡¡¨¿πY","","70","M","","0","","","3","0.00","","0.00","","","","","","","","","26-00081","","","","","",""
"2026/03/06","2026/04/24","","437","êVìÏí ñ{èB","","","807","S3850","01","FE2109V","","CNY","","22.70","","","","","SK”›¡Ø¡¡¨¿πP","","11","M","","0","","","1450","0.00","","0.00","","","","","","","","","26-00081","","","","","",""
"2026/03/06","2026/04/24","","437","êVìÏí ñ{èB","","","807","S3850","01","FE2109V","","CNY","","22.70","","","","","SK”›¡Ø¡¡¨¿πP","","11","M","","20","","","200","0.00","","0.00","","","","","","","","","26-00081","","","","","",""
"2026/03/06","2026/04/24","","437","êVìÏí ñ{èB","","","990","S3850","01","FE2109V","","CNY","","22.70","","","","","SK”›¡Ø¡¡¨¿πP","","11","M","","0","","","3","0.00","","0.00","","","","","","","","","26-00081","","","","","",""
"2026/03/05","2026/05/27","","437","êVìÏí ñ{èB","","","010","S3851","01","CD2120V","","CNY","","22.70","","","","","SP¡≤∂‹ ∑¨›√ﬁ®≤∂ﬁ◊","","73","M","","20","","","400","12.80","","12.80","","","","","","","","","26-00082","","","","","",""
"2026/03/05","2026/05/27","","437","êVìÏí ñ{èB","","","010","S3851","01","CD2121V","","CNY","","22.70","","","","","SP¡≤∂‹ ¡‹⁄≥ª∑ﬁ","","30","M","","20","","","500","12.80","","12.80","","","","","","","","","26-00082","","","","","",""
"2026/03/17","2026/05/27","","411","ìÏí ì°ìå","","","010","S3852R","01","FM2000F","","CNY","","22.70","","","","","SXÿ◊Ø∏œ∏∆¨Ø∏","","40","M","","20","","","300","0.00","","0.00","","","","","","","","","26-00083","","","","","",""
"2026/03/17","2026/05/27","","411","ìÏí ì°ìå","","","990","S3852R","01","FM2000F","","CNY","","22.70","","","","","SXÿ◊Ø∏œ∏∆¨Ø∏","","40","M","","0","","","3","0.00","","0.00","","","","","","","","","26-00083","","","","","",""
"2026/03/17","2026/05/27","","411","ìÏí ì°ìå","","","010","S3852R","01","FM2001F","","CNY","","22.70","","","","","SX∫ÿ◊Ø∏œ∏∆¨Ø∏","","62","M","","20","","","300","0.00","","0.00","","","","","","","","","26-00083","","","","","",""
"2026/03/17","2026/05/27","","411","ìÏí ì°ìå","","","990","S3852R","01","FM2001F","","CNY","","22.70","","","","","SX∫ÿ◊Ø∏œ∏∆¨Ø∏","","62","M","","0","","","3","0.00","","0.00","","","","","","","","","26-00083","","","","","",""
"2026/03/17","2026/05/27","","411","ìÏí ì°ìå","","","010","S3852R","01","FM2002F","","CNY","","22.70","","","","","SX ∑≤€≤ƒÿ∏∆¨Ø∏","","70","M","","20","","","300","0.00","","0.00","","","","","","","","","26-00083","","","","","",""
"2026/03/17","2026/05/27","","411","ìÏí ì°ìå","","","990","S3852R","01","FM2002F","","CNY","","22.70","","","","","SX ∑≤€≤ƒÿ∏∆¨Ø∏","","70","M","","0","","","3","0.00","","0.00","","","","","","","","","26-00083","","","","","",""
"2026/03/17","2026/05/27","","411","ìÏí ì°ìå","","","010","S3852R","01","FM2003F","","CNY","","22.70","","","","","EC  ◊Õﬂ∫∏∆¨Ø∏","","10","M","","20","","","300","0.00","","0.00","","","","","","","","","26-00083","","","","","",""
"2026/03/17","2026/05/27","","411","ìÏí ì°ìå","","","990","S3852R","01","FM2003F","","CNY","","22.70","","","","","EC  ◊Õﬂ∫∏∆¨Ø∏","","10","M","","0","","","8","0.00","","0.00","","","","","","","","","26-00083","","","","","",""
"2026/03/09","2026/05/31","","105","ã‡êX","","","305","","01","ND1197W","","CNY","","22.70","","","","","äO “Øº≠ SB","","15","00","","30","","","2400","9.50","","9.50","","","","","","","","","26-00084","","","","","",""
"2026/03/09","2026/05/31","","105","ã‡êX","","","305","","01","ND1197W","","CNY","","22.70","","","","","äO “Øº≠ SB","","35","00","","30","","","2100","9.50","","9.50","","","","","","","","","26-00084","","","","","",""
"2026/03/09","2026/05/31","","105","ã‡êX","","","305","","01","ND1660W","","CNY","","22.70","","","","","äO “Øº≠ SB","","45","L","","30","","","2400","9.80","","9.80","","","","","","","","","26-00084","","","","","",""
"2026/03/09","2026/05/31","","105","ã‡êX","","","305","","01","ND1660W","","CNY","","22.70","","","","","äO “Øº≠ SB","","85","L","","30","","","3000","9.80","","9.80","","","","","","","","","26-00084","","","","","",""
"2026/03/11","2026/05/21","","411","ìÏí ì°ìå","","","017","S3854","01","FE2110F","","CNY","","22.70","","","","","DS Ω√®Ø¡±ØÃﬂƒ©","","30","M","","0","","","350","0.00","","0.00","","","","","","","","","26-00085","","","","","",""
"2026/03/11","2026/05/21","","411","ìÏí ì°ìå","","","990","S3854","01","FE2110F","","CNY","","22.70","","","","","DS Ω√®Ø¡±ØÃﬂƒ©","","30","M","","0","","","1","0.00","","0.00","","","","","","","","","26-00085","","","","","",""
"2026/03/12","2026/04/28","","411","ìÏí ì°ìå","","","015","S3853R","01","GJ2056F","","CNY","","22.70","","","","","ä€êÙÇ¢Œﬁ∞¿ﬁ∞","","36","M","","30","","","300","14.57","","14.57","","","","","","","","","26-00086","","","","","",""
"2026/03/12","2026/04/28","","411","ìÏí ì°ìå","","","015","S3853R","01","GJ2529F","","CNY","","22.70","","","","","ä€êÙÇ¢Œﬁ∞¿ﬁ∞","","36","L","","30","","","300","15.16","","15.16","","","","","","","","","26-00086","","","","","",""
"2026/03/12","2026/04/28","","411","ìÏí ì°ìå","","","015","S3853R","01","HJ3110F","","CNY","","22.70","","","","","Œﬁ∞¿ﬁ∞”ØÃﬂ","","36","M","","30","","","900","14.80","","14.80","","","","","","","","","26-00086","","","","","",""
"2026/03/12","2026/04/28","","411","ìÏí ì°ìå","","","015","S3853R","01","HJ3110F","","CNY","","22.70","","","","","Œﬁ∞¿ﬁ∞”ØÃﬂ","","66","M","","30","","","900","14.80","","14.80","","","","","","","","","26-00086","","","","","",""
"2026/03/12","2026/04/28","","411","ìÏí ì°ìå","","","015","S3853R","01","HJ3539F","","CNY","","22.70","","","","","Œﬁ∞¿ﬁ∞”ØÃﬂ","","36","L","","30","","","1200","14.80","","14.80","","","","","","","","","26-00086","","","","","",""
"2026/03/12","2026/04/28","","411","ìÏí ì°ìå","","","015","S3853R","01","HJ3539F","","CNY","","22.70","","","","","Œﬁ∞¿ﬁ∞”ØÃﬂ","","66","L","","30","","","1200","14.80","","14.80","","","","","","","","","26-00086","","","","","",""
"2026/03/13","2026/04/23","","411","ìÏí ì°ìå","","","807","S3855","01","FS2521F","","CNY","","22.70","","","","","∫º∂ﬁ‘±ŸÃß∞Ωﬁª›¿ﬁŸR","","10","M","","20","","","100","0.00","","0.00","","","","","","","","","26-00087","","","","","",""
"2026/03/13","2026/04/23","","411","ìÏí ì°ìå","","","999","S3855","01","FS2521F","","CNY","","22.70","","","","","∫º∂ﬁ‘±ŸÃß∞Ωﬁª›¿ﬁŸR","","10","M","","0","","","1","0.00","","0.00","","","","","","","","","26-00087","","","","","",""
"2026/03/13","2026/04/23","","411","ìÏí ì°ìå","","","807","S3855","01","FS2521F","","CNY","","22.70","","","","","∫º∂ﬁ‘±ŸÃß∞Ωﬁª›¿ﬁŸR","","10","L","","20","","","100","0.00","","0.00","","","","","","","","","26-00087","","","","","",""
"2026/03/13","2026/04/23","","411","ìÏí ì°ìå","","","999","S3855","01","FS2521F","","CNY","","22.70","","","","","∫º∂ﬁ‘±ŸÃß∞Ωﬁª›¿ﬁŸR","","10","L","","0","","","0","0.00","","0.00","","","","","","","","","26-00087","","","","","",""
"2026/03/13","2026/04/23","","411","ìÏí ì°ìå","","","807","S3855","01","FS2521F","","CNY","","22.70","","","","","∫º∂ﬁ‘±ŸÃß∞Ωﬁª›¿ﬁŸR","","10","LL","","20","","","100","0.00","","0.00","","","","","","","","","26-00087","","","","","",""
"2026/03/13","2026/04/23","","411","ìÏí ì°ìå","","","999","S3855","01","FS2521F","","CNY","","22.70","","","","","∫º∂ﬁ‘±ŸÃß∞Ωﬁª›¿ﬁŸR","","10","LL","","0","","","0","0.00","","0.00","","","","","","","","","26-00087","","","","","",""
"2026/03/13","2026/04/23","","411","ìÏí ì°ìå","","","807","S3855","01","FS2522F","","CNY","","22.70","","","","","∫º∂ﬁ‘±ŸÃß∞Ωﬁª›¿ﬁŸBK","","90","M","","20","","","100","0.00","","0.00","","","","","","","","","26-00087","","","","","",""
"2026/03/13","2026/04/23","","411","ìÏí ì°ìå","","","999","S3855","01","FS2522F","","CNY","","22.70","","","","","∫º∂ﬁ‘±ŸÃß∞Ωﬁª›¿ﬁŸBK","","90","M","","0","","","1","0.00","","0.00","","","","","","","","","26-00087","","","","","",""
"2026/03/13","2026/04/23","","411","ìÏí ì°ìå","","","807","S3855","01","FS2522F","","CNY","","22.70","","","","","∫º∂ﬁ‘±ŸÃß∞Ωﬁª›¿ﬁŸBK","","90","L","","20","","","100","0.00","","0.00","","","","","","","","","26-00087","","","","","",""
"2026/03/13","2026/04/23","","411","ìÏí ì°ìå","","","999","S3855","01","FS2522F","","CNY","","22.70","","","","","∫º∂ﬁ‘±ŸÃß∞Ωﬁª›¿ﬁŸBK","","90","L","","0","","","0","0.00","","0.00","","","","","","","","","26-00087","","","","","",""
"2026/03/13","2026/04/23","","411","ìÏí ì°ìå","","","807","S3855","01","FS2522F","","CNY","","22.70","","","","","∫º∂ﬁ‘±ŸÃß∞Ωﬁª›¿ﬁŸBK","","90","LL","","20","","","100","0.00","","0.00","","","","","","","","","26-00087","","","","","",""
"2026/03/13","2026/04/23","","411","ìÏí ì°ìå","","","999","S3855","01","FS2522F","","CNY","","22.70","","","","","∫º∂ﬁ‘±ŸÃß∞Ωﬁª›¿ﬁŸBK","","90","LL","","0","","","0","0.00","","0.00","","","","","","","","","26-00087","","","","","",""
"2026/03/16","2026/05/27","","411","ìÏí ì°ìå","","","017","S3856","01","FE2553F","","CNY","","22.70","","","","","DSÿƒŸÅE∏ﬁÿ∞›ÅE“› ∫›Ã´","","20","L","","20","","","500","24.00","","24.00","","","","","","","","","26-00088","","","","","",""
"2026/03/16","2026/05/27","","411","ìÏí ì°ìå","","","990","S3856","01","FE2553F","","CNY","","22.70","","","","","DSÿƒŸÅE∏ﬁÿ∞›ÅE“› ∫›Ã´","","20","L","","1","","","1","24.00","","24.00","","","","","","","","","26-00088","","","","","",""
"2026/03/16","2026/05/27","","411","ìÏí ì°ìå","","","017","S3856","01","FE2554F","","CNY","","22.70","","","","","DS — ∫›Ã´","","30","L","","20","","","500","22.60","","22.60","","","","","","","","","26-00088","","","","","",""
"2026/03/16","2026/05/27","","411","ìÏí ì°ìå","","","990","S3856","01","FE2554F","","CNY","","22.70","","","","","DS — ∫›Ã´","","30","L","","1","","","1","22.60","","22.60","","","","","","","","","26-00088","","","","","",""
"2026/03/18","2026/07/13","","411","ìÏí ì°ìå","","","007","S3857","01","FA2074F","","CNY","","22.70","","","",""," ØÀﬂ∞¬ÿ∫–ŒøΩƒ◊≤Ãﬂ","","80","M","","0","","","5800","0.00","","0.00","","","","","","","","","26-00089","","","","","",""
"2026/03/18","2026/07/13","","411","ìÏí ì°ìå","","","007","S3857","01","FA2074F","","CNY","","22.70","","","",""," ØÀﬂ∞¬ÿ∫–ŒøΩƒ◊≤Ãﬂ","","90","M","","0","","","5800","0.00","","0.00","","","","","","","","","26-00089","","","","","",""
"2026/03/18","2026/07/13","","411","ìÏí ì°ìå","","","007","S3857","01","FA2075F","","CNY","","22.70","","","",""," ØÀﬂ∞¬ÿ∫–É`ÉFÉbÉN","","10","M","","0","","","5800","0.00","","0.00","","","","","","","","","26-00089","","","","","",""
"2026/03/18","2026/07/13","","411","ìÏí ì°ìå","","","007","S3857","01","FA2075F","","CNY","","22.70","","","",""," ØÀﬂ∞¬ÿ∫–É`ÉFÉbÉN","","30","M","","0","","","5800","0.00","","0.00","","","","","","","","","26-00089","","","","","",""
"2026/03/18","2026/07/13","","411","ìÏí ì°ìå","","","007","S3857","01","FA2076F","","CNY","","22.70","","","",""," ØÀﬂ∞¬ÿ∫–—ºﬁ","","30","M","","0","","","5800","0.00","","0.00","","","","","","","","","26-00089","","","","","",""
"2026/03/18","2026/07/13","","411","ìÏí ì°ìå","","","007","S3857","01","FA2076F","","CNY","","22.70","","","",""," ØÀﬂ∞¬ÿ∫–—ºﬁ","","40","M","","0","","","5800","0.00","","0.00","","","","","","","","","26-00089","","","","","",""
"2026/03/18","2026/07/13","","411","ìÏí ì°ìå","","","007","S3857","01","FA2076F","","CNY","","22.70","","","",""," ØÀﬂ∞¬ÿ∫–—ºﬁ","","50","M","","0","","","5800","0.00","","0.00","","","","","","","","","26-00089","","","","","",""
"2026/03/18","2026/07/13","","411","ìÏí ì°ìå","","","007","S3857","01","FA2076F","","CNY","","22.70","","","",""," ØÀﬂ∞¬ÿ∫–—ºﬁ","","80","M","","0","","","5800","0.00","","0.00","","","","","","","","","26-00089","","","","","",""
"2026/03/18","2026/04/30","","434","ìÏí à§å¨","","","017","S3858","01","CT2057A","","CNY","","22.70","","","","","KA ﬂ›ƒﬁ€Œﬁ≥Å@Ãﬂÿ›ƒ¥Ãﬂ€›","","62","M-L","","50","","","600","39.00","","39.00","","","","","","","","","26-00090","","","","","",""
"2026/03/18","2026/04/30","","434","ìÏí à§å¨","","","017","S3858","01","ET3002A","","CNY","","22.70","","","","","TO ºœ¿ﬁœ∞ƒ","","73","M-L","","50","","","300","31.00","","31.00","","","","","","","","","26-00090","","","","","",""
"2026/03/19","2026/05/13","","434","ìÏí à§å¨","","","017","S3859","01","CT2056A","","CNY","","22.70","","","","","KA ﬂ›ƒﬁ€Œﬁ≥Å@ÀØ∫ÿ∞¥Ãﬂ€›","","30","M-L","","50","","","600","37.50","","37.50","","","","","","","","","26-00091","","","","","",""
"2026/03/20","2026/06/08","","411","ìÏí ì°ìå","","","017","S3861","01","CM3001F","","CNY","","22.70","","","","","KE∫Àﬁƒ¬ﬁ∂›∂∏⁄””ºﬁÿ","","11","M","","20","","","500","26.60","","26.60","","","","","","","","","26-00092","","","","","",""
"2026/03/26","2025/05/13","","437","êVìÏí ñ{èB","","","017","S3862","01","FD4512V","","CNY","","22.70","","","","","åíçNΩÿØ ﬂ","","80","L","","20","","","500","16.05","","16.05","","","","","","","","","26-00093","","","","","",""
"2026/03/26","2025/05/13","","437","êVìÏí ñ{èB","","","017","S3862","01","FD4512V","","CNY","","22.70","","","","","åíçNΩÿØ ﬂ","","90","L","","20","","","500","16.05","","16.05","","","","","","","","","26-00093","","","","","",""
"2026/04/01","2026/07/18","","437","êVìÏí ñ{èB","","","007","S3863R","01","DH3007V","","CNY","","22.70","","","","","KE Õﬁ√®∞Å@ ≤∂Øƒ","","90","M","","0","","","325","19.20","","19.20","","","","","","","","","26-00094","","","","","",""
"2026/04/01","2026/07/18","","437","êVìÏí ñ{èB","","","017","S3863R","01","DH3007V","","CNY","","22.70","","","","","KE Õﬁ√®∞Å@ ≤∂Øƒ","","90","M","","25","","","875","19.20","","19.20","","","","","","","","","26-00094","","","","","",""
"2026/04/01","2026/07/18","","437","êVìÏí ñ{èB","","","007","S3863R","01","DH3008V","","CNY","","22.70","","","","","SR ∏€–Å@ ≤∂Øƒ","","50","M","","0","","","325","19.10","","19.10","","","","","","","","","26-00094","","","","","",""
"2026/04/01","2026/07/18","","437","êVìÏí ñ{èB","","","017","S3863R","01","DH3008V","","CNY","","22.70","","","","","SR ∏€–Å@ ≤∂Øƒ","","50","M","","25","","","475","19.10","","19.10","","","","","","","","","26-00094","","","","","",""
"2026/04/01","2026/07/18","","437","êVìÏí ñ{èB","","","007","S3863R","01","DJ3025V","","CNY","","22.70","","","","","SK ”›¡Ø¡∂∂ƒ¬∑","","10","M","","0","","","325","18.50","","18.50","","","","","","","","","26-00094","","","","","",""
"2026/04/01","2026/07/18","","437","êVìÏí ñ{èB","","","017","S3863R","01","DJ3025V","","CNY","","22.70","","","","","SK ”›¡Ø¡∂∂ƒ¬∑","","10","M","","25","","","675","18.50","","18.50","","","","","","","","","26-00094","","","","","",""
"2026/04/01","2026/07/18","","437","êVìÏí ñ{èB","","","007","S3863R","01","DJ3049V","","CNY","","22.70","","","","","SR ∑√®ÀÆ≥∂ﬁ◊”ØÃﬂ","","11","M","","0","","","325","17.50","","17.50","","","","","","","","","26-00094","","","","","",""
"2026/04/01","2026/07/18","","437","êVìÏí ñ{èB","","","017","S3863R","01","DJ3049V","","CNY","","22.70","","","","","SR ∑√®ÀÆ≥∂ﬁ◊”ØÃﬂ","","11","M","","25","","","875","17.50","","17.50","","","","","","","","","26-00094","","","","","",""
"2026/04/01","2026/07/18","","437","êVìÏí ñ{èB","","","007","S3863R","01","EH3044V","","CNY","","22.70","","","","","SR  ﬁ¬œŸ  ≤∂Øƒ","","90","M","","0","","","325","18.20","","18.20","","","","","","","","","26-00094","","","","","",""
"2026/04/01","2026/07/18","","437","êVìÏí ñ{èB","","","017","S3863R","01","EH3044V","","CNY","","22.70","","","","","SR  ﬁ¬œŸ  ≤∂Øƒ","","90","M","","25","","","375","18.20","","18.20","","","","","","","","","26-00094","","","","","",""
"2026/04/01","2026/07/18","","437","êVìÏí ñ{èB","","","007","S3863R","01","EH3057V","","CNY","","22.70","","","","","SR ∑√®¬≤∞ƒﬁ ≤∂Øƒ","","10","M","","0","","","325","18.40","","18.40","","","","","","","","","26-00094","","","","","",""
"2026/04/01","2026/07/18","","437","êVìÏí ñ{èB","","","017","S3863R","01","EH3057V","","CNY","","22.70","","","","","SR ∑√®¬≤∞ƒﬁ ≤∂Øƒ","","10","M","","25","","","575","18.40","","18.40","","","","","","","","","26-00094","","","","","",""
"2026/04/01","2026/07/18","","437","êVìÏí ñ{èB","","","007","S3863R","01","EH3058V","","CNY","","22.70","","","","","SR ∏€–¬≤∞ƒﬁ ≤∂Øƒ","","90","M","","0","","","325","18.00","","18.00","","","","","","","","","26-00094","","","","","",""
"2026/04/01","2026/07/18","","437","êVìÏí ñ{èB","","","017","S3863R","01","EH3058V","","CNY","","22.70","","","","","SR ∏€–¬≤∞ƒﬁ ≤∂Øƒ","","90","M","","25","","","575","18.00","","18.00","","","","","","","","","26-00094","","","","","",""
"2026/04/01","2026/07/18","","437","êVìÏí ñ{èB","","","007","S3863R","01","EH3064V","","CNY","","22.70","","","","","SR ∏€–Œﬁ± ≤∂Øƒ","","50","M","","0","","","325","18.10","","18.10","","","","","","","","","26-00094","","","","","",""
"2026/04/01","2026/07/18","","437","êVìÏí ñ{èB","","","017","S3863R","01","EH3064V","","CNY","","22.70","","","","","SR ∏€–Œﬁ± ≤∂Øƒ","","50","M","","25","","","275","18.10","","18.10","","","","","","","","","26-00094","","","","","",""
"2026/04/01","2026/07/18","","437","êVìÏí ñ{èB","","","007","S3863R","01","EH3065V","","CNY","","22.70","","","","","SK ”›¡Ø¡Œﬁ± ≤∂Øƒ","","10","M","","0","","","325","18.20","","18.20","","","","","","","","","26-00094","","","","","",""
"2026/04/01","2026/07/18","","437","êVìÏí ñ{èB","","","017","S3863R","01","EH3065V","","CNY","","22.70","","","","","SK ”›¡Ø¡Œﬁ± ≤∂Øƒ","","10","M","","25","","","475","18.20","","18.20","","","","","","","","","26-00094","","","","","",""
"2026/04/01","2026/07/18","","437","êVìÏí ñ{èB","","","007","S3863R","01","EH3091V","","CNY","","22.70","","","","","SR À‘π∑√®æﬁÃﬁ◊ ≤∂Øƒ","","90","M","","0","","","325","19.60","","19.60","","","","","","","","","26-00094","","","","","",""
"2026/04/01","2026/07/18","","437","êVìÏí ñ{èB","","","017","S3863R","01","EH3091V","","CNY","","22.70","","","","","SR À‘π∑√®æﬁÃﬁ◊ ≤∂Øƒ","","90","M","","25","","","675","19.60","","19.60","","","","","","","","","26-00094","","","","","",""
"2026/04/01","2026/07/18","","437","êVìÏí ñ{èB","","","007","S3863R","01","EH3093V","","CNY","","22.70","","","","","SR ÀÆ≥∂ﬁ◊∑√® ≤∂Øƒ","","11","M","","0","","","325","19.10","","19.10","","","","","","","","","26-00094","","","","","",""
"2026/04/01","2026/07/18","","437","êVìÏí ñ{èB","","","017","S3863R","01","EH3093V","","CNY","","22.70","","","","","SR ÀÆ≥∂ﬁ◊∑√® ≤∂Øƒ","","11","M","","25","","","475","19.10","","19.10","","","","","","","","","26-00094","","","","","",""
"2026/04/01","2026/07/18","","437","êVìÏí ñ{èB","","","007","S3863R","01","EH3100V","","CNY","","22.70","","","","","SXÿ◊Ø∏œŒﬁ± ﬂ›¿€›","","62","M","","0","","","325","17.60","","17.60","","","","","","","","","26-00094","","","","","",""
"2026/04/01","2026/07/18","","437","êVìÏí ñ{èB","","","017","S3863R","01","EH3100V","","CNY","","22.70","","","","","SXÿ◊Ø∏œŒﬁ± ﬂ›¿€›","","62","M","","25","","","175","17.60","","17.60","","","","","","","","","26-00094","","","","","",""
"2026/04/01","2026/07/18","","437","êVìÏí ñ{èB","","","007","S3863R","01","EH3102V","","CNY","","22.70","","","","","SXÿ◊Ø∏œŒﬁ± ﬂ›¿€›","","11","M","","0","","","325","17.60","","17.60","","","","","","","","","26-00094","","","","","",""
"2026/04/01","2026/07/18","","437","êVìÏí ñ{èB","","","017","S3863R","01","EH3102V","","CNY","","22.70","","","","","SXÿ◊Ø∏œŒﬁ± ﬂ›¿€›","","11","M","","25","","","175","17.60","","17.60","","","","","","","","","26-00094","","","","","",""
"2026/04/01","2026/07/18","","437","êVìÏí ñ{èB","","","007","S3863R","01","EJ3157V","","CNY","","22.70","","","","","KE Õﬁ√®∂∂ƒ¬∑Ÿ∞—º≠∞Ωﬁ","","90","M","","0","","","325","18.95","","18.95","","","","","","","","","26-00094","","","","","",""
"2026/04/01","2026/07/18","","437","êVìÏí ñ{èB","","","017","S3863R","01","EJ3157V","","CNY","","22.70","","","","","KE Õﬁ√®∂∂ƒ¬∑Ÿ∞—º≠∞Ωﬁ","","90","M","","25","","","175","18.95","","18.95","","","","","","","","","26-00094","","","","","",""
"2026/04/01","2026/07/18","","437","êVìÏí ñ{èB","","","007","S3863R","01","EJ3158V","","CNY","","22.70","","","","","SR  ›∑ﬁÆƒﬁ›∂∂ƒ¬∑Ÿ∞—º≠∞Ωﬁ","","30","M","","0","","","325","19.75","","19.75","","","","","","","","","26-00094","","","","","",""
"2026/04/01","2026/07/18","","437","êVìÏí ñ{èB","","","017","S3863R","01","EJ3158V","","CNY","","22.70","","","","","SR  ›∑ﬁÆƒﬁ›∂∂ƒ¬∑Ÿ∞—º≠∞Ωﬁ","","30","M","","25","","","275","19.75","","19.75","","","","","","","","","26-00094","","","","","",""
"2026/04/01","2026/07/18","","437","êVìÏí ñ{èB","","","007","S3863R","01","EJ3162V","","CNY","","22.70","","","","","SR ∑√®æﬁÃﬁ◊∂ﬁ◊”ØÃﬂ","","90","M","","0","","","325","17.50","","17.50","","","","","","","","","26-00094","","","","","",""
"2026/04/01","2026/07/18","","437","êVìÏí ñ{èB","","","017","S3863R","01","EJ3162V","","CNY","","22.70","","","","","SR ∑√®æﬁÃﬁ◊∂ﬁ◊”ØÃﬂ","","90","M","","25","","","875","17.50","","17.50","","","","","","","","","26-00094","","","","","",""
"2026/04/01","2026/07/18","","437","êVìÏí ñ{èB","","","007","S3863R","01","EJ3172V","","CNY","","22.70","","","","","KE ∫Àﬁƒ¬ﬁ∂›∂∏⁄””ºﬁÿ”ØÃﬂ","","21","M","","0","","","325","17.50","","17.50","","","","","","","","","26-00094","","","","","",""
"2026/04/01","2026/07/18","","437","êVìÏí ñ{èB","","","017","S3863R","01","EJ3172V","","CNY","","22.70","","","","","KE ∫Àﬁƒ¬ﬁ∂›∂∏⁄””ºﬁÿ”ØÃﬂ","","21","M","","25","","","275","17.50","","17.50","","","","","","","","","26-00094","","","","","",""
"2026/04/01","2026/07/18","","437","êVìÏí ñ{èB","","","007","S3863R","01","EJ3173V","","CNY","","22.70","","","","","KE ∫Àﬁƒ¬ﬁ∂›ø≥∂ﬁ◊”ØÃﬂ","","20","M","","0","","","325","17.50","","17.50","","","","","","","","","26-00094","","","","","",""
"2026/04/01","2026/07/18","","437","êVìÏí ñ{èB","","","017","S3863R","01","EJ3173V","","CNY","","22.70","","","","","KE ∫Àﬁƒ¬ﬁ∂›ø≥∂ﬁ◊”ØÃﬂ","","20","M","","25","","","675","17.50","","17.50","","","","","","","","","26-00094","","","","","",""
"2026/04/01","2026/07/18","","437","êVìÏí ñ{èB","","","007","S3863R","01","EJ3181V","","CNY","","22.70","","","","","KE ∂∏⁄””ºﬁÿ”¡”¡Ÿ∞—º≠∞Ωﬁ","","11","M","","0","","","325","20.50","","20.50","","","","","","","","","26-00094","","","","","",""
"2026/04/01","2026/07/18","","437","êVìÏí ñ{èB","","","017","S3863R","01","EJ3181V","","CNY","","22.70","","","","","KE ∂∏⁄””ºﬁÿ”¡”¡Ÿ∞—º≠∞Ωﬁ","","11","M","","25","","","75","20.50","","20.50","","","","","","","","","26-00094","","","","","",""
"2026/03/30","2026/05/29","","105","ã‡êX","","","017","S3864","01","FE2555W","","CNY","","22.70","","","","","É}ÉãÉ`Ωƒ◊≤ÃﬂÅ@ñÉ","","32","L","","0","","","400","13.05","","13.05","","","","","","","","","26-00095","","","","","",""
"2026/03/30","2026/05/29","","105","ã‡êX","","","017","S3864","01","FE2556W","","CNY","","22.70","","","","","ésèºÅ@ñÉ","","80","LL","","0","","","400","0.00","","0.00","","","","","","","","","26-00095","","","","","",""
"2026/03/30","2026/05/29","","105","ã‡êX","","","017","S3864","01","FE2557W","","CNY","","22.70","","","","","ΩºéhèJÅ@ñÉ","","22","L","","0","","","400","13.05","","13.05","","","","","","","","","26-00095","","","","","",""
"2026/03/30","2026/05/29","","105","ã‡êX","","","017","S3864","01","FE2558W","","CNY","","22.70","","","","","ÉTÉPéhèJÅ@ñÉ","","90","LL","","0","","","400","13.05","","13.05","","","","","","","","","26-00095","","","","","",""
"2026/04/01","2026/05/12","","437","êVìÏí ñ{èB","","","017","S3866","01","FE2115V","","CNY","","22.70","","","","","SR €∞∑√®ÀÆ≥","","62","M","","0","","","1450","0.00","","0.00","","","","","","","","","26-00096","","","","","",""
"2026/04/01","2026/05/12","","437","êVìÏí ñ{èB","","","017","S3866","01","FE2115V","","CNY","","22.70","","","","","SR €∞∑√®ÀÆ≥","","62","M","","20","","","100","0.00","","0.00","","","","","","","","","26-00096","","","","","",""
"2026/04/01","2026/05/12","","437","êVìÏí ñ{èB","","","017","S3866","01","FE2116V","","CNY","","22.70","","","","","SR∏€–ÀÆ≥","","80","M","","0","","","1450","0.00","","0.00","","","","","","","","","26-00096","","","","","",""
"2026/04/01","2026/05/12","","437","êVìÏí ñ{èB","","","017","S3866","01","FE2116V","","CNY","","22.70","","","","","SR∏€–ÀÆ≥","","80","M","","20","","","100","0.00","","0.00","","","","","","","","","26-00096","","","","","",""
"2026/04/01","2026/05/12","","437","êVìÏí ñ{èB","","","017","S3866","01","FE2117V","","CNY","","22.70","","","","","SR €∞∑√®ÀÆ≥P","","11","M","","0","","","1450","0.00","","0.00","","","","","","","","","26-00096","","","","","",""
"2026/04/01","2026/05/12","","437","êVìÏí ñ{èB","","","017","S3866","01","FE2117V","","CNY","","22.70","","","","","SR €∞∑√®ÀÆ≥P","","11","M","","20","","","100","0.00","","0.00","","","","","","","","","26-00096","","","","","",""
"2026/04/01","2026/05/12","","437","êVìÏí ñ{èB","","","017","S3866","01","FE2118V","","CNY","","22.70","","","","","SR∏€–ÀÆ≥PU","","50","M","","0","","","1450","0.00","","0.00","","","","","","","","","26-00096","","","","","",""
"2026/04/01","2026/05/12","","437","êVìÏí ñ{èB","","","017","S3866","01","FE2118V","","CNY","","22.70","","","","","SR∏€–ÀÆ≥PU","","50","M","","20","","","100","0.00","","0.00","","","","","","","","","26-00096","","","","","",""
"2026/04/01","2026/05/20","","437","êVìÏí ñ{èB","","","017","S3865","01","EH3101V","","CNY","","22.70","","","","","BO ◊∏ﬁ±≥ƒÃÿŸ ﬂ›¿€›","","11","M","","20","","","400","18.20","","18.20","","","","","","","","","26-00097","","","","","",""
"2026/04/01","2026/05/20","","437","êVìÏí ñ{èB","","","017","S3865","01","EH3101V","","CNY","","22.70","","","","","BO ◊∏ﬁ±≥ƒÃÿŸ ﬂ›¿€›","","90","M","","20","","","400","18.20","","18.20","","","","","","","","","26-00097","","","","","",""
"2026/04/01","2026/05/20","","437","êVìÏí ñ{èB","","","017","S3865","01","FD2370V","","CNY","","22.70","","","","","±∆œŸ“Øº≠≥º","","60","M","","20","","","500","21.35","","21.35","","","","","","","","","26-00097","","","","","",""
"2026/04/01","2026/05/20","","437","êVìÏí ñ{èB","","","017","S3865","01","FH2113V","","CNY","","22.70","","","","","KE ∂∏⁄””ºﬁÿ“Øº≠ ﬂ›¿","","11","M","","20","","","800","17.70","","17.70","","","","","","","","","26-00097","","","","","",""
"2026/04/10","2026/05/28","","411","ìÏí ì°ìå","","","007","S3876","01","NS1430F","","CNY","","22.70","","","","","ïùçLÇµÇ»Ç‚∂∞Ÿ","","11","M","","20","","","2840","9.50","","9.50","","","","","","","","","26-00098","","","","","",""
"2026/04/10","2026/05/28","","411","ìÏí ì°ìå","","","007","S3876","01","NS1430F","","CNY","","22.70","","","","","ïùçLÇµÇ»Ç‚∂∞Ÿ","","11","L","","20","","","2840","9.50","","9.50","","","","","","","","","26-00098","","","","","",""
"2026/04/10","2026/05/28","","411","ìÏí ì°ìå","","","007","S3876","01","NS1430F","","CNY","","22.70","","","","","ïùçLÇµÇ»Ç‚∂∞Ÿ","","62","M","","20","","","2840","9.50","","9.50","","","","","","","","","26-00098","","","","","",""
"2026/04/10","2026/05/28","","411","ìÏí ì°ìå","","","007","S3876","01","NS1430F","","CNY","","22.70","","","","","ïùçLÇµÇ»Ç‚∂∞Ÿ","","62","L","","20","","","2840","9.50","","9.50","","","","","","","","","26-00098","","","","","",""
"2026/04/10","2026/05/28","","411","ìÏí ì°ìå","","","007","S3876","01","NS1430F","","CNY","","22.70","","","","","ïùçLÇµÇ»Ç‚∂∞Ÿ","","90","M","","20","","","2840","9.50","","9.50","","","","","","","","","26-00098","","","","","",""
"2026/04/10","2026/05/28","","411","ìÏí ì°ìå","","","007","S3876","01","NS1430F","","CNY","","22.70","","","","","ïùçLÇµÇ»Ç‚∂∞Ÿ","","90","L","","20","","","2840","9.50","","9.50","","","","","","","","","26-00098","","","","","",""
"2026/04/10","2026/05/28","","411","ìÏí ì°ìå","","","007","S3876","01","NS7642F","","CNY","","22.70","","","","","ïùçLÇµÇ»Ç‚∂∞Ÿ","","32","M","","20","","","1420","9.50","","9.50","","","","","","","","","26-00098","","","","","",""
"2026/04/10","2026/05/28","","411","ìÏí ì°ìå","","","007","S3876","01","NS7642F","","CNY","","22.70","","","","","ïùçLÇµÇ»Ç‚∂∞Ÿ","","32","L","","20","","","1420","9.50","","9.50","","","","","","","","","26-00098","","","","","",""
"2026/04/10","2026/05/28","","411","ìÏí ì°ìå","","","007","S3876","01","NS7642F","","CNY","","22.70","","","","","ïùçLÇµÇ»Ç‚∂∞Ÿ","","90","M","","20","","","1420","9.50","","9.50","","","","","","","","","26-00098","","","","","",""
"2026/04/10","2026/05/28","","411","ìÏí ì°ìå","","","007","S3876","01","NS7642F","","CNY","","22.70","","","","","ïùçLÇµÇ»Ç‚∂∞Ÿ","","90","L","","20","","","1420","9.50","","9.50","","","","","","","","","26-00098","","","","","",""
"2026/04/02","2026/06/17","","437","êVìÏí ñ{èB","","","010","S3867","01","CJ2064V","","CNY","","22.70","","","","","SP ¡≤∂‹¡Æ∫›¡≤∂‹","","11","M","","20","","","500","13.90","","13.90","","","","","","","","","26-00099","","","","","",""
"2026/04/02","2026/06/17","","437","êVìÏí ñ{èB","","","010","S3867","01","CJ2065V","","CNY","","22.70","","","","","SP ¡≤∂‹¡Æ∫› ¡‹⁄","","62","M","","20","","","500","13.90","","13.90","","","","","","","","","26-00099","","","","","",""
"2026/04/10","2026/06/04","","411","ìÏí ì°ìå","","","807","S3877","01","NS1430F","","CNY","","22.70","","","","","ïùçLÇµÇ»Ç‚∂∞Ÿ","","11","M","","20","","","3660","9.50","","9.50","","","","","","","","","26-00100","","","","","",""
"2026/04/10","2026/06/04","","411","ìÏí ì°ìå","","","807","S3877","01","NS1430F","","CNY","","22.70","","","","","ïùçLÇµÇ»Ç‚∂∞Ÿ","","11","L","","20","","","1860","9.50","","9.50","","","","","","","","","26-00100","","","","","",""
"2026/04/10","2026/06/04","","411","ìÏí ì°ìå","","","807","S3877","01","NS1430F","","CNY","","22.70","","","","","ïùçLÇµÇ»Ç‚∂∞Ÿ","","62","M","","20","","","2260","9.50","","9.50","","","","","","","","","26-00100","","","","","",""
"2026/04/10","2026/06/04","","411","ìÏí ì°ìå","","","807","S3877","01","NS1430F","","CNY","","22.70","","","","","ïùçLÇµÇ»Ç‚∂∞Ÿ","","62","L","","20","","","1660","9.50","","9.50","","","","","","","","","26-00100","","","","","",""
"2026/04/10","2026/06/04","","411","ìÏí ì°ìå","","","807","S3877","01","NS1430F","","CNY","","22.70","","","","","ïùçLÇµÇ»Ç‚∂∞Ÿ","","90","M","","20","","","2460","9.50","","9.50","","","","","","","","","26-00100","","","","","",""
"2026/04/10","2026/06/04","","411","ìÏí ì°ìå","","","807","S3877","01","NS1430F","","CNY","","22.70","","","","","ïùçLÇµÇ»Ç‚∂∞Ÿ","","90","L","","20","","","3060","9.50","","9.50","","","","","","","","","26-00100","","","","","",""
"2026/04/10","2026/06/04","","411","ìÏí ì°ìå","","","807","S3877","01","NS7642F","","CNY","","22.70","","","","","ïùçLÇµÇ»Ç‚∂∞Ÿ","","32","M","","20","","","1500","9.50","","9.50","","","","","","","","","26-00100","","","","","",""
"2026/04/10","2026/06/04","","411","ìÏí ì°ìå","","","807","S3877","01","NS7642F","","CNY","","22.70","","","","","ïùçLÇµÇ»Ç‚∂∞Ÿ","","32","L","","20","","","1500","9.50","","9.50","","","","","","","","","26-00100","","","","","",""
"2026/04/10","2026/06/04","","411","ìÏí ì°ìå","","","807","S3877","01","NS7642F","","CNY","","22.70","","","","","ïùçLÇµÇ»Ç‚∂∞Ÿ","","90","M","","20","","","1380","9.50","","9.50","","","","","","","","","26-00100","","","","","",""
"2026/04/10","2026/06/04","","411","ìÏí ì°ìå","","","807","S3877","01","NS7642F","","CNY","","22.70","","","","","ïùçLÇµÇ»Ç‚∂∞Ÿ","","90","L","","20","","","1500","9.50","","9.50","","","","","","","","","26-00100","","","","","",""
"2026/04/10","2026/05/28","","404","à¿ãJëÒíy","","","007","S3875","01","NS1423J","","CNY","","22.70","","","","","LC∏€Øº∞EVAª›¿ﬁŸïwêl","","63","M","","20","","","1420","17.90","","17.90","","","","","","","","","26-00101","","","","","",""
"2026/04/10","2026/05/28","","404","à¿ãJëÒíy","","","007","S3875","01","NS1423J","","CNY","","22.70","","","","","LC∏€Øº∞EVAª›¿ﬁŸïwêl","","63","L","","20","","","1420","17.90","","17.90","","","","","","","","","26-00101","","","","","",""
"2026/04/10","2026/05/28","","404","à¿ãJëÒíy","","","007","S3875","01","NS1423J","","CNY","","22.70","","","","","LC∏€Øº∞EVAª›¿ﬁŸïwêl","","90","M","","20","","","1420","17.90","","17.90","","","","","","","","","26-00101","","","","","",""
"2026/04/10","2026/05/28","","404","à¿ãJëÒíy","","","007","S3875","01","NS1423J","","CNY","","22.70","","","","","LC∏€Øº∞EVAª›¿ﬁŸïwêl","","90","L","","20","","","1420","17.90","","17.90","","","","","","","","","26-00101","","","","","",""
"2026/04/10","2026/05/28","","404","à¿ãJëÒíy","","","007","S3875","01","NS1429J","","CNY","","22.70","","","","","µ‘’Àﬁ≥´∞∏","","10","M","","20","","","2840","9.80","","9.80","","","","","","","","","26-00101","","","","","",""
"2026/04/10","2026/05/28","","404","à¿ãJëÒíy","","","007","S3875","01","NS1429J","","CNY","","22.70","","","","","µ‘’Àﬁ≥´∞∏","","10","L","","20","","","2840","9.80","","9.80","","","","","","","","","26-00101","","","","","",""
"2026/04/10","2026/05/28","","404","à¿ãJëÒíy","","","007","S3875","01","NS1429J","","CNY","","22.70","","","","","µ‘’Àﬁ≥´∞∏","","11","M","","20","","","2840","9.80","","9.80","","","","","","","","","26-00101","","","","","",""
"2026/04/10","2026/05/28","","404","à¿ãJëÒíy","","","007","S3875","01","NS1429J","","CNY","","22.70","","","","","µ‘’Àﬁ≥´∞∏","","11","L","","20","","","2840","9.80","","9.80","","","","","","","","","26-00101","","","","","",""
"2026/04/10","2026/05/28","","404","à¿ãJëÒíy","","","007","S3875","01","NS1429J","","CNY","","22.70","","","","","µ‘’Àﬁ≥´∞∏","","20","M","","20","","","2840","9.80","","9.80","","","","","","","","","26-00101","","","","","",""
"2026/04/10","2026/05/28","","404","à¿ãJëÒíy","","","007","S3875","01","NS1429J","","CNY","","22.70","","","","","µ‘’Àﬁ≥´∞∏","","20","L","","20","","","2840","9.80","","9.80","","","","","","","","","26-00101","","","","","",""
"2026/04/10","2026/05/28","","404","à¿ãJëÒíy","","","007","S3875","01","NS1429J","","CNY","","22.70","","","","","µ‘’Àﬁ≥´∞∏","","50","M","","20","","","2840","9.80","","9.80","","","","","","","","","26-00101","","","","","",""
"2026/04/10","2026/05/28","","404","à¿ãJëÒíy","","","007","S3875","01","NS1429J","","CNY","","22.70","","","","","µ‘’Àﬁ≥´∞∏","","50","L","","20","","","2840","9.80","","9.80","","","","","","","","","26-00101","","","","","",""
"2026/04/10","2026/05/28","","404","à¿ãJëÒíy","","","007","S3875","01","NS1429J","","CNY","","22.70","","","","","µ‘’Àﬁ≥´∞∏","","80","M","","20","","","2840","9.80","","9.80","","","","","","","","","26-00101","","","","","",""
"2026/04/10","2026/05/28","","404","à¿ãJëÒíy","","","007","S3875","01","NS1429J","","CNY","","22.70","","","","","µ‘’Àﬁ≥´∞∏","","80","L","","20","","","2840","9.80","","9.80","","","","","","","","","26-00101","","","","","",""
"2026/04/10","2026/05/28","","404","à¿ãJëÒíy","","","007","S3875","01","NS1429J","","CNY","","22.70","","","","","µ‘’Àﬁ≥´∞∏","","90","M","","20","","","2840","9.80","","9.80","","","","","","","","","26-00101","","","","","",""
"2026/04/10","2026/05/28","","404","à¿ãJëÒíy","","","007","S3875","01","NS1429J","","CNY","","22.70","","","","","µ‘’Àﬁ≥´∞∏","","90","L","","20","","","2840","9.80","","9.80","","","","","","","","","26-00101","","","","","",""
"2026/04/10","2026/05/28","","404","à¿ãJëÒíy","","","007","S3875","01","NS1431J","","CNY","","22.70","","","","","LC∏€Øº∞EVAª›¿ﬁŸëOï¬Ç∂ïwêl","","62","M","","20","","","1420","18.20","","18.20","","","","","","","","","26-00101","","","","","",""
"2026/04/10","2026/05/28","","404","à¿ãJëÒíy","","","007","S3875","01","NS1431J","","CNY","","22.70","","","","","LC∏€Øº∞EVAª›¿ﬁŸëOï¬Ç∂ïwêl","","62","L","","20","","","1420","18.20","","18.20","","","","","","","","","26-00101","","","","","",""
"2026/04/10","2026/05/28","","404","à¿ãJëÒíy","","","007","S3875","01","NS1431J","","CNY","","22.70","","","","","LC∏€Øº∞EVAª›¿ﬁŸëOï¬Ç∂ïwêl","","90","M","","20","","","1420","18.20","","18.20","","","","","","","","","26-00101","","","","","",""
"2026/04/10","2026/05/28","","404","à¿ãJëÒíy","","","007","S3875","01","NS1431J","","CNY","","22.70","","","","","LC∏€Øº∞EVAª›¿ﬁŸëOï¬Ç∂ïwêl","","90","L","","20","","","1420","18.20","","18.20","","","","","","","","","26-00101","","","","","",""
"2026/04/10","2026/05/28","","404","à¿ãJëÒíy","","","007","S3875","01","NS7636J","","CNY","","22.70","","","","","LC∏€Øº∞EVAª›¿ﬁŸêaém","","90","M","","20","","","1420","17.90","","17.90","","","","","","","","","26-00101","","","","","",""
"2026/04/10","2026/05/28","","404","à¿ãJëÒíy","","","007","S3875","01","NS7636J","","CNY","","22.70","","","","","LC∏€Øº∞EVAª›¿ﬁŸêaém","","90","L","","20","","","1420","17.90","","17.90","","","","","","","","","26-00101","","","","","",""
"2026/04/10","2026/05/28","","404","à¿ãJëÒíy","","","007","S3875","01","NS7636J","","CNY","","22.70","","","","","LC∏€Øº∞EVAª›¿ﬁŸêaém","","90","LL","","20","","","500","17.90","","17.90","","","","","","","","","26-00101","","","","","",""
"2026/04/10","2026/05/28","","404","à¿ãJëÒíy","","","007","S3875","01","NS7641J","","CNY","","22.70","","","","","µ‘’Àﬁ≥´∞∏","","30","M","","20","","","2840","9.80","","9.80","","","","","","","","","26-00101","","","","","",""
"2026/04/10","2026/05/28","","404","à¿ãJëÒíy","","","007","S3875","01","NS7641J","","CNY","","22.70","","","","","µ‘’Àﬁ≥´∞∏","","30","L","","20","","","2840","9.80","","9.80","","","","","","","","","26-00101","","","","","",""
"2026/04/10","2026/05/28","","404","à¿ãJëÒíy","","","007","S3875","01","NS7641J","","CNY","","22.70","","","","","µ‘’Àﬁ≥´∞∏","","80","M","","20","","","2840","9.80","","9.80","","","","","","","","","26-00101","","","","","",""
"2026/04/10","2026/05/28","","404","à¿ãJëÒíy","","","007","S3875","01","NS7641J","","CNY","","22.70","","","","","µ‘’Àﬁ≥´∞∏","","80","L","","20","","","2840","9.80","","9.80","","","","","","","","","26-00101","","","","","",""
"2026/04/10","2026/05/28","","404","à¿ãJëÒíy","","","007","S3875","01","NS7641J","","CNY","","22.70","","","","","µ‘’Àﬁ≥´∞∏","","90","M","","20","","","2840","9.80","","9.80","","","","","","","","","26-00101","","","","","",""
"2026/04/10","2026/05/28","","404","à¿ãJëÒíy","","","007","S3875","01","NS7641J","","CNY","","22.70","","","","","µ‘’Àﬁ≥´∞∏","","90","L","","20","","","2840","9.80","","9.80","","","","","","","","","26-00101","","","","","",""
"2026/04/10","2026/05/28","","404","à¿ãJëÒíy","","","007","S3875","01","NS7643J","","CNY","","22.70","","","","","LC∏€Øº∞EVAª›¿ﬁŸêaém","","90","M","","20","","","1420","18.20","","18.20","","","","","","","","","26-00101","","","","","",""
"2026/04/10","2026/05/28","","404","à¿ãJëÒíy","","","007","S3875","01","NS7643J","","CNY","","22.70","","","","","LC∏€Øº∞EVAª›¿ﬁŸêaém","","90","L","","20","","","500","18.20","","18.20","","","","","","","","","26-00101","","","","","",""
"2026/04/10","2026/06/11","","404","à¿ãJëÒíy","","","007","S3878","01","NS1429J","","CNY","","22.70","","","","","µ‘’Àﬁ≥´∞∏","","10","M","","20","","","1420","9.80","","9.80","","","","","","","","","26-00102","","","","","",""
"2026/04/10","2026/06/11","","404","à¿ãJëÒíy","","","007","S3878","01","NS1429J","","CNY","","22.70","","","","","µ‘’Àﬁ≥´∞∏","","10","L","","20","","","1420","9.80","","9.80","","","","","","","","","26-00102","","","","","",""
"2026/04/10","2026/06/11","","404","à¿ãJëÒíy","","","007","S3878","01","NS1429J","","CNY","","22.70","","","","","µ‘’Àﬁ≥´∞∏","","11","M","","20","","","1420","9.80","","9.80","","","","","","","","","26-00102","","","","","",""
"2026/04/10","2026/06/11","","404","à¿ãJëÒíy","","","007","S3878","01","NS1429J","","CNY","","22.70","","","","","µ‘’Àﬁ≥´∞∏","","11","L","","20","","","1420","9.80","","9.80","","","","","","","","","26-00102","","","","","",""
"2026/04/10","2026/06/11","","404","à¿ãJëÒíy","","","007","S3878","01","NS1429J","","CNY","","22.70","","","","","µ‘’Àﬁ≥´∞∏","","20","M","","20","","","1420","9.80","","9.80","","","","","","","","","26-00102","","","","","",""
"2026/04/10","2026/06/11","","404","à¿ãJëÒíy","","","007","S3878","01","NS1429J","","CNY","","22.70","","","","","µ‘’Àﬁ≥´∞∏","","20","L","","20","","","1420","9.80","","9.80","","","","","","","","","26-00102","","","","","",""
"2026/04/10","2026/06/11","","404","à¿ãJëÒíy","","","007","S3878","01","NS1429J","","CNY","","22.70","","","","","µ‘’Àﬁ≥´∞∏","","50","M","","20","","","1420","9.80","","9.80","","","","","","","","","26-00102","","","","","",""
"2026/04/10","2026/06/11","","404","à¿ãJëÒíy","","","007","S3878","01","NS1429J","","CNY","","22.70","","","","","µ‘’Àﬁ≥´∞∏","","50","L","","20","","","1420","9.80","","9.80","","","","","","","","","26-00102","","","","","",""
"2026/04/10","2026/06/11","","404","à¿ãJëÒíy","","","007","S3878","01","NS1429J","","CNY","","22.70","","","","","µ‘’Àﬁ≥´∞∏","","80","M","","20","","","1420","9.80","","9.80","","","","","","","","","26-00102","","","","","",""
"2026/04/10","2026/06/11","","404","à¿ãJëÒíy","","","007","S3878","01","NS1429J","","CNY","","22.70","","","","","µ‘’Àﬁ≥´∞∏","","80","L","","20","","","1420","9.80","","9.80","","","","","","","","","26-00102","","","","","",""
"2026/04/10","2026/06/11","","404","à¿ãJëÒíy","","","007","S3878","01","NS1429J","","CNY","","22.70","","","","","µ‘’Àﬁ≥´∞∏","","90","M","","20","","","1420","9.80","","9.80","","","","","","","","","26-00102","","","","","",""
"2026/04/10","2026/06/11","","404","à¿ãJëÒíy","","","007","S3878","01","NS1429J","","CNY","","22.70","","","","","µ‘’Àﬁ≥´∞∏","","90","L","","20","","","1420","9.80","","9.80","","","","","","","","","26-00102","","","","","",""
"2026/04/10","2026/06/11","","404","à¿ãJëÒíy","","","007","S3878","01","NS7641J","","CNY","","22.70","","","","","µ‘’Àﬁ≥´∞∏","","90","M","","20","","","1420","9.80","","9.80","","","","","","","","","26-00102","","","","","",""
"2026/04/10","2026/06/11","","404","à¿ãJëÒíy","","","007","S3878","01","NS7641J","","CNY","","22.70","","","","","µ‘’Àﬁ≥´∞∏","","90","L","","20","","","1420","9.80","","9.80","","","","","","","","","26-00102","","","","","",""
"2026/04/10","2026/05/28","","437","êVìÏí ñ{èB","","","007","S3879","01","NS1424V","","CNY","","22.70","","","","","LC∏€Øº∞∑Ÿ√®›∏ﬁª›¿ﬁŸïwêl","","90","M","","20","","","1420","25.30","","25.30","","","","","","","","","26-00103","","","","","",""
"2026/04/10","2026/05/28","","437","êVìÏí ñ{èB","","","007","S3879","01","NS1424V","","CNY","","22.70","","","","","LC∏€Øº∞∑Ÿ√®›∏ﬁª›¿ﬁŸïwêl","","90","L","","20","","","1420","25.30","","25.30","","","","","","","","","26-00103","","","","","",""
"2026/04/10","2026/05/28","","437","êVìÏí ñ{èB","","","007","S3879","01","NS7637V","","CNY","","22.70","","","","","LC∏€Øº∞∑Ÿ√®›∏ﬁª›¿ﬁŸêaém","","90","M","","20","","","1420","27.20","","27.20","","","","","","","","","26-00103","","","","","",""
"2026/04/10","2026/05/28","","437","êVìÏí ñ{èB","","","007","S3879","01","NS7637V","","CNY","","22.70","","","","","LC∏€Øº∞∑Ÿ√®›∏ﬁª›¿ﬁŸêaém","","90","L","","20","","","500","27.20","","27.20","","","","","","","","","26-00103","","","","","",""
"2026/04/10","2026/06/04","","437","êVìÏí ñ{èB","","","807","S3880","01","NS1424V","","CNY","","22.70","","","","","LC∏€Øº∞∑Ÿ√®›∏ﬁª›¿ﬁŸïwêl","","90","M","","20","","","80","25.30","","25.30","","","","","","","","","26-00104","","","","","",""
"2026/04/10","2026/06/04","","437","êVìÏí ñ{èB","","","807","S3880","01","NS1424V","","CNY","","22.70","","","","","LC∏€Øº∞∑Ÿ√®›∏ﬁª›¿ﬁŸïwêl","","90","L","","20","","","80","25.30","","25.30","","","","","","","","","26-00104","","","","","",""
"2026/04/10","2026/06/04","","437","êVìÏí ñ{èB","","","807","S3880","01","NS7637V","","CNY","","22.70","","","","","LC∏€Øº∞∑Ÿ√®›∏ﬁª›¿ﬁŸêaém","","90","M","","20","","","980","27.20","","27.20","","","","","","","","","26-00104","","","","","",""
"2026/04/10","2026/06/04","","437","êVìÏí ñ{èB","","","807","S3880","01","NS7637V","","CNY","","22.70","","","","","LC∏€Øº∞∑Ÿ√®›∏ﬁª›¿ﬁŸêaém","","90","L","","20","","","1000","27.20","","27.20","","","","","","","","","26-00104","","","","","",""
"2026/04/10","2026/06/04","","404","à¿ãJëÒíy","","","807","S3881","01","NS1423J","","CNY","","22.70","","","","","LC∏€Øº∞EVAª›¿ﬁŸïwêl","","63","M","","20","","","580","17.90","","17.90","","","","","","","","","26-00105","","","","","",""
"2026/04/10","2026/06/04","","404","à¿ãJëÒíy","","","807","S3881","01","NS1423J","","CNY","","22.70","","","","","LC∏€Øº∞EVAª›¿ﬁŸïwêl","","63","L","","20","","","80","17.90","","17.90","","","","","","","","","26-00105","","","","","",""
"2026/04/10","2026/06/04","","404","à¿ãJëÒíy","","","807","S3881","01","NS1423J","","CNY","","22.70","","","","","LC∏€Øº∞EVAª›¿ﬁŸïwêl","","90","M","","20","","","3000","17.90","","17.90","","","","","","","","","26-00105","","","","","",""
"2026/04/10","2026/06/04","","404","à¿ãJëÒíy","","","807","S3881","01","NS1423J","","CNY","","22.70","","","","","LC∏€Øº∞EVAª›¿ﬁŸïwêl","","90","L","","20","","","3000","17.90","","17.90","","","","","","","","","26-00105","","","","","",""
"2026/04/10","2026/06/04","","404","à¿ãJëÒíy","","","807","S3881","01","NS1429J","","CNY","","22.70","","","","","µ‘’Àﬁ≥´∞∏","","10","M","","20","","","3000","9.80","","9.80","","","","","","","","","26-00105","","","","","",""
"2026/04/10","2026/06/04","","404","à¿ãJëÒíy","","","807","S3881","01","NS1429J","","CNY","","22.70","","","","","µ‘’Àﬁ≥´∞∏","","10","L","","20","","","3000","9.80","","9.80","","","","","","","","","26-00105","","","","","",""
"2026/04/10","2026/06/04","","404","à¿ãJëÒíy","","","807","S3881","01","NS1429J","","CNY","","22.70","","","","","µ‘’Àﬁ≥´∞∏","","11","M","","20","","","3000","9.80","","9.80","","","","","","","","","26-00105","","","","","",""
"2026/04/10","2026/06/04","","404","à¿ãJëÒíy","","","807","S3881","01","NS1429J","","CNY","","22.70","","","","","µ‘’Àﬁ≥´∞∏","","11","L","","20","","","3000","9.80","","9.80","","","","","","","","","26-00105","","","","","",""
"2026/04/10","2026/06/04","","404","à¿ãJëÒíy","","","807","S3881","01","NS1429J","","CNY","","22.70","","","","","µ‘’Àﬁ≥´∞∏","","20","M","","20","","","3000","9.80","","9.80","","","","","","","","","26-00105","","","","","",""
"2026/04/10","2026/06/04","","404","à¿ãJëÒíy","","","807","S3881","01","NS1429J","","CNY","","22.70","","","","","µ‘’Àﬁ≥´∞∏","","20","L","","20","","","3000","9.80","","9.80","","","","","","","","","26-00105","","","","","",""
"2026/04/10","2026/06/04","","404","à¿ãJëÒíy","","","807","S3881","01","NS1429J","","CNY","","22.70","","","","","µ‘’Àﬁ≥´∞∏","","50","M","","20","","","3000","9.80","","9.80","","","","","","","","","26-00105","","","","","",""
"2026/04/10","2026/06/04","","404","à¿ãJëÒíy","","","807","S3881","01","NS1429J","","CNY","","22.70","","","","","µ‘’Àﬁ≥´∞∏","","50","L","","20","","","3000","9.80","","9.80","","","","","","","","","26-00105","","","","","",""
"2026/04/10","2026/06/04","","404","à¿ãJëÒíy","","","807","S3881","01","NS1429J","","CNY","","22.70","","","","","µ‘’Àﬁ≥´∞∏","","80","M","","20","","","3000","9.80","","9.80","","","","","","","","","26-00105","","","","","",""
"2026/04/10","2026/06/04","","404","à¿ãJëÒíy","","","807","S3881","01","NS1429J","","CNY","","22.70","","","","","µ‘’Àﬁ≥´∞∏","","80","L","","20","","","3000","9.80","","9.80","","","","","","","","","26-00105","","","","","",""
"2026/04/10","2026/06/04","","404","à¿ãJëÒíy","","","807","S3881","01","NS1429J","","CNY","","22.70","","","","","µ‘’Àﬁ≥´∞∏","","90","M","","20","","","3000","9.80","","9.80","","","","","","","","","26-00105","","","","","",""
"2026/04/10","2026/06/04","","404","à¿ãJëÒíy","","","807","S3881","01","NS1429J","","CNY","","22.70","","","","","µ‘’Àﬁ≥´∞∏","","90","L","","20","","","3000","9.80","","9.80","","","","","","","","","26-00105","","","","","",""
"2026/04/10","2026/06/04","","404","à¿ãJëÒíy","","","807","S3881","01","NS1431J","","CNY","","22.70","","","","","LC∏€Øº∞EVAª›¿ﬁŸëOï¬Ç∂ïwêl","","62","M","","20","","","580","18.20","","18.20","","","","","","","","","26-00105","","","","","",""
"2026/04/10","2026/06/04","","404","à¿ãJëÒíy","","","807","S3881","01","NS1431J","","CNY","","22.70","","","","","LC∏€Øº∞EVAª›¿ﬁŸëOï¬Ç∂ïwêl","","62","L","","20","","","80","18.20","","18.20","","","","","","","","","26-00105","","","","","",""
"2026/04/10","2026/06/04","","404","à¿ãJëÒíy","","","807","S3881","01","NS1431J","","CNY","","22.70","","","","","LC∏€Øº∞EVAª›¿ﬁŸëOï¬Ç∂ïwêl","","90","M","","20","","","1500","18.20","","18.20","","","","","","","","","26-00105","","","","","",""
"2026/04/10","2026/06/04","","404","à¿ãJëÒíy","","","807","S3881","01","NS1431J","","CNY","","22.70","","","","","LC∏€Øº∞EVAª›¿ﬁŸëOï¬Ç∂ïwêl","","90","L","","20","","","1500","18.20","","18.20","","","","","","","","","26-00105","","","","","",""
"2026/04/10","2026/06/04","","404","à¿ãJëÒíy","","","807","S3881","01","NS7636J","","CNY","","22.70","","","","","LC∏€Øº∞EVAª›¿ﬁŸêaém","","90","M","","20","","","780","17.90","","17.90","","","","","","","","","26-00105","","","","","",""
"2026/04/10","2026/06/04","","404","à¿ãJëÒíy","","","807","S3881","01","NS7636J","","CNY","","22.70","","","","","LC∏€Øº∞EVAª›¿ﬁŸêaém","","90","L","","20","","","1080","17.90","","17.90","","","","","","","","","26-00105","","","","","",""
"2026/04/10","2026/06/04","","404","à¿ãJëÒíy","","","807","S3881","01","NS7636J","","CNY","","22.70","","","","","LC∏€Øº∞EVAª›¿ﬁŸêaém","","90","LL","","20","","","1300","17.90","","17.90","","","","","","","","","26-00105","","","","","",""
"2026/04/10","2026/06/04","","404","à¿ãJëÒíy","","","807","S3881","01","NS7641J","","CNY","","22.70","","","","","µ‘’Àﬁ≥´∞∏","","30","M","","20","","","1500","9.80","","9.80","","","","","","","","","26-00105","","","","","",""
"2026/04/10","2026/06/04","","404","à¿ãJëÒíy","","","807","S3881","01","NS7641J","","CNY","","22.70","","","","","µ‘’Àﬁ≥´∞∏","","30","L","","20","","","1500","9.80","","9.80","","","","","","","","","26-00105","","","","","",""
"2026/04/10","2026/06/04","","404","à¿ãJëÒíy","","","807","S3881","01","NS7641J","","CNY","","22.70","","","","","µ‘’Àﬁ≥´∞∏","","80","M","","20","","","1500","9.80","","9.80","","","","","","","","","26-00105","","","","","",""
"2026/04/10","2026/06/04","","404","à¿ãJëÒíy","","","807","S3881","01","NS7641J","","CNY","","22.70","","","","","µ‘’Àﬁ≥´∞∏","","80","L","","20","","","1500","9.80","","9.80","","","","","","","","","26-00105","","","","","",""
"2026/04/10","2026/06/04","","404","à¿ãJëÒíy","","","807","S3881","01","NS7641J","","CNY","","22.70","","","","","µ‘’Àﬁ≥´∞∏","","90","M","","20","","","1500","9.80","","9.80","","","","","","","","","26-00105","","","","","",""
"2026/04/10","2026/06/04","","404","à¿ãJëÒíy","","","807","S3881","01","NS7641J","","CNY","","22.70","","","","","µ‘’Àﬁ≥´∞∏","","90","L","","20","","","1500","9.80","","9.80","","","","","","","","","26-00105","","","","","",""
"2026/04/10","2026/06/04","","404","à¿ãJëÒíy","","","807","S3881","01","NS7643J","","CNY","","22.70","","","","","LC∏€Øº∞EVAª›¿ﬁŸêaém","","90","M","","20","","","580","18.20","","18.20","","","","","","","","","26-00105","","","","","",""
"2026/04/10","2026/06/04","","404","à¿ãJëÒíy","","","807","S3881","01","NS7643J","","CNY","","22.70","","","","","LC∏€Øº∞EVAª›¿ﬁŸêaém","","90","L","","20","","","900","18.20","","18.20","","","","","","","","","26-00105","","","","","",""
"2026/04/10","2026/06/19","","404","à¿ãJëÒíy","","","807","S3883","01","NS1423J","","CNY","","22.70","","","","","LC∏€Øº∞EVAª›¿ﬁŸïwêl","","90","M","","20","","","1080","17.90","","17.90","","","","","","","","","26-00106","","","","","",""
"2026/04/10","2026/06/19","","404","à¿ãJëÒíy","","","807","S3883","01","NS1423J","","CNY","","22.70","","","","","LC∏€Øº∞EVAª›¿ﬁŸïwêl","","90","L","","20","","","680","17.90","","17.90","","","","","","","","","26-00106","","","","","",""
"2026/04/10","2026/06/19","","404","à¿ãJëÒíy","","","807","S3883","01","NS1429J","","CNY","","22.70","","","","","µ‘’Àﬁ≥´∞∏","","10","M","","20","","","2140","9.80","","9.80","","","","","","","","","26-00106","","","","","",""
"2026/04/10","2026/06/19","","404","à¿ãJëÒíy","","","807","S3883","01","NS1429J","","CNY","","22.70","","","","","µ‘’Àﬁ≥´∞∏","","10","L","","20","","","1040","9.80","","9.80","","","","","","","","","26-00106","","","","","",""
"2026/04/10","2026/06/19","","404","à¿ãJëÒíy","","","807","S3883","01","NS1429J","","CNY","","22.70","","","","","µ‘’Àﬁ≥´∞∏","","11","M","","20","","","740","9.80","","9.80","","","","","","","","","26-00106","","","","","",""
"2026/04/10","2026/06/19","","404","à¿ãJëÒíy","","","807","S3883","01","NS1429J","","CNY","","22.70","","","","","µ‘’Àﬁ≥´∞∏","","11","L","","20","","","440","9.80","","9.80","","","","","","","","","26-00106","","","","","",""
"2026/04/10","2026/06/19","","404","à¿ãJëÒíy","","","807","S3883","01","NS1429J","","CNY","","22.70","","","","","µ‘’Àﬁ≥´∞∏","","20","M","","20","","","1940","9.80","","9.80","","","","","","","","","26-00106","","","","","",""
"2026/04/10","2026/06/19","","404","à¿ãJëÒíy","","","807","S3883","01","NS1429J","","CNY","","22.70","","","","","µ‘’Àﬁ≥´∞∏","","20","L","","20","","","740","9.80","","9.80","","","","","","","","","26-00106","","","","","",""
"2026/04/10","2026/06/19","","404","à¿ãJëÒíy","","","807","S3883","01","NS1429J","","CNY","","22.70","","","","","µ‘’Àﬁ≥´∞∏","","50","M","","20","","","1340","9.80","","9.80","","","","","","","","","26-00106","","","","","",""
"2026/04/10","2026/06/19","","404","à¿ãJëÒíy","","","807","S3883","01","NS1429J","","CNY","","22.70","","","","","µ‘’Àﬁ≥´∞∏","","50","L","","20","","","840","9.80","","9.80","","","","","","","","","26-00106","","","","","",""
"2026/04/10","2026/06/19","","404","à¿ãJëÒíy","","","807","S3883","01","NS1429J","","CNY","","22.70","","","","","µ‘’Àﬁ≥´∞∏","","80","M","","20","","","6740","9.80","","9.80","","","","","","","","","26-00106","","","","","",""
"2026/04/10","2026/06/19","","404","à¿ãJëÒíy","","","807","S3883","01","NS1429J","","CNY","","22.70","","","","","µ‘’Àﬁ≥´∞∏","","80","L","","20","","","8740","9.80","","9.80","","","","","","","","","26-00106","","","","","",""
"2026/04/10","2026/06/19","","404","à¿ãJëÒíy","","","807","S3883","01","NS1429J","","CNY","","22.70","","","","","µ‘’Àﬁ≥´∞∏","","90","M","","20","","","2540","9.80","","9.80","","","","","","","","","26-00106","","","","","",""
"2026/04/10","2026/06/19","","404","à¿ãJëÒíy","","","807","S3883","01","NS1429J","","CNY","","22.70","","","","","µ‘’Àﬁ≥´∞∏","","90","L","","20","","","2540","9.80","","9.80","","","","","","","","","26-00106","","","","","",""
"2026/04/10","2026/06/19","","404","à¿ãJëÒíy","","","807","S3883","01","NS1431J","","CNY","","22.70","","","","","LC∏€Øº∞EVAª›¿ﬁŸëOï¬Ç∂ïwêl","","90","M","","20","","","3880","18.20","","18.20","","","","","","","","","26-00106","","","","","",""
"2026/04/10","2026/06/19","","404","à¿ãJëÒíy","","","807","S3883","01","NS1431J","","CNY","","22.70","","","","","LC∏€Øº∞EVAª›¿ﬁŸëOï¬Ç∂ïwêl","","90","L","","20","","","3780","18.20","","18.20","","","","","","","","","26-00106","","","","","",""
"2026/04/10","2026/06/19","","404","à¿ãJëÒíy","","","807","S3883","01","NS7641J","","CNY","","22.70","","","","","µ‘’Àﬁ≥´∞∏","","30","M","","20","","","1160","9.80","","9.80","","","","","","","","","26-00106","","","","","",""
"2026/04/10","2026/06/19","","404","à¿ãJëÒíy","","","807","S3883","01","NS7641J","","CNY","","22.70","","","","","µ‘’Àﬁ≥´∞∏","","30","L","","20","","","1360","9.80","","9.80","","","","","","","","","26-00106","","","","","",""
"2026/04/10","2026/06/19","","404","à¿ãJëÒíy","","","807","S3883","01","NS7641J","","CNY","","22.70","","","","","µ‘’Àﬁ≥´∞∏","","80","M","","20","","","1160","9.80","","9.80","","","","","","","","","26-00106","","","","","",""
"2026/04/10","2026/06/19","","404","à¿ãJëÒíy","","","807","S3883","01","NS7641J","","CNY","","22.70","","","","","µ‘’Àﬁ≥´∞∏","","80","L","","20","","","1460","9.80","","9.80","","","","","","","","","26-00106","","","","","",""
"2026/04/10","2026/06/19","","404","à¿ãJëÒíy","","","807","S3883","01","NS7641J","","CNY","","22.70","","","","","µ‘’Àﬁ≥´∞∏","","90","M","","20","","","540","9.80","","9.80","","","","","","","","","26-00106","","","","","",""
"2026/04/10","2026/06/19","","404","à¿ãJëÒíy","","","807","S3883","01","NS7641J","","CNY","","22.70","","","","","µ‘’Àﬁ≥´∞∏","","90","L","","20","","","2340","9.80","","9.80","","","","","","","","","26-00106","","","","","",""
"2026/04/10","2026/06/19","","411","ìÏí ì°ìå","","","807","S3884","01","NS7642F","","CNY","","22.70","","","","","ïùçLÇµÇ»Ç‚∂∞Ÿ","","32","M","","20","","","1180","9.50","","9.50","","","","","","","","","26-00107","","","","","",""
"2026/04/10","2026/06/19","","411","ìÏí ì°ìå","","","807","S3884","01","NS7642F","","CNY","","22.70","","","","","ïùçLÇµÇ»Ç‚∂∞Ÿ","","32","L","","20","","","5080","9.50","","9.50","","","","","","","","","26-00107","","","","","",""
"2026/04/10","2026/06/19","","411","ìÏí ì°ìå","","","807","S3884","01","NS7642F","","CNY","","22.70","","","","","ïùçLÇµÇ»Ç‚∂∞Ÿ","","90","L","","20","","","2080","9.50","","9.50","","","","","","","","","26-00107","","","","","",""
"2026/04/03","2026/05/26","","411","ìÏí ì°ìå","","","017","S3868","01","FD2436F","","CNY","","22.70","","","","","CR ÀﬁΩπØƒøƒ«≤","","11","M","","20","","","600","0.00","","0.00","","","","","","","","","26-00108","","","","","",""
"2026/04/03","2026/05/26","","411","ìÏí ì°ìå","","","017","S3868","01","FD2463F","","CNY","","22.70","","","","","CR π∞∑øƒ«≤","","11","M","","20","","","600","0.00","","0.00","","","","","","","","","26-00108","","","","","",""
"2026/04/03","2026/05/26","","411","ìÏí ì°ìå","","","017","S3868","01","FD2741F","","CNY","","22.70","","","","","CR ÀﬁΩπØƒøƒ«≤","","11","20.0","","20","","","600","0.00","","0.00","","","","","","","","","26-00108","","","","","",""
"2026/04/03","2026/05/26","","411","ìÏí ì°ìå","","","017","S3868","01","FD2744F","","CNY","","22.70","","","","","CR π∞∑øƒ«≤","","11","20.0","","20","","","600","0.00","","0.00","","","","","","","","","26-00108","","","","","",""
"2026/04/03","2026/05/26","","437","êVìÏí ñ{èB","","","017","S3869","01","FD2437V","","CNY","","22.70","","","","","CR ±≤Ω∏ÿ∞—øƒ«≤","","70","M","","20","","","600","0.00","","0.00","","","","","","","","","26-00109","","","","","",""
"2026/04/03","2026/05/26","","437","êVìÏí ñ{èB","","","017","S3869","01","FD2438V","","CNY","","22.70","","","","","CR ∑¨›√ﬁ®øƒ«≤","","70","M","","20","","","600","0.00","","0.00","","","","","","","","","26-00109","","","","","",""
"2026/04/03","2026/05/26","","437","êVìÏí ñ{èB","","","017","S3869","01","FD2742V","","CNY","","22.70","","","","","CR ±≤Ω∏ÿ∞—øƒ«≤","","70","20.0","","20","","","600","0.00","","0.00","","","","","","","","","26-00109","","","","","",""
"2026/04/03","2026/05/26","","437","êVìÏí ñ{èB","","","017","S3869","01","FD2743V","","CNY","","22.70","","","","","CR ∑¨›√ﬁ®øƒ«≤","","70","20.0","","20","","","600","0.00","","0.00","","","","","","","","","26-00109","","","","","",""
"2026/04/08","2026/06/03","","411","ìÏí ì°ìå","","","017","S3871","01","FJ2096F","","CNY","","22.70","","","","","SR º≠∂ﬁ∞ ﬁ∆∞Ωﬁ","","62","M","","20","","","600","19.20","","19.20","","","","","","","","","26-00110","","","","","",""
"2026/04/08","2026/06/09","","437","êVìÏí ñ{èB","","","017","S3870","01","BZ3051V","","CNY","","22.70","","","","","ågë—íËî‘BD","","90","M","","20","","","2000","15.00","","15.00","","","","","","","","","26-00111","","","","","",""
"2026/04/08","2026/07/13","","411","ìÏí ì°ìå","","","017","S3872","01","FJ2095F","","CNY","","22.70","","","","","SR ≥ª ≈","","11","M","","20","","","500","19.20","","19.20","","","","","","","","","26-00112","","","","","",""
"2026/04/08","2026/07/08","","437","êVìÏí ñ{èB","","","017","S3873","01","DH2024V","","CNY","","22.70","","","","","SR∑√®Å@⁄ƒ€ŒﬂØÃﬂ∑√® ≤∂Øƒ","","60","M","","20","","","700","18.00","","18.00","","","","","","","","","26-00113","","","","","",""
"2026/04/08","2026/06/22","","437","êVìÏí ñ{èB","","","017","S3874","01","EH3096V","","CNY","","22.70","","","","","SR ÀÆ≥∂ﬁ◊Ãﬁ◊Ø∏∑√® ≤∂Øƒ","","90","M","","20","","","600","18.60","","18.60","","","","","","","","","26-00114","","","","","",""
"2026/04/08","2026/06/22","","437","êVìÏí ñ{èB","","","017","S3874","01","EH3099V","","CNY","","22.70","","","","","SRæﬁÃﬁ◊Ãﬁ◊Ø∏∑√® ≤∂Øƒ","","90","M","","20","","","600","18.30","","18.30","","","","","","","","","26-00114","","","","","",""
"2026/04/09","2026/07/01","","433","ìÏí å‹êØ","","","010","S3882","01","NE1051L","","US","","161.00","","","","","LC TTT2025","","11","S","","10","","","300","34.83","","34.83","","","","","","","","","26-00115","","","","","",""
"2026/04/09","2026/07/01","","433","ìÏí å‹êØ","","","010","S3882","01","NE1051L","","US","","161.00","","","","","LC TTT2025","","90","S","","10","","","300","34.83","","34.83","","","","","","","","","26-00115","","","","","",""
"2026/04/13","2026/05/15","","437","êVìÏí ñ{èB","","","017","S3885","01","FE2111V","","CNY","","22.70","","","","","CR À≈ÃÿŸ∫›Ã´∞ƒ","","62","00","","0","","","1450","0.00","","0.00","","","","","","","","","26-00116","","","","","",""
"2026/04/13","2026/05/15","","437","êVìÏí ñ{èB","","","017","S3885","01","FE2111V","","CNY","","22.70","","","","","CR À≈ÃÿŸ∫›Ã´∞ƒ","","62","00","","20","","","100","0.00","","0.00","","","","","","","","","26-00116","","","","","",""
"2026/04/13","2026/05/15","","437","êVìÏí ñ{èB","","","017","S3885","01","FE2111V","","CNY","","22.70","","","","","CR À≈ÃÿŸ∫›Ã´∞ƒ","","90","00","","0","","","1450","0.00","","0.00","","","","","","","","","26-00116","","","","","",""
"2026/04/13","2026/05/15","","437","êVìÏí ñ{èB","","","017","S3885","01","FE2111V","","CNY","","22.70","","","","","CR À≈ÃÿŸ∫›Ã´∞ƒ","","90","00","","20","","","100","0.00","","0.00","","","","","","","","","26-00116","","","","","",""
"2026/04/13","2026/05/15","","437","êVìÏí ñ{èB","","","017","S3885","01","FE2112V","","CNY","","22.70","","","","","CR À≈ÿŒﬁ›∫›Ã´∞ƒ","","11","00","","0","","","1450","0.00","","0.00","","","","","","","","","26-00116","","","","","",""
"2026/04/13","2026/05/15","","437","êVìÏí ñ{èB","","","017","S3885","01","FE2112V","","CNY","","22.70","","","","","CR À≈ÿŒﬁ›∫›Ã´∞ƒ","","11","00","","20","","","100","0.00","","0.00","","","","","","","","","26-00116","","","","","",""
"2026/04/13","2026/05/15","","437","êVìÏí ñ{èB","","","017","S3885","01","FE2112V","","CNY","","22.70","","","","","CR À≈ÿŒﬁ›∫›Ã´∞ƒ","","90","00","","0","","","1450","0.00","","0.00","","","","","","","","","26-00116","","","","","",""
"2026/04/13","2026/05/15","","437","êVìÏí ñ{èB","","","017","S3885","01","FE2112V","","CNY","","22.70","","","","","CR À≈ÿŒﬁ›∫›Ã´∞ƒ","","90","00","","20","","","100","0.00","","0.00","","","","","","","","","26-00116","","","","","",""
"2026/04/13","2026/05/27","","437","êVìÏí ñ{èB","","","017","S3886","01","FD2470V","","CNY","","22.70","","","","","CR  ≈∂ﬁ◊øƒ«≤P","","11","M","","0","","","1450","0.00","","0.00","","","","","","","","","26-00117","","","","","",""
"2026/04/13","2026/05/27","","437","êVìÏí ñ{èB","","","017","S3886","01","FD2470V","","CNY","","22.70","","","","","CR  ≈∂ﬁ◊øƒ«≤P","","11","M","","25","","","50","0.00","","0.00","","","","","","","","","26-00117","","","","","",""
"2026/04/13","2026/05/27","","437","êVìÏí ñ{èB","","","017","S3886","01","FD2471V","","CNY","","22.70","","","","","CR  ≈∂ﬁ◊øƒ«≤LB","","31","M","","0","","","1450","0.00","","0.00","","","","","","","","","26-00117","","","","","",""
"2026/04/13","2026/05/27","","437","êVìÏí ñ{èB","","","017","S3886","01","FD2471V","","CNY","","22.70","","","","","CR  ≈∂ﬁ◊øƒ«≤LB","","31","M","","25","","","100","0.00","","0.00","","","","","","","","","26-00117","","","","","",""
"2026/04/13","2026/05/27","","437","êVìÏí ñ{èB","","","017","S3886","01","FD2472V","","CNY","","22.70","","","","","CR ºº≠≥øƒ«≤","","11","M","","0","","","1450","0.00","","0.00","","","","","","","","","26-00117","","","","","",""
"2026/04/13","2026/05/27","","437","êVìÏí ñ{èB","","","017","S3886","01","FD2472V","","CNY","","22.70","","","","","CR ºº≠≥øƒ«≤","","11","M","","25","","","50","0.00","","0.00","","","","","","","","","26-00117","","","","","",""
"2026/04/13","2026/05/27","","437","êVìÏí ñ{èB","","","017","S3886","01","FD2472V","","CNY","","22.70","","","","","CR ºº≠≥øƒ«≤","","61","M","","0","","","1450","0.00","","0.00","","","","","","","","","26-00117","","","","","",""
"2026/04/13","2026/05/27","","437","êVìÏí ñ{èB","","","017","S3886","01","FD2472V","","CNY","","22.70","","","","","CR ºº≠≥øƒ«≤","","61","M","","25","","","50","0.00","","0.00","","","","","","","","","26-00117","","","","","",""
"2026/04/14","2026/06/04","","437","êVìÏí ñ{èB","","","017","S3887","01","FE2113V","","CNY","","22.70","","","","","SK”›¡Ø¡¡¨¿π¡™Ø∏R","","10","M","","0","","","3000","0.00","","0.00","","","","","","","","","26-00118","","","","","",""
"2026/04/14","2026/06/04","","437","êVìÏí ñ{èB","","","017","S3887","01","FE2113V","","CNY","","22.70","","","","","SK”›¡Ø¡¡¨¿π¡™Ø∏R","","10","M","","20","","","300","0.00","","0.00","","","","","","","","","26-00118","","","","","",""
"2026/04/14","2026/06/04","","437","êVìÏí ñ{èB","","","017","S3887","01","FE2114V","","CNY","","22.70","","","","","SK”›¡Ø¡¡¨¿π¡™Ø∏LB","","31","M","","0","","","3000","0.00","","0.00","","","","","","","","","26-00118","","","","","",""
"2026/04/14","2026/06/04","","437","êVìÏí ñ{èB","","","017","S3887","01","FE2114V","","CNY","","22.70","","","","","SK”›¡Ø¡¡¨¿π¡™Ø∏LB","","31","M","","20","","","300","0.00","","0.00","","","","","","","","","26-00118","","","","","",""
"2026/04/16","2026/07/18","","437","êVìÏí ñ{èB","","","007","","01","DD3040V","","CNY","","22.70","","","","","BO◊∏ﬁ±≥ƒÅ@Ãß∞∏€Ω ﬁ›ƒﬁ","","11","M","","0","","","325","16.30","","16.30","","","","","","","","","26-00119","","","","","",""
"2026/04/16","2026/07/18","","437","êVìÏí ñ{èB","","","017","","01","DD3040V","","CNY","","22.70","","","","","BO◊∏ﬁ±≥ƒÅ@Ãß∞∏€Ω ﬁ›ƒﬁ","","11","M","","25","","","475","16.30","","16.30","","","","","","","","","26-00119","","","","","",""
"2026/04/16","2026/07/18","","437","êVìÏí ñ{èB","","","007","","01","DD3040V","","CNY","","22.70","","","","","BO◊∏ﬁ±≥ƒÅ@Ãß∞∏€Ω ﬁ›ƒﬁ","","30","M","","0","","","325","16.30","","16.30","","","","","","","","","26-00119","","","","","",""
"2026/04/16","2026/07/18","","437","êVìÏí ñ{èB","","","017","","01","DD3040V","","CNY","","22.70","","","","","BO◊∏ﬁ±≥ƒÅ@Ãß∞∏€Ω ﬁ›ƒﬁ","","30","M","","25","","","175","16.30","","16.30","","","","","","","","","26-00119","","","","","",""
"2026/04/16","2026/07/18","","437","êVìÏí ñ{èB","","","007","","01","DD3040V","","CNY","","22.70","","","","","BO◊∏ﬁ±≥ƒÅ@Ãß∞∏€Ω ﬁ›ƒﬁ","","60","M","","0","","","325","16.30","","16.30","","","","","","","","","26-00119","","","","","",""
"2026/04/16","2026/07/18","","437","êVìÏí ñ{èB","","","017","","01","DD3040V","","CNY","","22.70","","","","","BO◊∏ﬁ±≥ƒÅ@Ãß∞∏€Ω ﬁ›ƒﬁ","","60","M","","25","","","275","16.30","","16.30","","","","","","","","","26-00119","","","","","",""
"2026/04/16","2026/07/18","","437","êVìÏí ñ{èB","","","007","","01","DD3040V","","CNY","","22.70","","","","","BO◊∏ﬁ±≥ƒÅ@Ãß∞∏€Ω ﬁ›ƒﬁ","","80","M","","0","","","325","16.30","","16.30","","","","","","","","","26-00119","","","","","",""
"2026/04/16","2026/07/18","","437","êVìÏí ñ{èB","","","017","","01","DD3040V","","CNY","","22.70","","","","","BO◊∏ﬁ±≥ƒÅ@Ãß∞∏€Ω ﬁ›ƒﬁ","","80","M","","25","","","475","16.30","","16.30","","","","","","","","","26-00119","","","","","",""
"2026/04/16","2026/07/18","","437","êVìÏí ñ{èB","","","007","","01","DD3040V","","CNY","","22.70","","","","","BO◊∏ﬁ±≥ƒÅ@Ãß∞∏€Ω ﬁ›ƒﬁ","","82","M","","0","","","325","16.30","","16.30","","","","","","","","","26-00119","","","","","",""
"2026/04/16","2026/07/18","","437","êVìÏí ñ{èB","","","017","","01","DD3040V","","CNY","","22.70","","","","","BO◊∏ﬁ±≥ƒÅ@Ãß∞∏€Ω ﬁ›ƒﬁ","","82","M","","25","","","175","16.30","","16.30","","","","","","","","","26-00119","","","","","",""
"2026/04/16","2026/07/18","","437","êVìÏí ñ{èB","","","007","","01","DD3040V","","CNY","","22.70","","","","","BO◊∏ﬁ±≥ƒÅ@Ãß∞∏€Ω ﬁ›ƒﬁ","","90","M","","0","","","325","16.30","","16.30","","","","","","","","","26-00119","","","","","",""
"2026/04/16","2026/07/18","","437","êVìÏí ñ{èB","","","017","","01","DD3040V","","CNY","","22.70","","","","","BO◊∏ﬁ±≥ƒÅ@Ãß∞∏€Ω ﬁ›ƒﬁ","","90","M","","25","","","275","16.30","","16.30","","","","","","","","","26-00119","","","","","",""
"2026/04/16","2026/07/18","","437","êVìÏí ñ{èB","","","007","","01","DH3018V","","CNY","","22.70","","","","","BO◊∏ﬁ±≥ƒ  ﬂ∞Ÿ¬∑ ≤∂Øƒ","","80","M","","0","","","325","19.75","","19.75","","","","","","","","","26-00119","","","","","",""
"2026/04/16","2026/07/18","","437","êVìÏí ñ{èB","","","017","","01","DH3018V","","CNY","","22.70","","","","","BO◊∏ﬁ±≥ƒ  ﬂ∞Ÿ¬∑ ≤∂Øƒ","","80","M","","25","","","25","19.75","","19.75","","","","","","","","","26-00119","","","","","",""
"2026/04/16","2026/07/18","","437","êVìÏí ñ{èB","","","007","","01","DH3018V","","CNY","","22.70","","","","","BO◊∏ﬁ±≥ƒ  ﬂ∞Ÿ¬∑ ≤∂Øƒ","","90","M","","0","","","325","19.75","","19.75","","","","","","","","","26-00119","","","","","",""
"2026/04/16","2026/07/18","","437","êVìÏí ñ{èB","","","017","","01","DH3018V","","CNY","","22.70","","","","","BO◊∏ﬁ±≥ƒ  ﬂ∞Ÿ¬∑ ≤∂Øƒ","","90","M","","25","","","75","19.75","","19.75","","","","","","","","","26-00119","","","","","",""
"2026/04/16","2026/07/18","","437","êVìÏí ñ{èB","","","007","","01","EE3013V","","CNY","","22.70","","","","","BO◊∏ﬁ±≥ƒ  ﬂ∞Ÿ¡≠∞Ÿ∫›Ã´∞ƒ","","90","M","","0","","","325","18.80","","18.80","","","","","","","","","26-00119","","","","","",""
"2026/04/16","2026/07/18","","437","êVìÏí ñ{èB","","","017","","01","EE3013V","","CNY","","22.70","","","","","BO◊∏ﬁ±≥ƒ  ﬂ∞Ÿ¡≠∞Ÿ∫›Ã´∞ƒ","","90","M","","25","","","175","18.80","","18.80","","","","","","","","","26-00119","","","","","",""
"2026/04/16","2026/07/18","","437","êVìÏí ñ{èB","","","007","","01","EE3014V","","CNY","","22.70","","","","","BO◊∏ﬁ±≥ƒ Œﬁ±¬≤∞ƒﬁÿŒﬁ›","","90","M","","0","","","325","20.10","","20.10","","","","","","","","","26-00119","","","","","",""
"2026/04/16","2026/07/18","","437","êVìÏí ñ{èB","","","017","","01","EE3014V","","CNY","","22.70","","","","","BO◊∏ﬁ±≥ƒ Œﬁ±¬≤∞ƒﬁÿŒﬁ›","","90","M","","25","","","175","20.10","","20.10","","","","","","","","","26-00119","","","","","",""
"2026/04/16","2026/07/18","","437","êVìÏí ñ{èB","","","007","","01","EH3047V","","CNY","","22.70","","","","","∏€Ω ﬁ›ƒﬁ≥ºïø ﬂ›¿","","40","M","","0","","","325","16.05","","16.05","","","","","","","","","26-00119","","","","","",""
"2026/04/16","2026/07/18","","437","êVìÏí ñ{èB","","","017","","01","EH3047V","","CNY","","22.70","","","","","∏€Ω ﬁ›ƒﬁ≥ºïø ﬂ›¿","","40","M","","25","","","75","16.05","","16.05","","","","","","","","","26-00119","","","","","",""
"2026/04/16","2026/07/18","","437","êVìÏí ñ{èB","","","007","","01","EH3047V","","CNY","","22.70","","","","","∏€Ω ﬁ›ƒﬁ≥ºïø ﬂ›¿","","62","M","","0","","","325","16.05","","16.05","","","","","","","","","26-00119","","","","","",""
"2026/04/16","2026/07/18","","437","êVìÏí ñ{èB","","","017","","01","EH3047V","","CNY","","22.70","","","","","∏€Ω ﬁ›ƒﬁ≥ºïø ﬂ›¿","","62","M","","25","","","275","16.05","","16.05","","","","","","","","","26-00119","","","","","",""
"2026/04/16","2026/07/18","","437","êVìÏí ñ{èB","","","007","","01","EH3047V","","CNY","","22.70","","","","","∏€Ω ﬁ›ƒﬁ≥ºïø ﬂ›¿","","90","M","","0","","","325","16.05","","16.05","","","","","","","","","26-00119","","","","","",""
"2026/04/16","2026/07/18","","437","êVìÏí ñ{èB","","","017","","01","EH3047V","","CNY","","22.70","","","","","∏€Ω ﬁ›ƒﬁ≥ºïø ﬂ›¿","","90","M","","25","","","275","16.05","","16.05","","","","","","","","","26-00119","","","","","",""
"2026/04/16","2026/07/18","","437","êVìÏí ñ{èB","","","007","","01","EH3055V","","CNY","","22.70","","","","","BO◊∏ﬁ±≥ƒ Ãß∞ÿŒﬁ› ≤∂Øƒ","","90","M","","0","","","325","17.95","","17.95","","","","","","","","","26-00119","","","","","",""
"2026/04/16","2026/07/18","","437","êVìÏí ñ{èB","","","017","","01","EH3055V","","CNY","","22.70","","","","","BO◊∏ﬁ±≥ƒ Ãß∞ÿŒﬁ› ≤∂Øƒ","","90","M","","25","","","175","17.95","","17.95","","","","","","","","","26-00119","","","","","",""
"2026/04/16","2026/07/18","","437","êVìÏí ñ{èB","","","007","","01","EH3103V","","CNY","","22.70","","","","","∏€Ω ﬁ›ƒﬁÀÆ≥ïø ﬂ›¿","","11","M","","0","","","325","16.10","","16.10","","","","","","","","","26-00119","","","","","",""
"2026/04/16","2026/07/18","","437","êVìÏí ñ{èB","","","017","","01","EH3103V","","CNY","","22.70","","","","","∏€Ω ﬁ›ƒﬁÀÆ≥ïø ﬂ›¿","","11","M","","25","","","475","16.10","","16.10","","","","","","","","","26-00119","","","","","",""
"2026/04/16","2026/07/18","","437","êVìÏí ñ{èB","","","007","","01","FE3006V","","CNY","","22.70","","","","","Œﬁÿ≠∞—Ãß∞ëOäJ∫›Ã´","","11","M","","0","","","325","19.95","","19.95","","","","","","","","","26-00119","","","","","",""
"2026/04/16","2026/07/18","","437","êVìÏí ñ{èB","","","017","","01","FE3006V","","CNY","","22.70","","","","","Œﬁÿ≠∞—Ãß∞ëOäJ∫›Ã´","","11","M","","25","","","175","19.95","","19.95","","","","","","","","","26-00119","","","","","",""
"2026/04/16","2026/07/18","","437","êVìÏí ñ{èB","","","007","","01","FE3006V","","CNY","","22.70","","","","","Œﬁÿ≠∞—Ãß∞ëOäJ∫›Ã´","","80","M","","0","","","325","19.95","","19.95","","","","","","","","","26-00119","","","","","",""
"2026/04/16","2026/07/18","","437","êVìÏí ñ{èB","","","017","","01","FE3006V","","CNY","","22.70","","","","","Œﬁÿ≠∞—Ãß∞ëOäJ∫›Ã´","","80","M","","25","","","175","19.95","","19.95","","","","","","","","","26-00119","","","","","",""
"2026/04/16","2026/07/18","","437","êVìÏí ñ{èB","","","007","","01","FE3006V","","CNY","","22.70","","","","","Œﬁÿ≠∞—Ãß∞ëOäJ∫›Ã´","","90","M","","0","","","325","19.95","","19.95","","","","","","","","","26-00119","","","","","",""
"2026/04/16","2026/07/18","","437","êVìÏí ñ{èB","","","017","","01","FE3006V","","CNY","","22.70","","","","","Œﬁÿ≠∞—Ãß∞ëOäJ∫›Ã´","","90","M","","25","","","75","19.95","","19.95","","","","","","","","","26-00119","","","","","",""
"2026/04/16","2026/07/18","","437","êVìÏí ñ{èB","","","007","","01","FE3007V","","CNY","","22.70","","","","","Œﬁÿ≠∞—Ãß∞∏€ΩÀÆ≥GR","","80","M","","0","","","325","19.20","","19.20","","","","","","","","","26-00119","","","","","",""
"2026/04/16","2026/07/18","","437","êVìÏí ñ{èB","","","017","","01","FE3007V","","CNY","","22.70","","","","","Œﬁÿ≠∞—Ãß∞∏€ΩÀÆ≥GR","","80","M","","25","","","175","19.20","","19.20","","","","","","","","","26-00119","","","","","",""
"2026/04/16","2026/07/18","","437","êVìÏí ñ{èB","","","007","","01","FE3008V","","CNY","","22.70","","","","","Œﬁÿ≠∞—Ãß∞∏€ΩÀÆ≥P","","11","M","","0","","","325","17.80","","17.80","","","","","","","","","26-00119","","","","","",""
"2026/04/16","2026/07/18","","437","êVìÏí ñ{èB","","","017","","01","FE3008V","","CNY","","22.70","","","","","Œﬁÿ≠∞—Ãß∞∏€ΩÀÆ≥P","","11","M","","25","","","375","17.80","","17.80","","","","","","","","","26-00119","","","","","",""
"2026/04/16","2026/07/18","","437","êVìÏí ñ{èB","","","007","","01","FE3009V","","CNY","","22.70","","","","","¿ﬁÃﬁŸ∏€Ω ﬁ›ƒﬁ—ºﬁ","","11","M","","0","","","325","0.00","","0.00","","","","","","","","","26-00119","","","","","",""
"2026/04/16","2026/07/18","","437","êVìÏí ñ{èB","","","017","","01","FE3009V","","CNY","","22.70","","","","","¿ﬁÃﬁŸ∏€Ω ﬁ›ƒﬁ—ºﬁ","","11","M","","25","","","175","0.00","","0.00","","","","","","","","","26-00119","","","","","",""
"2026/04/16","2026/07/18","","437","êVìÏí ñ{èB","","","007","","01","FE3009V","","CNY","","22.70","","","","","¿ﬁÃﬁŸ∏€Ω ﬁ›ƒﬁ—ºﬁ","","80","M","","0","","","325","0.00","","0.00","","","","","","","","","26-00119","","","","","",""
"2026/04/16","2026/07/18","","437","êVìÏí ñ{èB","","","017","","01","FE3009V","","CNY","","22.70","","","","","¿ﬁÃﬁŸ∏€Ω ﬁ›ƒﬁ—ºﬁ","","80","M","","25","","","175","0.00","","0.00","","","","","","","","","26-00119","","","","","",""
"2026/04/16","2026/07/18","","437","êVìÏí ñ{èB","","","007","","01","FE3009V","","CNY","","22.70","","","","","¿ﬁÃﬁŸ∏€Ω ﬁ›ƒﬁ—ºﬁ","","90","M","","0","","","325","0.00","","0.00","","","","","","","","","26-00119","","","","","",""
"2026/04/16","2026/07/18","","437","êVìÏí ñ{èB","","","017","","01","FE3009V","","CNY","","22.70","","","","","¿ﬁÃﬁŸ∏€Ω ﬁ›ƒﬁ—ºﬁ","","90","M","","25","","","75","0.00","","0.00","","","","","","","","","26-00119","","","","","",""
"2026/04/16","2026/07/18","","437","êVìÏí ñ{èB","","","007","","01","FH3044V","","CNY","","22.70","","","","","∏€Ω ﬁ›ƒﬁæﬁÃﬁ◊ïø ﬂ›¿","","90","M","","0","","","325","17.80","","17.80","","","","","","","","","26-00119","","","","","",""
"2026/04/16","2026/07/18","","437","êVìÏí ñ{èB","","","017","","01","FH3044V","","CNY","","22.70","","","","","∏€Ω ﬁ›ƒﬁæﬁÃﬁ◊ïø ﬂ›¿","","90","M","","25","","","475","17.80","","17.80","","","","","","","","","26-00119","","","","","",""
"2026/04/16","2026/07/18","","437","êVìÏí ñ{èB","","","007","","01","FH3045V","","CNY","","22.70","","","","","∏€Ω ﬁ›ƒﬁÀÆ≥ïø ﬂ›¿","","40","M","","0","","","325","16.80","","16.80","","","","","","","","","26-00119","","","","","",""
"2026/04/16","2026/07/18","","437","êVìÏí ñ{èB","","","017","","01","FH3045V","","CNY","","22.70","","","","","∏€Ω ﬁ›ƒﬁÀÆ≥ïø ﬂ›¿","","40","M","","25","","","175","16.80","","16.80","","","","","","","","","26-00119","","","","","",""
"2026/04/16","2026/07/18","","437","êVìÏí ñ{èB","","","007","","01","FH3045V","","CNY","","22.70","","","","","∏€Ω ﬁ›ƒﬁÀÆ≥ïø ﬂ›¿","","60","M","","0","","","325","16.80","","16.80","","","","","","","","","26-00119","","","","","",""
"2026/04/16","2026/07/18","","437","êVìÏí ñ{èB","","","017","","01","FH3045V","","CNY","","22.70","","","","","∏€Ω ﬁ›ƒﬁÀÆ≥ïø ﬂ›¿","","60","M","","25","","","175","16.80","","16.80","","","","","","","","","26-00119","","","","","",""
"2026/04/16","2026/07/18","","437","êVìÏí ñ{èB","","","007","","01","FH3046V","","CNY","","22.70","","","","","BO◊∏ﬁ±≥ƒŒﬁÿ≠∞—Ãß∞ ≤∂Øƒ","","11","M","","0","","","325","19.75","","19.75","","","","","","","","","26-00119","","","","","",""
"2026/04/16","2026/07/18","","437","êVìÏí ñ{èB","","","017","","01","FH3046V","","CNY","","22.70","","","","","BO◊∏ﬁ±≥ƒŒﬁÿ≠∞—Ãß∞ ≤∂Øƒ","","11","M","","25","","","375","19.75","","19.75","","","","","","","","","26-00119","","","","","",""
"2026/04/16","2026/07/18","","437","êVìÏí ñ{èB","","","007","","01","FH3046V","","CNY","","22.70","","","","","BO◊∏ﬁ±≥ƒŒﬁÿ≠∞—Ãß∞ ≤∂Øƒ","","60","M","","0","","","325","19.75","","19.75","","","","","","","","","26-00119","","","","","",""
"2026/04/16","2026/07/18","","437","êVìÏí ñ{èB","","","017","","01","FH3046V","","CNY","","22.70","","","","","BO◊∏ﬁ±≥ƒŒﬁÿ≠∞—Ãß∞ ≤∂Øƒ","","60","M","","25","","","175","19.75","","19.75","","","","","","","","","26-00119","","","","","",""
"2026/04/16","2026/07/18","","437","êVìÏí ñ{èB","","","007","","01","FH3046V","","CNY","","22.70","","","","","BO◊∏ﬁ±≥ƒŒﬁÿ≠∞—Ãß∞ ≤∂Øƒ","","80","M","","0","","","325","19.75","","19.75","","","","","","","","","26-00119","","","","","",""
"2026/04/16","2026/07/18","","437","êVìÏí ñ{èB","","","017","","01","FH3046V","","CNY","","22.70","","","","","BO◊∏ﬁ±≥ƒŒﬁÿ≠∞—Ãß∞ ≤∂Øƒ","","80","M","","25","","","375","19.75","","19.75","","","","","","","","","26-00119","","","","","",""
"2026/04/16","2026/07/18","","437","êVìÏí ñ{èB","","","007","","01","FH3046V","","CNY","","22.70","","","","","BO◊∏ﬁ±≥ƒŒﬁÿ≠∞—Ãß∞ ≤∂Øƒ","","90","M","","0","","","325","19.75","","19.75","","","","","","","","","26-00119","","","","","",""
"2026/04/16","2026/07/18","","437","êVìÏí ñ{èB","","","017","","01","FH3046V","","CNY","","22.70","","","","","BO◊∏ﬁ±≥ƒŒﬁÿ≠∞—Ãß∞ ≤∂Øƒ","","90","M","","25","","","175","19.75","","19.75","","","","","","","","","26-00119","","","","","",""
"2026/04/16","2026/07/18","","437","êVìÏí ñ{èB","","","007","","01","FH3048V","","CNY","","22.70","","","","","BOÃß∞W ﬁ›ƒﬁ ﬂ›¿","","80","M","","0","","","325","0.00","","0.00","","","","","","","","","26-00119","","","","","",""
"2026/04/16","2026/07/18","","437","êVìÏí ñ{èB","","","017","","01","FH3048V","","CNY","","22.70","","","","","BOÃß∞W ﬁ›ƒﬁ ﬂ›¿","","80","M","","25","","","75","0.00","","0.00","","","","","","","","","26-00119","","","","","",""
"2026/04/16","2026/07/18","","437","êVìÏí ñ{èB","","","007","","01","FH3048V","","CNY","","22.70","","","","","BOÃß∞W ﬁ›ƒﬁ ﬂ›¿","","90","M","","0","","","325","0.00","","0.00","","","","","","","","","26-00119","","","","","",""
"2026/04/16","2026/07/18","","437","êVìÏí ñ{èB","","","017","","01","FH3048V","","CNY","","22.70","","","","","BOÃß∞W ﬁ›ƒﬁ ﬂ›¿","","90","M","","25","","","75","0.00","","0.00","","","","","","","","","26-00119","","","","","",""
